A0A024RBG1,NUD4B_HUMAN
A0A075B6I1,LV460_HUMAN
A0A087WVF3,TBC3D_HUMAN
A0A087WWA1,P3URF_HUMAN
A0A087WXM9,MEIKN_HUMAN
A0A087WXS9,TBC3I_HUMAN
A0A087X179,TBC3E_HUMAN
A0A087X1G2,TBC3K_HUMAN
A0A096LP49,CC187_HUMAN
A0A0A6YYL3,POTEB_HUMAN
A0A0B4J2D5,GAL3B_HUMAN
A0A0B4J2F2,SIK1B_HUMAN
A0A0J9YWL9,TX13C_HUMAN
A0A0J9YXQ4,PMA6E_HUMAN
A0A0J9YY54,TX13D_HUMAN
A0A0K2S4Q6,CD3CH_HUMAN
A0A0U1RQF7,DP2NB_HUMAN
A0A0U1RQI7,KLF18_HUMAN
A0A0U1RQS6,TM275_HUMAN
A0A0U1RR11,CENL1_HUMAN
A0A0U1RR37,CA232_HUMAN
A0A0U1RRE5,NBDY_HUMAN
A0A0U1RRK4,LBHD2_HUMAN
A0A0U1RRL7,MMPOS_HUMAN
A0A1B0GTD5,TEX49_HUMAN
A0A1B0GTH6,CS2IP_HUMAN
A0A1B0GTI1,CC201_HUMAN
A0A1B0GTL2,CT204_HUMAN
A0A1B0GTR0,EDD13_HUMAN
A0A1B0GTS1,HSFX4_HUMAN
A0A1B0GTU1,ZC11B_HUMAN
A0A1B0GTW7,LMLN2_HUMAN
A0A1B0GTZ2,CC196_HUMAN
A0A1B0GU29,SIM28_HUMAN
A0A1B0GU33,TEX53_HUMAN
A0A1B0GUA5,SIM32_HUMAN
A0A1B0GUA6,CC195_HUMAN
A0A1B0GUA9,CM046_HUMAN
A0A1B0GUJ8,PNM8C_HUMAN
A0A1B0GUS0,CS085_HUMAN
A0A1B0GUT2,CJ143_HUMAN
A0A1B0GUV7,TEX48_HUMAN
A0A1B0GUW6,SPEM3_HUMAN
A0A1B0GUX0,VAFNB_HUMAN
A0A1B0GUY1,MRCOL_HUMAN
A0A1B0GV85,RELD1_HUMAN
A0A1B0GV90,CTXD2_HUMAN
A0A1B0GVG4,CC194_HUMAN
A0A1B0GVG6,TEX54_HUMAN
A0A1B0GVH6,CM042_HUMAN
A0A1B0GVH7,IQCM_HUMAN
A0A1B0GVM6,CK097_HUMAN
A0A1B0GVN3,CB092_HUMAN
A0A1B0GVQ3,CC200_HUMAN
A0A1B0GVS7,MDFI2_HUMAN
A0A1B0GVY4,SIM31_HUMAN
A0A1B0GVZ6,MB3LB_HUMAN
A0A1B0GW64,SIM33_HUMAN
A0A1B0GWB2,PRT1B_HUMAN
A0A1B0GWG4,SRTM2_HUMAN
A0A1B0GWH4,HSFX3_HUMAN
A0A1W2PP97,THSD8_HUMAN
A0A1W2PPF3,DUXB_HUMAN
A0A1W2PPM1,CPHXL_HUMAN
A0A1W2PQ73,ERFL_HUMAN
A0A1W2PR48,TLE7_HUMAN
A0A1W2PR82,PERC1_HUMAN
A0A1W2PS18,PMIS2_HUMAN
A0A286YF01,SCGR7_HUMAN
A0A286YF58,TM271_HUMAN
A0A286YF60,SCGR3_HUMAN
A0A286YF77,SCGR6_HUMAN
A0A2R8YCJ5,SIM41_HUMAN
A0A2Z4LIS9,FXO3B_HUMAN
A0AUZ9,KAL1L_HUMAN
A0AV02,S12A8_HUMAN
A0AVI2,FR1L5_HUMAN
A0AVK6,E2F8_HUMAN
A0AVT1,UBA6_HUMAN
A0FGR9,ESYT3_HUMAN
A0JNW5,UH1BL_HUMAN
A0JP26,POTB3_HUMAN
A0MZ66,SHOT1_HUMAN
A0PG75,PLS5_HUMAN
A0PJW8,DAPL1_HUMAN
A0PJX2,TLDC2_HUMAN
A0PJX4,SHSA3_HUMAN
A0PJY2,FEZF1_HUMAN
A0PJZ3,GXLT2_HUMAN
A0PK05,TMM72_HUMAN
A1A4G5,LNP1_HUMAN
A1A4S6,RHG10_HUMAN
A1A4V9,CC189_HUMAN
A1A519,F170A_HUMAN
A1A5B4,ANO9_HUMAN
A1A5C7,S22AN_HUMAN
A1A5D9,BICL2_HUMAN
A1E959,ODAM_HUMAN
A1KXE4,F168B_HUMAN
A1KZ92,PXDNL_HUMAN
A1L020,MEX3A_HUMAN
A1L0T0,ILVBL_HUMAN
A1L162,ERIC2_HUMAN
A1L170,CA226_HUMAN
A1L390,PKHG3_HUMAN
A1L429,GG12C_HUMAN
A1L443,NTM2F_HUMAN
A1L453,PRS38_HUMAN
A1L4H1,SRCRL_HUMAN
A1L4K1,FSD2_HUMAN
A1L4L8,PL8L1_HUMAN
A1X283,SPD2B_HUMAN
A1XBS5,FA92A_HUMAN
A1YPR0,ZBT7C_HUMAN
A1Z1Q3,MACD2_HUMAN
A2A288,ZC12D_HUMAN
A2A2V5,SRTM1_HUMAN
A2A2Y4,FRMD3_HUMAN
A2A2Z9,AN18B_HUMAN
A2A368,MAGBG_HUMAN
A2A3K4,PTPC1_HUMAN
A2A3L6,TTC24_HUMAN
A2AJT9,BCLA3_HUMAN
A2CJ06,DYTN_HUMAN
A2IDD5,CCD78_HUMAN
A2PYH4,HFM1_HUMAN
A2RRP1,NBAS_HUMAN
A2RTX5,SYTC2_HUMAN
A2RU30,TESP1_HUMAN
A2RU54,HMX2_HUMAN
A2RU67,F234B_HUMAN
A2RUB1,MEIOC_HUMAN
A2RUB6,CCD66_HUMAN
A2RUS2,DEND3_HUMAN
A2VCK2,DCD2B_HUMAN
A2VDJ0,T131L_HUMAN
A3KMH1,VWA8_HUMAN
A3KN83,SBNO1_HUMAN
A4D0V7,CPED1_HUMAN
A4D126,ISPD_HUMAN
A4D161,F221A_HUMAN
A4D1E1,Z804B_HUMAN
A4D1E9,GTPBA_HUMAN
A4D1F6,LRRD1_HUMAN
A4D1P6,WDR91_HUMAN
A4D1S0,KLRG2_HUMAN
A4D1U4,DEN11_HUMAN
A4D256,CC14C_HUMAN
A4D263,SPT48_HUMAN
A4D2H0,CTGEF_HUMAN
A4D2P6,GRD2I_HUMAN
A4FU01,MTMRB_HUMAN
A4FU28,CTGE9_HUMAN
A4FU69,EFCB5_HUMAN
A4GXA9,EME2_HUMAN
A4IF30,S35F4_HUMAN
A4QMS7,CE049_HUMAN
A4UGR9,XIRP2_HUMAN
A5D8V6,VP37C_HUMAN
A5D8V7,CC151_HUMAN
A5LHX3,PSB11_HUMAN
A5PKW4,PSD1_HUMAN
A5PL33,KRBA1_HUMAN
A5PLK6,RGSL_HUMAN
A5PLL1,AN34B_HUMAN
A5PLL7,TM189_HUMAN
A5PLN7,F149A_HUMAN
A5X5Y0,5HT3E_HUMAN
A5YKK6,CNOT1_HUMAN
A5YM69,ARG35_HUMAN
A6BM72,MEG11_HUMAN
A6H8Y1,BDP1_HUMAN
A6H8Z2,F221B_HUMAN
A6NC57,ANR62_HUMAN
A6NC98,CC88B_HUMAN
A6NCC3,GOG8O_HUMAN
A6NCI4,VWA3A_HUMAN
A6NCI8,CB078_HUMAN
A6NCL1,GEMC1_HUMAN
A6NCL2,LRCL1_HUMAN
A6NCL7,AN33B_HUMAN
A6NCM1,IQCAL_HUMAN
A6NCQ9,RN222_HUMAN
A6NCS4,NKX26_HUMAN
A6NCS6,CB072_HUMAN
A6NCW0,U17L3_HUMAN
A6NCW7,U17L4_HUMAN
A6ND36,FA83G_HUMAN
A6NDA9,LRIT2_HUMAN
A6NDB9,PALM3_HUMAN
A6NDD5,SYN1L_HUMAN
A6NDE4,RBY1B_HUMAN
A6NDE8,GG12H_HUMAN
A6NDK9,GOG6C_HUMAN
A6NDN3,GOG6B_HUMAN
A6NDS4,TBC3B_HUMAN
A6NDV4,TMM8B_HUMAN
A6NDY0,EPAB2_HUMAN
A6NDY2,F90AA_HUMAN
A6NDZ8,MB3L4_HUMAN
A6NE01,F186A_HUMAN
A6NE21,F90AI_HUMAN
A6NE52,WDR97_HUMAN
A6NE82,MB3L3_HUMAN
A6NEE1,PLHD1_HUMAN
A6NEH6,TM247_HUMAN
A6NEL2,SWAHB_HUMAN
A6NEN9,CX065_HUMAN
A6NEQ0,RBY1E_HUMAN
A6NEQ2,F181B_HUMAN
A6NEV1,PR23A_HUMAN
A6NEW6,F90AG_HUMAN
A6NF34,ANTRL_HUMAN
A6NF83,NUPR2_HUMAN
A6NFA0,F205C_HUMAN
A6NFA1,TIKI2_HUMAN
A6NFD8,HELT_HUMAN
A6NFE2,SMCO2_HUMAN
A6NFI3,ZN316_HUMAN
A6NFK2,GRCR2_HUMAN
A6NFN3,RFOX3_HUMAN
A6NFN9,ANKUB_HUMAN
A6NFQ7,DPRX_HUMAN
A6NFX1,MFS2B_HUMAN
A6NFY7,SDHF1_HUMAN
A6NFZ4,FA24A_HUMAN
A6NGA9,TM202_HUMAN
A6NGB7,TM221_HUMAN
A6NGB9,WIPF3_HUMAN
A6NGC4,TLCD2_HUMAN
A6NGD5,ZSA5C_HUMAN
A6NGE4,DC8L1_HUMAN
A6NGG8,PCARE_HUMAN
A6NGQ2,OOEP_HUMAN
A6NGR9,MROH6_HUMAN
A6NGS2,ERIC4_HUMAN
A6NGY1,FRG2C_HUMAN
A6NGY3,CE052_HUMAN
A6NHJ4,ZN860_HUMAN
A6NHN0,OTOL1_HUMAN
A6NHP3,SPE2B_HUMAN
A6NHQ2,FBLL1_HUMAN
A6NHQ4,EPOP_HUMAN
A6NHR9,SMHD1_HUMAN
A6NHS7,MANS4_HUMAN
A6NHT5,HMX3_HUMAN
A6NI15,MSGN1_HUMAN
A6NI28,RHG42_HUMAN
A6NI79,CCD69_HUMAN
A6NI87,CBY3_HUMAN
A6NIH7,U119B_HUMAN
A6NIK2,LR10B_HUMAN
A6NIN4,RN227_HUMAN
A6NIR3,AGAP5_HUMAN
A6NIX2,WTIP_HUMAN
A6NIY4,SPDE5_HUMAN
A6NJ08,MB3L5_HUMAN
A6NJ46,NKX63_HUMAN
A6NJ64,NPIB2_HUMAN
A6NJB7,PRR19_HUMAN
A6NJG2,SWAHD_HUMAN
A6NJG6,ARGFX_HUMAN
A6NJI1,CK086_HUMAN
A6NJI9,LRC72_HUMAN
A6NJJ6,CS067_HUMAN
A6NJL1,ZSA5B_HUMAN
A6NJQ4,F90A8_HUMAN
A6NJT0,UNC4_HUMAN
A6NJW4,LRR3C_HUMAN
A6NJZ7,RIM3C_HUMAN
A6NK53,ZN233_HUMAN
A6NK59,ASB14_HUMAN
A6NK89,RASFA_HUMAN
A6NKB5,PCX2_HUMAN
A6NKC0,F90A7_HUMAN
A6NKC9,SH2D7_HUMAN
A6NKD2,TSPY2_HUMAN
A6NKD9,CC85C_HUMAN
A6NKF2,ARI3C_HUMAN
A6NKF7,TM88B_HUMAN
A6NKG5,RTL1_HUMAN
A6NKL6,T200C_HUMAN
A6NKN8,PC4L1_HUMAN
A6NKP2,D42E2_HUMAN
A6NKU9,SPDE3_HUMAN
A6NKW6,SHL2B_HUMAN
A6NL88,SHSA7_HUMAN
A6NLC5,CC070_HUMAN
A6NLE4,SIM23_HUMAN
A6NLJ0,C2C4B_HUMAN
A6NLU5,VTM2B_HUMAN
A6NLW8,DUXA_HUMAN
A6NLX3,SPDE4_HUMAN
A6NLX4,TM210_HUMAN
A6NM10,AQ12B_HUMAN
A6NM11,L37A2_HUMAN
A6NM28,ZFP92_HUMAN
A6NM62,LRC53_HUMAN
A6NMA1,TR5OS_HUMAN
A6NMB9,FIGL2_HUMAN
A6NMD0,IFM10_HUMAN
A6NMD2,GOG8J_HUMAN
A6NMK8,INY2B_HUMAN
A6NMN3,F170B_HUMAN
A6NMS7,L37A1_HUMAN
A6NMT0,DBX1_HUMAN
A6NMX2,I4E1B_HUMAN
A6NMZ2,SNTAN_HUMAN
A6NMZ7,CO6A6_HUMAN
A6NN14,ZN729_HUMAN
A6NN90,CB081_HUMAN
A6NNA5,DRGX_HUMAN
A6NNE9,MARHB_HUMAN
A6NNJ1,F90A9_HUMAN
A6NNL0,NTM2B_HUMAN
A6NNM3,RIM3B_HUMAN
A6NNM8,TTL13_HUMAN
A6NNP5,CC169_HUMAN
A6NNT2,CP096_HUMAN
A6NNW6,ENO4_HUMAN
A6NP61,ZAR1L_HUMAN
A6PVL3,KNCN_HUMAN
A6PVS8,LRIQ3_HUMAN
A6PVY3,F177B_HUMAN
A6QL63,BTBDB_HUMAN
A6XGL0,YJEN3_HUMAN
A7E2F4,GOG8A_HUMAN
A7E2S9,A30BL_HUMAN
A7E2V4,ZSWM8_HUMAN
A7KAX9,RHG32_HUMAN
A7MBM2,DISP2_HUMAN
A7MCY6,TBKB1_HUMAN
A7MD48,SRRM4_HUMAN
A7XYQ1,SOBP_HUMAN
A8CG34,P121C_HUMAN
A8K0R7,ZN839_HUMAN
A8K0Z3,WASH1_HUMAN
A8K5M9,CO062_HUMAN
A8K830,COLC2_HUMAN
A8K855,EFCB7_HUMAN
A8K8P3,SFI1_HUMAN
A8K8V0,ZN785_HUMAN
A8K979,ERI2_HUMAN
A8MPX8,PP2D1_HUMAN
A8MPY1,GBRR3_HUMAN
A8MQ03,CRTP1_HUMAN
A8MQ14,ZN850_HUMAN
A8MQ27,NEU1B_HUMAN
A8MQT2,GOG8B_HUMAN
A8MT33,SYC1L_HUMAN
A8MT65,ZN891_HUMAN
A8MT70,ZBBX_HUMAN
A8MTA8,F166B_HUMAN
A8MTJ6,FOXI3_HUMAN
A8MTL3,R212B_HUMAN
A8MTQ0,NOTO_HUMAN
A8MTY0,ZN724_HUMAN
A8MTY7,KRA97_HUMAN
A8MTZ7,CL071_HUMAN
A8MU46,SMTL1_HUMAN
A8MU93,CQ100_HUMAN
A8MUK1,U17L5_HUMAN
A8MUX0,KR161_HUMAN
A8MUZ8,Z705G_HUMAN
A8MV65,VGLL3_HUMAN
A8MVA2,KRA96_HUMAN
A8MVS5,HIDE1_HUMAN
A8MVW0,F1712_HUMAN
A8MW92,P20L1_HUMAN
A8MW95,BECN2_HUMAN
A8MW99,MEI4_HUMAN
A8MWA4,Z705E_HUMAN
A8MWA6,F90AM_HUMAN
A8MWE9,EFCB8_HUMAN
A8MWV9,SM34A_HUMAN
A8MWY0,K132L_HUMAN
A8MX34,KR291_HUMAN
A8MXD5,GRCR1_HUMAN
A8MXT2,MAGBH_HUMAN
A8MXV6,CD15L_HUMAN
A8MXY4,ZNF99_HUMAN
A8MXZ1,F90AN_HUMAN
A8MXZ3,KRA91_HUMAN
A8MYA2,CX049_HUMAN
A8MYU2,KCNU1_HUMAN
A8MYZ0,MIY4B_HUMAN
A8MYZ6,FOXO6_HUMAN
A8MZ36,EVPLL_HUMAN
A8MZ59,LEUTX_HUMAN
A8MZA4,GG6L6_HUMAN
A8MZG2,CP090_HUMAN
A8TX70,CO6A5_HUMAN
A9QM74,IMA8_HUMAN
B0FP48,UPK3L_HUMAN
B0YJ81,HACD1_HUMAN
B1AJZ9,FHAD1_HUMAN
B1AK53,ESPN_HUMAN
B1AKI9,ISM1_HUMAN
B1AL46,NTM2E_HUMAN
B1AL88,F155A_HUMAN
B1ANS9,WDR64_HUMAN
B1ATL7,PRR32_HUMAN
B2RC85,R10B2_HUMAN
B2RNN3,C1T9B_HUMAN
B2RTY4,MYO9A_HUMAN
B2RU33,POTEC_HUMAN
B2RXF0,T229A_HUMAN
B2RXF5,ZBT42_HUMAN
B2RXH2,KDM4E_HUMAN
B2RXH4,BTBDI_HUMAN
B2RXH8,HNRC2_HUMAN
B3KS81,SRRM5_HUMAN
B3KU38,IQIP1_HUMAN
B4DJY2,TM233_HUMAN
B4DS77,SHSA9_HUMAN
B4DU55,ZN879_HUMAN
B5ME19,EIFCL_HUMAN
B7U540,KCJ18_HUMAN
B7Z1M9,C2D4D_HUMAN
B7ZBB8,PP13G_HUMAN
B7ZW38,HNRC3_HUMAN
B8ZZ34,SHSA8_HUMAN
B9A6J9,TBC3L_HUMAN
C9J069,AJM1_HUMAN
C9J302,CD051_HUMAN
C9J3V5,TEX22_HUMAN
C9J6K1,CS081_HUMAN
C9J7I0,UMAD1_HUMAN
C9JDP6,CLD25_HUMAN
C9JE40,PATL2_HUMAN
C9JFL3,PHGR1_HUMAN
C9JH25,PRRT4_HUMAN
C9JI98,TM238_HUMAN
C9JJH3,U17LA_HUMAN
C9JL84,HHLA1_HUMAN
C9JLJ4,U17LD_HUMAN
C9JLR9,CK095_HUMAN
C9JPN9,UL17C_HUMAN
C9JQI7,TM232_HUMAN
C9JSJ3,BHMG1_HUMAN
C9JTQ0,ANR63_HUMAN
C9JUS6,ADM5_HUMAN
C9JVI0,U17LB_HUMAN
C9JVW0,INAM1_HUMAN
C9JXX5,CK094_HUMAN
D3W0D1,KLRF2_HUMAN
D6R901,U17LL_HUMAN
D6R9N7,U17LI_HUMAN
D6RA61,U17LM_HUMAN
D6RBM5,U17LN_HUMAN
D6RBQ6,U17LH_HUMAN
D6RCP7,U17LJ_HUMAN
D6RGH6,MCIN_HUMAN
D6RGX4,F90AP_HUMAN
D6RIA3,CD054_HUMAN
D6RJB6,U17LK_HUMAN
E2RYF6,MUC22_HUMAN
E5RIL1,UPKL2_HUMAN
E5RJM6,ANR65_HUMAN
E7ERA6,RN223_HUMAN
E7ETH6,Z587B_HUMAN
E7EW31,PROB1_HUMAN
E9PAV3,NACAM_HUMAN
E9PGG2,ANHX_HUMAN
E9PI22,P23D1_HUMAN
E9PRG8,CK098_HUMAN
F5GYI3,UBA1L_HUMAN
F5H4A9,CC080_HUMAN
F5H4B4,F227A_HUMAN
F8WBI6,GOG8N_HUMAN
F8WCM5,INSR2_HUMAN
H0YM25,GG6LV_HUMAN
H3BNL1,CC084_HUMAN
H3BPF8,GOG8S_HUMAN
H3BQB6,STMD1_HUMAN
H3BQL2,GOG8T_HUMAN
H3BQW9,F229A_HUMAN
H3BR10,SMLR1_HUMAN
H3BSY2,GOG8M_HUMAN
H3BTG2,TEX46_HUMAN
H3BU77,CC179_HUMAN
H3BUK9,POTB2_HUMAN
H3BV12,GOG8Q_HUMAN
H3BV60,TGR3L_HUMAN
H7BZ55,CRCC2_HUMAN
H7C350,CC188_HUMAN
I3L1E1,CS084_HUMAN
I3L273,GFY_HUMAN
I3L3R5,CCER2_HUMAN
I6L899,GOG8R_HUMAN
K7EJ46,SIM22_HUMAN
M0QZC1,RN225_HUMAN
M0R2J8,DCDC1_HUMAN
O00110,OVOL3_HUMAN
O00116,ADAS_HUMAN
O00139,KIF2A_HUMAN
O00141,SGK1_HUMAN
O00142,KITM_HUMAN
O00144,FZD9_HUMAN
O00148,DX39A_HUMAN
O00151,PDLI1_HUMAN
O00154,BACH_HUMAN
O00155,GPR25_HUMAN
O00160,MYO1F_HUMAN
O00161,SNP23_HUMAN
O00165,HAX1_HUMAN
O00167,EYA2_HUMAN
O00168,PLM_HUMAN
O00178,GTPB1_HUMAN
O00180,KCNK1_HUMAN
O00189,AP4M1_HUMAN
O00192,ARVC_HUMAN
O00193,SMAP_HUMAN
O00203,AP3B1_HUMAN
O00204,ST2B1_HUMAN
O00213,APBB1_HUMAN
O00217,NDUS8_HUMAN
O00219,HYAS3_HUMAN
O00220,TR10A_HUMAN
O00221,IKBE_HUMAN
O00222,GRM8_HUMAN
O00230,CORT_HUMAN
O00237,RN103_HUMAN
O00253,AGRP_HUMAN
O00254,PAR3_HUMAN
O00255,MEN1_HUMAN
O00257,CBX4_HUMAN
O00258,WRB_HUMAN
O00267,SPT5H_HUMAN
O00268,TAF4_HUMAN
O00273,DFFA_HUMAN
O00287,RFXAP_HUMAN
O00291,HIP1_HUMAN
O00292,LFTY2_HUMAN
O00294,TULP1_HUMAN
O00295,TULP2_HUMAN
O00303,EIF3F_HUMAN
O00305,CACB4_HUMAN
O00308,WWP2_HUMAN
O00311,CDC7_HUMAN
O00321,ETV2_HUMAN
O00327,BMAL1_HUMAN
O00330,ODPX_HUMAN
O00337,S28A1_HUMAN
O00339,MATN2_HUMAN
O00341,EAA5_HUMAN
O00358,FOXE1_HUMAN
O00391,QSOX1_HUMAN
O00400,ACATN_HUMAN
O00401,WASL_HUMAN
O00408,PDE2A_HUMAN
O00409,FOXN3_HUMAN
O00411,RPOM_HUMAN
O00418,EF2K_HUMAN
O00423,EMAL1_HUMAN
O00425,IF2B3_HUMAN
O00429,DNM1L_HUMAN
O00443,P3C2A_HUMAN
O00444,PLK4_HUMAN
O00445,SYT5_HUMAN
O00451,GFRA2_HUMAN
O00458,IFRD1_HUMAN
O00459,P85B_HUMAN
O00461,GOLI4_HUMAN
O00469,PLOD2_HUMAN
O00470,MEIS1_HUMAN
O00471,EXOC5_HUMAN
O00472,ELL2_HUMAN
O00478,BT3A3_HUMAN
O00479,HMGN4_HUMAN
O00482,NR5A2_HUMAN
O00488,ZN593_HUMAN
O00499,BIN1_HUMAN
O00505,IMA4_HUMAN
O00506,STK25_HUMAN
O00507,USP9Y_HUMAN
O00512,BCL9_HUMAN
O00515,LAD1_HUMAN
O00533,NCHL1_HUMAN
O00541,PESC_HUMAN
O00548,DLL1_HUMAN
O00555,CAC1A_HUMAN
O00559,RCAS1_HUMAN
O00560,SDCB1_HUMAN
O00562,PITM1_HUMAN
O00566,MPP10_HUMAN
O00567,NOP56_HUMAN
O00570,SOX1_HUMAN
O00571,DDX3X_HUMAN
O00585,CCL21_HUMAN
O00587,MFNG_HUMAN
O00590,ACKR2_HUMAN
O00591,GBRP_HUMAN
O00592,PODXL_HUMAN
O00602,FCN1_HUMAN
O00629,IMA3_HUMAN
O00712,NFIB_HUMAN
O00716,E2F3_HUMAN
O00746,NDKM_HUMAN
O00750,P3C2B_HUMAN
O00763,ACACB_HUMAN
O00767,ACOD_HUMAN
O14490,DLGP1_HUMAN
O14492,SH2B2_HUMAN
O14494,PLPP1_HUMAN
O14495,PLPP3_HUMAN
O14497,ARI1A_HUMAN
O14503,BHE40_HUMAN
O14511,NRG2_HUMAN
O14512,SOCS7_HUMAN
O14513,NCKP5_HUMAN
O14514,AGRB1_HUMAN
O14519,CDKA1_HUMAN
O14520,AQP7_HUMAN
O14521,DHSD_HUMAN
O14522,PTPRT_HUMAN
O14523,C2C2L_HUMAN
O14524,NEMP1_HUMAN
O14526,FCHO1_HUMAN
O14529,CUX2_HUMAN
O14530,TXND9_HUMAN
O14531,DPYL4_HUMAN
O14544,SOCS6_HUMAN
O14545,TRAD1_HUMAN
O14556,G3PT_HUMAN
O14559,RHG33_HUMAN
O14561,ACPM_HUMAN
O14562,UBFD1_HUMAN
O14576,DC1I1_HUMAN
O14578,CTRO_HUMAN
O14594,NCAN_HUMAN
O14595,CTDS2_HUMAN
O14598,VCY1_HUMAN
O14602,IF1AY_HUMAN
O14607,UTY_HUMAN
O14613,BORG1_HUMAN
O14617,AP3D1_HUMAN
O14627,CDX4_HUMAN
O14628,ZN195_HUMAN
O14633,LCE2B_HUMAN
O14638,ENPP3_HUMAN
O14639,ABLM1_HUMAN
O14640,DVL1_HUMAN
O14641,DVL2_HUMAN
O14645,IDLC_HUMAN
O14646,CHD1_HUMAN
O14647,CHD2_HUMAN
O14649,KCNK3_HUMAN
O14653,GOSR2_HUMAN
O14654,IRS4_HUMAN
O14662,STX16_HUMAN
O14668,TMG1_HUMAN
O14669,TMG2_HUMAN
O14672,ADA10_HUMAN
O14681,EI24_HUMAN
O14686,KMT2D_HUMAN
O14709,ZN197_HUMAN
O14713,ITBP1_HUMAN
O14730,RIOK3_HUMAN
O14733,MP2K7_HUMAN
O14737,PDCD5_HUMAN
O14745,NHRF1_HUMAN
O14746,TERT_HUMAN
O14753,OVOL1_HUMAN
O14757,CHK1_HUMAN
O14763,TR10B_HUMAN
O14764,GBRD_HUMAN
O14770,MEIS2_HUMAN
O14771,ZN213_HUMAN
O14776,TCRG1_HUMAN
O14777,NDC80_HUMAN
O14787,TNPO2_HUMAN
O14788,TNF11_HUMAN
O14791,APOL1_HUMAN
O14792,HS3S1_HUMAN
O14793,GDF8_HUMAN
O14795,UN13B_HUMAN
O14810,CPLX1_HUMAN
O14813,PHX2A_HUMAN
O14827,RGRF2_HUMAN
O14828,SCAM3_HUMAN
O14829,PPE1_HUMAN
O14830,PPE2_HUMAN
O14836,TR13B_HUMAN
O14843,FFAR3_HUMAN
O14862,AIM2_HUMAN
O14863,ZNT4_HUMAN
O14867,BACH1_HUMAN
O14874,BCKD_HUMAN
O14896,IRF6_HUMAN
O14901,KLF11_HUMAN
O14905,WNT9B_HUMAN
O14908,GIPC1_HUMAN
O14917,PCD17_HUMAN
O14920,IKKB_HUMAN
O14924,RGS12_HUMAN
O14925,TIM23_HUMAN
O14931,NCTR3_HUMAN
O14939,PLD2_HUMAN
O14944,EREG_HUMAN
O14948,TFEC_HUMAN
O14964,HGS_HUMAN
O14967,CLGN_HUMAN
O14974,MYPT1_HUMAN
O14976,GAK_HUMAN
O14978,ZN263_HUMAN
O14979,HNRDL_HUMAN
O14981,BTAF1_HUMAN
O14986,PI51B_HUMAN
O14990,IPP2C_HUMAN
O14994,SYN3_HUMAN
O15013,ARHGA_HUMAN
O15014,ZN609_HUMAN
O15015,ZN646_HUMAN
O15018,PDZD2_HUMAN
O15020,SPTN2_HUMAN
O15021,MAST4_HUMAN
O15027,SC16A_HUMAN
O15033,AREL1_HUMAN
O15034,RIMB2_HUMAN
O15037,KHNYN_HUMAN
O15040,TCPR2_HUMAN
O15041,SEM3E_HUMAN
O15042,SR140_HUMAN
O15047,SET1A_HUMAN
O15049,N4BP3_HUMAN
O15050,TRNK1_HUMAN
O15054,KDM6B_HUMAN
O15055,PER2_HUMAN
O15056,SYNJ2_HUMAN
O15060,ZBT39_HUMAN
O15062,ZBTB5_HUMAN
O15063,K0355_HUMAN
O15066,KIF3B_HUMAN
O15068,MCF2L_HUMAN
O15069,NACAD_HUMAN
O15072,ATS3_HUMAN
O15075,DCLK1_HUMAN
O15078,CE290_HUMAN
O15079,SNPH_HUMAN
O15083,ERC2_HUMAN
O15085,ARHGB_HUMAN
O15090,ZN536_HUMAN
O15091,MRPP3_HUMAN
O15105,SMAD7_HUMAN
O15111,IKKA_HUMAN
O15117,FYB1_HUMAN
O15119,TBX3_HUMAN
O15123,ANGP2_HUMAN
O15126,SCAM1_HUMAN
O15127,SCAM2_HUMAN
O15130,NPFF_HUMAN
O15151,MDM4_HUMAN
O15156,ZBT7B_HUMAN
O15162,PLS1_HUMAN
O15164,TIF1A_HUMAN
O15165,LRAD4_HUMAN
O15169,AXIN1_HUMAN
O15173,PGRC2_HUMAN
O15178,TBXT_HUMAN
O15194,CTDSL_HUMAN
O15195,VILL_HUMAN
O15198,SMAD9_HUMAN
O15204,ADEC1_HUMAN
O15209,ZBT22_HUMAN
O15211,RGL2_HUMAN
O15213,WDR46_HUMAN
O15218,GP182_HUMAN
O15226,NKRF_HUMAN
O15231,ZN185_HUMAN
O15232,MATN3_HUMAN
O15234,CASC3_HUMAN
O15240,VGF_HUMAN
O15259,NPHP1_HUMAN
O15265,ATX7_HUMAN
O15266,SHOX_HUMAN
O15270,SPTC2_HUMAN
O15297,PPM1D_HUMAN
O15315,RA51B_HUMAN
O15327,INP4B_HUMAN
O15347,HMGB3_HUMAN
O15350,P73_HUMAN
O15353,FOXN1_HUMAN
O15354,GPR37_HUMAN
O15355,PPM1G_HUMAN
O15357,SHIP2_HUMAN
O15370,SOX12_HUMAN
O15371,EIF3D_HUMAN
O15372,EIF3H_HUMAN
O15374,MOT5_HUMAN
O15375,MOT6_HUMAN
O15379,HDAC3_HUMAN
O15381,NVL_HUMAN
O15389,SIGL5_HUMAN
O15391,TYY2_HUMAN
O15393,TMPS2_HUMAN
O15394,NCAM2_HUMAN
O15397,IPO8_HUMAN
O15399,NMDE4_HUMAN
O15400,STX7_HUMAN
O15403,MOT7_HUMAN
O15405,TOX3_HUMAN
O15409,FOXP2_HUMAN
O15417,TNC18_HUMAN
O15427,MOT4_HUMAN
O15431,COPT1_HUMAN
O15432,COPT2_HUMAN
O15438,MRP3_HUMAN
O15439,MRP4_HUMAN
O15440,MRP5_HUMAN
O15444,CCL25_HUMAN
O15446,RPA34_HUMAN
O15457,MSH4_HUMAN
O15466,SIA8E_HUMAN
O15479,MAGB2_HUMAN
O15480,MAGB3_HUMAN
O15481,MAGB4_HUMAN
O15482,TEX28_HUMAN
O15488,GLYG2_HUMAN
O15496,PA2GX_HUMAN
O15499,GSC2_HUMAN
O15503,INSI1_HUMAN
O15504,NUP42_HUMAN
O15516,CLOCK_HUMAN
O15519,CFLAR_HUMAN
O15520,FGF10_HUMAN
O15522,NKX28_HUMAN
O15523,DDX3Y_HUMAN
O15524,SOCS1_HUMAN
O15529,GPR42_HUMAN
O15530,PDPK1_HUMAN
O15534,PER1_HUMAN
O15535,ZSC9_HUMAN
O15541,R113A_HUMAN
O15547,P2RX6_HUMAN
O15550,KDM6A_HUMAN
O15551,CLD3_HUMAN
O15552,FFAR2_HUMAN
O15553,MEFV_HUMAN
O43143,DHX15_HUMAN
O43147,SGSM2_HUMAN
O43148,MCES_HUMAN
O43149,ZZEF1_HUMAN
O43150,ASAP2_HUMAN
O43155,FLRT2_HUMAN
O43156,TTI1_HUMAN
O43159,RRP8_HUMAN
O43164,PJA2_HUMAN
O43166,SI1L1_HUMAN
O43167,ZBT24_HUMAN
O43169,CYB5B_HUMAN
O43172,PRP4_HUMAN
O43173,SIA8C_HUMAN
O43174,CP26A_HUMAN
O43181,NDUS4_HUMAN
O43182,RHG06_HUMAN
O43184,ADA12_HUMAN
O43186,CRX_HUMAN
O43187,IRAK2_HUMAN
O43189,PHF1_HUMAN
O43193,MTLR_HUMAN
O43194,GPR39_HUMAN
O43196,MSH5_HUMAN
O43237,DC1L2_HUMAN
O43240,KLK10_HUMAN
O43242,PSMD3_HUMAN
O43246,CTR4_HUMAN
O43247,TEX33_HUMAN
O43248,HXC11_HUMAN
O43255,SIAH2_HUMAN
O43257,ZNHI1_HUMAN
O43278,SPIT1_HUMAN
O43281,EFS_HUMAN
O43283,M3K13_HUMAN
O43286,B4GT5_HUMAN
O43290,SNUT1_HUMAN
O43291,SPIT2_HUMAN
O43293,DAPK3_HUMAN
O43294,TGFI1_HUMAN
O43295,SRGP3_HUMAN
O43296,ZN264_HUMAN
O43298,ZBT43_HUMAN
O43300,LRRT2_HUMAN
O43301,HS12A_HUMAN
O43303,CP110_HUMAN
O43304,S14L5_HUMAN
O43306,ADCY6_HUMAN
O43307,ARHG9_HUMAN
O43310,CTIF_HUMAN
O43312,MTSS1_HUMAN
O43313,ATMIN_HUMAN
O43314,VIP2_HUMAN
O43318,M3K7_HUMAN
O43323,DHH_HUMAN
O43345,ZN208_HUMAN
O43353,RIPK2_HUMAN
O43361,ZN749_HUMAN
O43364,HXA2_HUMAN
O43365,HXA3_HUMAN
O43379,WDR62_HUMAN
O43390,HNRPR_HUMAN
O43395,PRPF3_HUMAN
O43399,TPD54_HUMAN
O43405,COCH_HUMAN
O43414,ERI3_HUMAN
O43422,P52K_HUMAN
O43424,GRID2_HUMAN
O43426,SYNJ1_HUMAN
O43432,IF4G3_HUMAN
O43435,TBX1_HUMAN
O43439,MTG8R_HUMAN
O43448,KCAB3_HUMAN
O43451,MGA_HUMAN
O43462,MBTP2_HUMAN
O43464,HTRA2_HUMAN
O43482,MS18B_HUMAN
O43488,ARK72_HUMAN
O43490,PROM1_HUMAN
O43491,E41L2_HUMAN
O43497,CAC1G_HUMAN
O43505,B4GA1_HUMAN
O43506,ADA20_HUMAN
O43508,TNF12_HUMAN
O43511,S26A4_HUMAN
O43513,MED7_HUMAN
O43516,WIPF1_HUMAN
O43520,AT8B1_HUMAN
O43521,B2L11_HUMAN
O43524,FOXO3_HUMAN
O43525,KCNQ3_HUMAN
O43526,KCNQ2_HUMAN
O43529,CHSTA_HUMAN
O43541,SMAD6_HUMAN
O43548,TGM5_HUMAN
O43555,GON2_HUMAN
O43556,SGCE_HUMAN
O43557,TNF14_HUMAN
O43559,FRS3_HUMAN
O43561,LAT_HUMAN
O43566,RGS14_HUMAN
O43567,RNF13_HUMAN
O43572,AKA10_HUMAN
O43581,SYT7_HUMAN
O43583,DENR_HUMAN
O43586,PPIP1_HUMAN
O43593,HAIR_HUMAN
O43597,SPY2_HUMAN
O43602,DCX_HUMAN
O43603,GALR2_HUMAN
O43609,SPY1_HUMAN
O43610,SPY3_HUMAN
O43612,OREX_HUMAN
O43613,OX1R_HUMAN
O43614,OX2R_HUMAN
O43615,TIM44_HUMAN
O43623,SNAI2_HUMAN
O43633,CHM2A_HUMAN
O43638,FOXS1_HUMAN
O43639,NCK2_HUMAN
O43660,PLRG1_HUMAN
O43663,PRC1_HUMAN
O43665,RGS10_HUMAN
O43670,ZN207_HUMAN
O43679,LDB2_HUMAN
O43680,TCF21_HUMAN
O43683,BUB1_HUMAN
O43688,PLPP2_HUMAN
O43692,PI15_HUMAN
O43699,SIGL6_HUMAN
O43707,ACTN4_HUMAN
O43709,BUD23_HUMAN
O43711,TLX3_HUMAN
O43719,HTSF1_HUMAN
O43734,CIKS_HUMAN
O43741,AAKB2_HUMAN
O43747,AP1G1_HUMAN
O43752,STX6_HUMAN
O43763,TLX2_HUMAN
O43765,SGTA_HUMAN
O43768,ENSA_HUMAN
O43781,DYRK3_HUMAN
O43790,KRT86_HUMAN
O43809,CPSF5_HUMAN
O43815,STRN_HUMAN
O43818,U3IP2_HUMAN
O43819,SCO2_HUMAN
O43822,CF410_HUMAN
O43823,AKAP8_HUMAN
O43824,GTPB6_HUMAN
O43825,B3GT2_HUMAN
O43829,ZBT14_HUMAN
O43837,IDH3B_HUMAN
O43847,NRDC_HUMAN
O43852,CALU_HUMAN
O43861,ATP9B_HUMAN
O43865,SAHH2_HUMAN
O43868,S28A2_HUMAN
O43889,CREB3_HUMAN
O43896,KIF1C_HUMAN
O43897,TLL1_HUMAN
O43900,PRIC3_HUMAN
O43903,GAS2_HUMAN
O43908,NKG2F_HUMAN
O43909,EXTL3_HUMAN
O43914,TYOBP_HUMAN
O43915,VEGFD_HUMAN
O43918,AIRE_HUMAN
O43921,EFNA2_HUMAN
O43933,PEX1_HUMAN
O60216,RAD21_HUMAN
O60224,SSX4_HUMAN
O60225,SSX5_HUMAN
O60231,DHX16_HUMAN
O60232,ZNRD2_HUMAN
O60237,MYPT2_HUMAN
O60238,BNI3L_HUMAN
O60239,3BP5_HUMAN
O60240,PLIN1_HUMAN
O60241,AGRB2_HUMAN
O60242,AGRB3_HUMAN
O60244,MED14_HUMAN
O60245,PCDH7_HUMAN
O60248,SOX15_HUMAN
O60258,FGF17_HUMAN
O60260,PRKN_HUMAN
O60264,SMCA5_HUMAN
O60266,ADCY3_HUMAN
O60268,K0513_HUMAN
O60269,GRIN2_HUMAN
O60271,JIP4_HUMAN
O60279,SUSD5_HUMAN
O60281,ZN292_HUMAN
O60282,KIF5C_HUMAN
O60284,ST18_HUMAN
O60285,NUAK1_HUMAN
O60287,NPA1P_HUMAN
O60290,ZN862_HUMAN
O60291,MGRN1_HUMAN
O60292,SI1L3_HUMAN
O60293,ZC3H1_HUMAN
O60296,TRAK2_HUMAN
O60299,LZTS3_HUMAN
O60303,K0556_HUMAN
O60304,ZN500_HUMAN
O60306,AQR_HUMAN
O60307,MAST3_HUMAN
O60308,CE104_HUMAN
O60309,L37A3_HUMAN
O60312,AT10A_HUMAN
O60313,OPA1_HUMAN
O60315,ZEB2_HUMAN
O60318,GANP_HUMAN
O60320,F1891_HUMAN
O60331,PI51C_HUMAN
O60333,KIF1B_HUMAN
O60336,MABP1_HUMAN
O60337,MARH6_HUMAN
O60341,KDM1A_HUMAN
O60343,TBCD4_HUMAN
O60346,PHLP1_HUMAN
O60347,TBC12_HUMAN
O60353,FZD6_HUMAN
O60356,NUPR1_HUMAN
O60359,CCG3_HUMAN
O60381,HBP1_HUMAN
O60383,GDF9_HUMAN
O60391,NMD3B_HUMAN
O60393,NOBOX_HUMAN
O60422,ONEC3_HUMAN
O60423,AT8B3_HUMAN
O60447,EVI5_HUMAN
O60462,NRP2_HUMAN
O60469,DSCAM_HUMAN
O60476,MA1A2_HUMAN
O60478,G137B_HUMAN
O60479,DLX3_HUMAN
O60481,ZIC3_HUMAN
O60486,PLXC1_HUMAN
O60487,MPZL2_HUMAN
O60488,ACSL4_HUMAN
O60496,DOK2_HUMAN
O60499,STX10_HUMAN
O60500,NPHN_HUMAN
O60502,OGA_HUMAN
O60503,ADCY9_HUMAN
O60504,VINEX_HUMAN
O60506,HNRPQ_HUMAN
O60507,TPST1_HUMAN
O60508,PRP17_HUMAN
O60512,B4GT3_HUMAN
O60513,B4GT4_HUMAN
O60516,4EBP3_HUMAN
O60522,TDRD6_HUMAN
O60524,NEMF_HUMAN
O60542,PSPN_HUMAN
O60548,FOXD2_HUMAN
O60551,NMT2_HUMAN
O60563,CCNT1_HUMAN
O60565,GREM1_HUMAN
O60566,BUB1B_HUMAN
O60568,PLOD3_HUMAN
O60573,IF4E2_HUMAN
O60583,CCNT2_HUMAN
O60609,GFRA3_HUMAN
O60610,DIAP1_HUMAN
O60641,AP180_HUMAN
O60658,PDE8A_HUMAN
O60663,LMX1B_HUMAN
O60664,PLIN3_HUMAN
O60667,FAIM3_HUMAN
O60669,MOT2_HUMAN
O60673,REV3L_HUMAN
O60674,JAK2_HUMAN
O60675,MAFK_HUMAN
O60678,ANM3_HUMAN
O60682,MUSC_HUMAN
O60684,IMA7_HUMAN
O60704,TPST2_HUMAN
O60706,ABCC9_HUMAN
O60711,LPXN_HUMAN
O60716,CTND1_HUMAN
O60721,NCKX1_HUMAN
O60729,CC14B_HUMAN
O60732,MAGC1_HUMAN
O60741,HCN1_HUMAN
O60749,SNX2_HUMAN
O60755,GALR3_HUMAN
O60759,CYTIP_HUMAN
O60763,USO1_HUMAN
O60765,Z354A_HUMAN
O60779,S19A2_HUMAN
O60784,TOM1_HUMAN
O60806,TBX19_HUMAN
O60812,HNRC1_HUMAN
O60814,H2B1K_HUMAN
O60825,F262_HUMAN
O60826,CCD22_HUMAN
O60828,PQBP1_HUMAN
O60829,PAGE4_HUMAN
O60830,TI17B_HUMAN
O60832,DKC1_HUMAN
O60840,CAC1F_HUMAN
O60841,IF2P_HUMAN
O60861,GAS7_HUMAN
O60869,EDF1_HUMAN
O60870,KIN17_HUMAN
O60882,MMP20_HUMAN
O60883,G37L1_HUMAN
O60884,DNJA2_HUMAN
O60885,BRD4_HUMAN
O60888,CUTA_HUMAN
O60890,OPHN1_HUMAN
O60895,RAMP2_HUMAN
O60902,SHOX2_HUMAN
O60907,TBL1X_HUMAN
O60909,B4GT2_HUMAN
O60927,PP1RB_HUMAN
O60930,RNH1_HUMAN
O60934,NBN_HUMAN
O60936,NOL3_HUMAN
O60939,SCN2B_HUMAN
O60941,DTNB_HUMAN
O60942,MCE1_HUMAN
O75019,LIRA1_HUMAN
O75027,ABCB7_HUMAN
O75030,MITF_HUMAN
O75037,KI21B_HUMAN
O75038,PLCH2_HUMAN
O75044,SRGP2_HUMAN
O75052,CAPON_HUMAN
O75054,IGSF3_HUMAN
O75056,SDC3_HUMAN
O75061,AUXI_HUMAN
O75063,XYLK_HUMAN
O75064,DEN4B_HUMAN
O75069,TMCC2_HUMAN
O75071,EFC14_HUMAN
O75074,LRP3_HUMAN
O75077,ADA23_HUMAN
O75078,ADA11_HUMAN
O75081,MTG16_HUMAN
O75084,FZD7_HUMAN
O75095,MEGF6_HUMAN
O75096,LRP4_HUMAN
O75106,AOC2_HUMAN
O75112,LDB3_HUMAN
O75113,N4BP1_HUMAN
O75116,ROCK2_HUMAN
O75121,MFA3L_HUMAN
O75122,CLAP2_HUMAN
O75128,COBL_HUMAN
O75129,ASTN2_HUMAN
O75132,ZBED4_HUMAN
O75140,DEPD5_HUMAN
O75143,ATG13_HUMAN
O75145,LIPA3_HUMAN
O75146,HIP1R_HUMAN
O75150,BRE1B_HUMAN
O75151,PHF2_HUMAN
O75152,ZC11A_HUMAN
O75153,CLU_HUMAN
O75154,RFIP3_HUMAN
O75155,CAND2_HUMAN
O75157,T22D2_HUMAN
O75159,SOCS5_HUMAN
O75161,NPHP4_HUMAN
O75164,KDM4A_HUMAN
O75167,PHAR2_HUMAN
O75170,PP6R2_HUMAN
O75173,ATS4_HUMAN
O75175,CNOT3_HUMAN
O75177,CREST_HUMAN
O75179,ANR17_HUMAN
O75182,SIN3B_HUMAN
O75185,AT2C2_HUMAN
O75190,DNJB6_HUMAN
O75204,TM127_HUMAN
O75208,COQ9_HUMAN
O75251,NDUS7_HUMAN
O75264,SIM24_HUMAN
O75290,Z780A_HUMAN
O75298,RTN2_HUMAN
O75311,GLRA3_HUMAN
O75319,DUS11_HUMAN
O75323,NIPS2_HUMAN
O75326,SEM7A_HUMAN
O75330,HMMR_HUMAN
O75333,TBX10_HUMAN
O75334,LIPA2_HUMAN
O75335,LIPA4_HUMAN
O75339,CILP1_HUMAN
O75351,VPS4B_HUMAN
O75354,ENTP6_HUMAN
O75355,ENTP3_HUMAN
O75360,PROP1_HUMAN
O75362,ZN217_HUMAN
O75363,BCAS1_HUMAN
O75364,PITX3_HUMAN
O75367,H2AY_HUMAN
O75376,NCOR1_HUMAN
O75379,VAMP4_HUMAN
O75381,PEX14_HUMAN
O75385,ULK1_HUMAN
O75386,TULP3_HUMAN
O75387,LAT3_HUMAN
O75388,GPR32_HUMAN
O75398,DEAF1_HUMAN
O75410,TACC1_HUMAN
O75417,DPOLQ_HUMAN
O75419,CDC45_HUMAN
O75420,GGYF1_HUMAN
O75425,MSPD3_HUMAN
O75426,FBX24_HUMAN
O75427,LRCH4_HUMAN
O75439,MPPB_HUMAN
O75444,MAF_HUMAN
O75446,SAP30_HUMAN
O75448,MED24_HUMAN
O75449,KTNA1_HUMAN
O75459,PAGE1_HUMAN
O75460,ERN1_HUMAN
O75461,E2F6_HUMAN
O75462,CRLF1_HUMAN
O75467,Z324A_HUMAN
O75469,NR1I2_HUMAN
O75473,LGR5_HUMAN
O75474,FRAT2_HUMAN
O75475,PSIP1_HUMAN
O75477,ERLN1_HUMAN
O75486,SUPT3_HUMAN
O75487,GPC4_HUMAN
O75489,NDUS3_HUMAN
O75494,SRS10_HUMAN
O75496,GEMI_HUMAN
O75509,TNR21_HUMAN
O75525,KHDR3_HUMAN
O75526,RMXL2_HUMAN
O75528,TADA3_HUMAN
O75530,EED_HUMAN
O75533,SF3B1_HUMAN
O75541,ZN821_HUMAN
O75553,DAB1_HUMAN
O75554,WBP4_HUMAN
O75563,SKAP2_HUMAN
O75564,JERKY_HUMAN
O75569,PRKRA_HUMAN
O75581,LRP6_HUMAN
O75582,KS6A5_HUMAN
O75586,MED6_HUMAN
O75592,MYCB2_HUMAN
O75593,FOXH1_HUMAN
O75603,GCM2_HUMAN
O75604,UBP2_HUMAN
O75607,NPM3_HUMAN
O75610,LFTY1_HUMAN
O75616,ERAL1_HUMAN
O75618,DEDD_HUMAN
O75626,PRDM1_HUMAN
O75628,REM1_HUMAN
O75629,CREG1_HUMAN
O75631,UPK3A_HUMAN
O75636,FCN3_HUMAN
O75638,CTAG2_HUMAN
O75643,U520_HUMAN
O75665,OFD1_HUMAN
O75674,TM1L1_HUMAN
O75676,KS6A4_HUMAN
O75683,SURF6_HUMAN
O75688,PPM1B_HUMAN
O75690,KRA58_HUMAN
O75691,UTP20_HUMAN
O75712,CXB3_HUMAN
O75717,WDHD1_HUMAN
O75747,P3C2G_HUMAN
O75752,B3GL1_HUMAN
O75762,TRPA1_HUMAN
O75764,TCEA3_HUMAN
O75781,PALM_HUMAN
O75783,RHBL1_HUMAN
O75791,GRAP2_HUMAN
O75794,CD123_HUMAN
O75807,PR15A_HUMAN
O75808,CAN15_HUMAN
O75815,BCAR3_HUMAN
O75820,ZN189_HUMAN
O75821,EIF3G_HUMAN
O75822,EIF3J_HUMAN
O75829,CNMD_HUMAN
O75840,KLF7_HUMAN
O75843,AP1G2_HUMAN
O75844,FACE1_HUMAN
O75845,SC5D_HUMAN
O75864,PPR37_HUMAN
O75871,CEAM4_HUMAN
O75880,SCO1_HUMAN
O75881,CP7B1_HUMAN
O75886,STAM2_HUMAN
O75888,TNF13_HUMAN
O75896,TUSC2_HUMAN
O75899,GABR2_HUMAN
O75900,MMP23_HUMAN
O75901,RASF9_HUMAN
O75907,DGAT1_HUMAN
O75908,SOAT2_HUMAN
O75909,CCNK_HUMAN
O75912,DGKI_HUMAN
O75914,PAK3_HUMAN
O75916,RGS9_HUMAN
O75920,SERF1_HUMAN
O75923,DYSF_HUMAN
O75925,PIAS1_HUMAN
O75928,PIAS2_HUMAN
O75940,SPF30_HUMAN
O75943,RAD17_HUMAN
O75949,F155B_HUMAN
O75952,CABYR_HUMAN
O75953,DNJB5_HUMAN
O75956,CDKA2_HUMAN
O75962,TRIO_HUMAN
O75969,AKAP3_HUMAN
O75970,MPDZ_HUMAN
O75971,SNPC5_HUMAN
O75973,C1QRF_HUMAN
O75976,CBPD_HUMAN
O75995,SASH3_HUMAN
O76009,KT33A_HUMAN
O76013,KRT36_HUMAN
O76014,KRT37_HUMAN
O76015,KRT38_HUMAN
O76021,RL1D1_HUMAN
O76024,WFS1_HUMAN
O76031,CLPX_HUMAN
O76039,CDKL5_HUMAN
O76041,NEBL_HUMAN
O76050,NEUL1_HUMAN
O76061,STC2_HUMAN
O76064,RNF8_HUMAN
O76070,SYUG_HUMAN
O76074,PDE5A_HUMAN
O76080,ZFAN5_HUMAN
O76081,RGS20_HUMAN
O76082,S22A5_HUMAN
O76083,PDE9A_HUMAN
O76090,BEST1_HUMAN
O76093,FGF18_HUMAN
O76094,SRP72_HUMAN
O76096,CYTF_HUMAN
O94759,TRPM2_HUMAN
O94761,RECQ4_HUMAN
O94762,RECQ5_HUMAN
O94763,RMP_HUMAN
O94766,B3GA3_HUMAN
O94768,ST17B_HUMAN
O94769,ECM2_HUMAN
O94776,MTA2_HUMAN
O94782,UBP1_HUMAN
O94804,STK10_HUMAN
O94806,KPCD3_HUMAN
O94810,RGS11_HUMAN
O94811,TPPP_HUMAN
O94812,BAIP3_HUMAN
O94817,ATG12_HUMAN
O94818,NOL4_HUMAN
O94819,KBTBB_HUMAN
O94823,AT10B_HUMAN
O94826,TOM70_HUMAN
O94830,DDHD2_HUMAN
O94842,TOX4_HUMAN
O94844,RHBT1_HUMAN
O94850,DEND_HUMAN
O94851,MICA2_HUMAN
O94855,SC24D_HUMAN
O94864,ST65G_HUMAN
O94868,FCSD2_HUMAN
O94874,UFL1_HUMAN
O94875,SRBS2_HUMAN
O94876,TMCC1_HUMAN
O94880,PHF14_HUMAN
O94885,SASH1_HUMAN
O94886,CSCL1_HUMAN
O94887,FARP2_HUMAN
O94888,UBXN7_HUMAN
O94892,ZN432_HUMAN
O94898,LRIG2_HUMAN
O94900,TOX_HUMAN
O94906,PRP6_HUMAN
O94907,DKK1_HUMAN
O94910,AGRL1_HUMAN
O94911,ABCA8_HUMAN
O94913,PCF11_HUMAN
O94915,FRYL_HUMAN
O94916,NFAT5_HUMAN
O94919,ENDD1_HUMAN
O94921,CDK14_HUMAN
O94923,GLCE_HUMAN
O94925,GLSK_HUMAN
O94929,ABLM3_HUMAN
O94933,SLIK3_HUMAN
O94941,RNF37_HUMAN
O94955,RHBT3_HUMAN
O94966,UBP19_HUMAN
O94967,WDR47_HUMAN
O94972,TRI37_HUMAN
O94973,AP2A2_HUMAN
O94979,SC31A_HUMAN
O94983,CMTA2_HUMAN
O94985,CSTN1_HUMAN
O94986,CE152_HUMAN
O94988,FA13A_HUMAN
O94989,ARHGF_HUMAN
O94991,SLIK5_HUMAN
O94992,HEXI1_HUMAN
O94993,SOX30_HUMAN
O95025,SEM3D_HUMAN
O95049,ZO3_HUMAN
O95067,CCNB2_HUMAN
O95069,KCNK2_HUMAN
O95070,YIF1A_HUMAN
O95071,UBR5_HUMAN
O95072,REC8_HUMAN
O95073,FSBP_HUMAN
O95076,ALX3_HUMAN
O95081,AGFG2_HUMAN
O95096,NKX22_HUMAN
O95104,SCAF4_HUMAN
O95125,ZN202_HUMAN
O95136,S1PR2_HUMAN
O95149,SPN1_HUMAN
O95150,TNF15_HUMAN
O95153,RIMB1_HUMAN
O95155,UBE4B_HUMAN
O95156,NXPH2_HUMAN
O95157,NXPH3_HUMAN
O95158,NXPH4_HUMAN
O95159,ZFPL1_HUMAN
O95163,ELP1_HUMAN
O95170,CDRT1_HUMAN
O95171,SCEL_HUMAN
O95178,NDUB2_HUMAN
O95180,CAC1H_HUMAN
O95183,VAMP5_HUMAN
O95185,UNC5C_HUMAN
O95196,CSPG5_HUMAN
O95197,RTN3_HUMAN
O95198,KLHL2_HUMAN
O95201,ZN205_HUMAN
O95202,LETM1_HUMAN
O95206,PCDH8_HUMAN
O95208,EPN2_HUMAN
O95210,STBD1_HUMAN
O95218,ZRAB2_HUMAN
O95219,SNX4_HUMAN
O95229,ZWINT_HUMAN
O95231,VENTX_HUMAN
O95232,LC7L3_HUMAN
O95235,KI20A_HUMAN
O95238,SPDEF_HUMAN
O95239,KIF4A_HUMAN
O95243,MBD4_HUMAN
O95248,MTMR5_HUMAN
O95249,GOSR1_HUMAN
O95251,KAT7_HUMAN
O95255,MRP6_HUMAN
O95256,I18RA_HUMAN
O95259,KCNH1_HUMAN
O95260,ATE1_HUMAN
O95263,PDE8B_HUMAN
O95267,GRP1_HUMAN
O95271,TNKS1_HUMAN
O95274,LYPD3_HUMAN
O95279,KCNK5_HUMAN
O95292,VAPB_HUMAN
O95297,MPZL1_HUMAN
O95319,CELF2_HUMAN
O95342,ABCBB_HUMAN
O95343,SIX3_HUMAN
O95359,TACC2_HUMAN
O95365,ZBT7A_HUMAN
O95373,IPO7_HUMAN
O95376,ARI2_HUMAN
O95377,CXB5_HUMAN
O95382,M3K6_HUMAN
O95389,CCN6_HUMAN
O95390,GDF11_HUMAN
O95391,SLU7_HUMAN
O95393,BMP10_HUMAN
O95395,GCNT3_HUMAN
O95398,RPGF3_HUMAN
O95399,UTS2_HUMAN
O95400,CD2B2_HUMAN
O95402,MED26_HUMAN
O95405,ZFYV9_HUMAN
O95407,TNF6B_HUMAN
O95409,ZIC2_HUMAN
O95415,BRI3_HUMAN
O95416,SOX14_HUMAN
O95425,SVIL_HUMAN
O95428,PPN_HUMAN
O95429,BAG4_HUMAN
O95433,AHSA1_HUMAN
O95436,NPT2B_HUMAN
O95447,LCA5L_HUMAN
O95450,ATS2_HUMAN
O95452,CXB6_HUMAN
O95453,PARN_HUMAN
O95456,PSMG1_HUMAN
O95461,LARG1_HUMAN
O95466,FMNL1_HUMAN
O95473,SNG4_HUMAN
O95475,SIX6_HUMAN
O95477,ABCA1_HUMAN
O95478,NSA2_HUMAN
O95486,SC24A_HUMAN
O95487,SC24B_HUMAN
O95490,AGRL2_HUMAN
O95500,CLD14_HUMAN
O95502,NPTXR_HUMAN
O95503,CBX6_HUMAN
O95544,NADK_HUMAN
O95551,TYDP2_HUMAN
O95567,CV031_HUMAN
O95568,MET18_HUMAN
O95573,ACSL3_HUMAN
O95600,KLF8_HUMAN
O95602,RPA1_HUMAN
O95613,PCNT_HUMAN
O95622,ADCY5_HUMAN
O95625,ZBT11_HUMAN
O95628,CNOT4_HUMAN
O95630,STABP_HUMAN
O95639,CPSF4_HUMAN
O95644,NFAC1_HUMAN
O95665,NTR2_HUMAN
O95671,ASML_HUMAN
O95674,CDS2_HUMAN
O95677,EYA4_HUMAN
O95678,K2C75_HUMAN
O95684,FR1OP_HUMAN
O95685,PPR3D_HUMAN
O95696,BRD1_HUMAN
O95704,APBB3_HUMAN
O95707,RPP29_HUMAN
O95714,HERC2_HUMAN
O95721,SNP29_HUMAN
O95727,CRTAM_HUMAN
O95747,OXSR1_HUMAN
O95750,FGF19_HUMAN
O95751,LDOC1_HUMAN
O95754,SEM4F_HUMAN
O95757,HS74L_HUMAN
O95758,PTBP3_HUMAN
O95759,TBCD8_HUMAN
O95760,IL33_HUMAN
O95772,STR3N_HUMAN
O95782,AP2A1_HUMAN
O95786,DDX58_HUMAN
O95789,ZMYM6_HUMAN
O95793,STAU1_HUMAN
O95800,GPR75_HUMAN
O95803,NDST3_HUMAN
O95810,CAVN2_HUMAN
O95813,CER1_HUMAN
O95817,BAG3_HUMAN
O95819,M4K4_HUMAN
O95822,DCMC_HUMAN
O95831,AIFM1_HUMAN
O95835,LATS1_HUMAN
O95838,GLP2R_HUMAN
O95841,ANGL1_HUMAN
O95859,TSN12_HUMAN
O95863,SNAI1_HUMAN
O95866,G6B_HUMAN
O95872,GPAN1_HUMAN
O95873,CF047_HUMAN
O95876,FRITZ_HUMAN
O95881,TXD12_HUMAN
O95886,DLGP3_HUMAN
O95897,NOE2_HUMAN
O95900,TRUB2_HUMAN
O95905,ECD_HUMAN
O95907,MOT3_HUMAN
O95922,TTLL1_HUMAN
O95926,SYF2_HUMAN
O95931,CBX7_HUMAN
O95935,TBX18_HUMAN
O95936,EOMES_HUMAN
O95944,NCTR2_HUMAN
O95947,TBX6_HUMAN
O95948,ONEC2_HUMAN
O95972,BMP15_HUMAN
O95976,IGSF6_HUMAN
O95977,S1PR4_HUMAN
O95983,MBD3_HUMAN
O95985,TOP3B_HUMAN
O95990,F107A_HUMAN
O95994,AGR2_HUMAN
O95995,DRC4_HUMAN
O95996,APCL_HUMAN
O95997,PTTG1_HUMAN
O95999,BCL10_HUMAN
O96001,PPR17_HUMAN
O96004,HAND1_HUMAN
O96005,CLPT1_HUMAN
O96006,ZBED1_HUMAN
O96008,TOM40_HUMAN
O96013,PAK4_HUMAN
O96017,CHK2_HUMAN
O96018,APBA3_HUMAN
O96020,CCNE2_HUMAN
O96028,NSD2_HUMAN
P00367,DHE3_HUMAN
P00390,GSHR_HUMAN
P00403,COX2_HUMAN
P00451,FA8_HUMAN
P00519,ABL1_HUMAN
P00533,EGFR_HUMAN
P00540,MOS_HUMAN
P00742,FA10_HUMAN
P00748,FA12_HUMAN
P00973,OAS1_HUMAN
P01011,AACT_HUMAN
P01034,CYTC_HUMAN
P01042,KNG1_HUMAN
P01100,FOS_HUMAN
P01106,MYC_HUMAN
P01127,PDGFB_HUMAN
P01130,LDLR_HUMAN
P01135,TGFA_HUMAN
P01138,NGF_HUMAN
P01178,NEU1_HUMAN
P01189,COLI_HUMAN
P01210,PENK_HUMAN
P01213,PDYN_HUMAN
P01258,CALC_HUMAN
P01266,THYG_HUMAN
P01270,PTHY_HUMAN
P01275,GLUC_HUMAN
P01282,VIP_HUMAN
P01303,NPY_HUMAN
P01308,INS_HUMAN
P01344,IGF2_HUMAN
P01350,GAST_HUMAN
P01374,TNFB_HUMAN
P01375,TNFA_HUMAN
P01583,IL1A_HUMAN
P01584,IL1B_HUMAN
P01589,IL2RA_HUMAN
P01732,CD8A_HUMAN
P01833,PIGR_HUMAN
P02458,CO2A1_HUMAN
P02461,CO3A1_HUMAN
P02462,CO4A1_HUMAN
P02533,K1C14_HUMAN
P02538,K2C6A_HUMAN
P02545,LMNA_HUMAN
P02649,APOE_HUMAN
P02655,APOC2_HUMAN
P02671,FIBA_HUMAN
P02675,FIBB_HUMAN
P02686,MBP_HUMAN
P02730,B3AT_HUMAN
P02745,C1QA_HUMAN
P02747,C1QC_HUMAN
P02765,FETUA_HUMAN
P02775,CXCL7_HUMAN
P02776,PLF4_HUMAN
P02818,OSTCN_HUMAN
P03372,ESR1_HUMAN
P03928,ATP8_HUMAN
P03971,MIS_HUMAN
P04004,VTNC_HUMAN
P04035,HMDH_HUMAN
P04049,RAF1_HUMAN
P04066,FUCO_HUMAN
P04083,ANXA1_HUMAN
P04085,PDGFA_HUMAN
P04090,REL2_HUMAN
P04150,GCR_HUMAN
P04156,PRIO_HUMAN
P04181,OAT_HUMAN
P04183,KITH_HUMAN
P04196,HRG_HUMAN
P04198,MYCN_HUMAN
P04233,HG2A_HUMAN
P04234,CD3D_HUMAN
P04259,K2C6B_HUMAN
P04264,K2C1_HUMAN
P04279,SEMG1_HUMAN
P04553,HSP1_HUMAN
P04554,PRM2_HUMAN
P04626,ERBB2_HUMAN
P04632,CPNS1_HUMAN
P04637,P53_HUMAN
P04731,MT1A_HUMAN
P04732,MT1E_HUMAN
P04808,REL1_HUMAN
P04920,B3A2_HUMAN
P04921,GLPC_HUMAN
P05019,IGF1_HUMAN
P05023,AT1A1_HUMAN
P05060,SCG1_HUMAN
P05067,A4_HUMAN
P05108,CP11A_HUMAN
P05111,INHA_HUMAN
P05114,HMGN1_HUMAN
P05154,IPSP_HUMAN
P05155,IC1_HUMAN
P05187,PPB1_HUMAN
P05204,HMGN2_HUMAN
P05231,IL6_HUMAN
P05305,EDN1_HUMAN
P05386,RLA1_HUMAN
P05387,RLA2_HUMAN
P05388,RLA0_HUMAN
P05408,7B2_HUMAN
P05412,JUN_HUMAN
P05423,RPC4_HUMAN
P05452,TETN_HUMAN
P05455,LA_HUMAN
P05496,AT5G1_HUMAN
P05543,THBG_HUMAN
P05546,HEP2_HUMAN
P05771,KPCB_HUMAN
P05783,K1C18_HUMAN
P05787,K2C8_HUMAN
P05814,CASB_HUMAN
P05976,MYL1_HUMAN
P05997,CO5A2_HUMAN
P06028,GLPB_HUMAN
P06127,CD5_HUMAN
P06213,INSR_HUMAN
P06239,LCK_HUMAN
P06241,FYN_HUMAN
P06307,CCKN_HUMAN
P06396,GELS_HUMAN
P06400,RB_HUMAN
P06401,PRGR_HUMAN
P06454,PTMA_HUMAN
P06576,ATPB_HUMAN
P06729,CD2_HUMAN
P06730,IF4E_HUMAN
P06734,FCER2_HUMAN
P06748,NPM_HUMAN
P06850,CRF_HUMAN
P06899,H2B1J_HUMAN
P07101,TY3H_HUMAN
P07196,NFL_HUMAN
P07197,NFM_HUMAN
P07199,CENPB_HUMAN
P07202,PERT_HUMAN
P07237,PDIA1_HUMAN
P07305,H10_HUMAN
P07306,ASGR1_HUMAN
P07307,ASGR2_HUMAN
P07332,FES_HUMAN
P07333,CSF1R_HUMAN
P07357,CO8A_HUMAN
P07359,GP1BA_HUMAN
P07360,CO8G_HUMAN
P07438,MT1B_HUMAN
P07476,INVO_HUMAN
P07492,GRP_HUMAN
P07498,CASK_HUMAN
P07550,ADRB2_HUMAN
P07766,CD3E_HUMAN
P07814,SYEP_HUMAN
P07900,HS90A_HUMAN
P07910,HNRPC_HUMAN
P07947,YES_HUMAN
P07948,LYN_HUMAN
P07949,RET_HUMAN
P07954,FUMH_HUMAN
P07988,PSPB_HUMAN
P07992,ERCC1_HUMAN
P08034,CXB1_HUMAN
P08047,SP1_HUMAN
P08048,ZFY_HUMAN
P08069,IGF1R_HUMAN
P08123,CO1A2_HUMAN
P08138,TNR16_HUMAN
P08151,GLI1_HUMAN
P08172,ACM2_HUMAN
P08173,ACM4_HUMAN
P08174,DAF_HUMAN
P08183,MDR1_HUMAN
P08195,4F2_HUMAN
P08235,MCR_HUMAN
P08238,HS90B_HUMAN
P08240,SRPRA_HUMAN
P08247,SYPH_HUMAN
P08253,MMP2_HUMAN
P08473,NEP_HUMAN
P08476,INHBA_HUMAN
P08514,ITA2B_HUMAN
P08567,PLEK_HUMAN
P08572,CO4A2_HUMAN
P08574,CY1_HUMAN
P08575,PTPRC_HUMAN
P08579,RU2B_HUMAN
P08590,MYL3_HUMAN
P08620,FGF4_HUMAN
P08621,RU17_HUMAN
P08631,HCK_HUMAN
P08651,NFIC_HUMAN
P08670,VIME_HUMAN
P08697,A2AP_HUMAN
P08709,FA7_HUMAN
P08727,K1C19_HUMAN
P08729,K2C7_HUMAN
P08779,K1C16_HUMAN
P08833,IBP1_HUMAN
P08887,IL6RA_HUMAN
P08908,5HT1A_HUMAN
P08912,ACM5_HUMAN
P08922,ROS1_HUMAN
P08F94,PKHD1_HUMAN
P09012,SNRPA_HUMAN
P09016,HXD4_HUMAN
P09017,HXC4_HUMAN
P09038,FGF2_HUMAN
P09067,HXB5_HUMAN
P09086,PO2F2_HUMAN
P09110,THIK_HUMAN
P09131,P3_HUMAN
P09172,DOPO_HUMAN
P09234,RU1C_HUMAN
P09327,VILI_HUMAN
P09341,GROA_HUMAN
P09429,HMGB1_HUMAN
P09430,STP1_HUMAN
P09486,SPRC_HUMAN
P09496,CLCA_HUMAN
P09497,CLCB_HUMAN
P09529,INHBB_HUMAN
P09601,HMOX1_HUMAN
P09603,CSF1_HUMAN
P09619,PGFRB_HUMAN
P09629,HXB7_HUMAN
P09630,HXC6_HUMAN
P09651,ROA1_HUMAN
P09681,GIP_HUMAN
P09683,SECR_HUMAN
P09693,CD3G_HUMAN
P09769,FGR_HUMAN
P09874,PARP1_HUMAN
P09884,DPOLA_HUMAN
P09912,IFI6_HUMAN
P0C025,NUD17_HUMAN
P0C0L5,CO4B_HUMAN
P0C1S8,WEE2_HUMAN
P0C1Z6,TFPT_HUMAN
P0C221,CC175_HUMAN
P0C263,SBK2_HUMAN
P0C264,SBK3_HUMAN
P0C2L3,F163B_HUMAN
P0C2W1,FBSP1_HUMAN
P0C2W7,CT47B_HUMAN
P0C5Y4,KRA14_HUMAN
P0C671,BNIP5_HUMAN
P0C6A0,ZGLP1_HUMAN
P0C6C1,AN34C_HUMAN
P0C7H8,KRA23_HUMAN
P0C7H9,U17L7_HUMAN
P0C7I0,U17L8_HUMAN
P0C7I6,CC159_HUMAN
P0C7M4,RHF2B_HUMAN
P0C7M8,CLC2L_HUMAN
P0C7N4,T191B_HUMAN
P0C7P1,RBY1D_HUMAN
P0C7Q5,S35G4_HUMAN
P0C7Q6,S35G6_HUMAN
P0C7T5,ATX1L_HUMAN
P0C7T8,TM253_HUMAN
P0C7U0,ELFN1_HUMAN
P0C7U3,ZH11B_HUMAN
P0C7V6,SP202_HUMAN
P0C7W0,PRR29_HUMAN
P0C7W9,F90AE_HUMAN
P0C7X1,TBC3H_HUMAN
P0C7X2,ZN688_HUMAN
P0C851,PIRT_HUMAN
P0C862,C1T9A_HUMAN
P0C874,S31D3_HUMAN
P0C875,F228B_HUMAN
P0C881,R10B1_HUMAN
P0CAP1,MYZAP_HUMAN
P0CAP2,GRL1A_HUMAN
P0CB47,UBFL1_HUMAN
P0CF97,F200B_HUMAN
P0CG12,DERPC_HUMAN
P0CG20,PRR35_HUMAN
P0CG23,ZN853_HUMAN
P0CG32,ZCC18_HUMAN
P0CG33,GOG6D_HUMAN
P0CG36,CFC1B_HUMAN
P0CG37,CFC1_HUMAN
P0CG40,SP9_HUMAN
P0CH99,Z705D_HUMAN
P0CI00,Z705B_HUMAN
P0CI01,SPDE6_HUMAN
P0CJ78,ZN865_HUMAN
P0CJ79,ZN888_HUMAN
P0CJ92,GOG8H_HUMAN
P0CL80,GG12F_HUMAN
P0CL81,GG12G_HUMAN
P0CV98,TSPY3_HUMAN
P0CV99,TSPY4_HUMAN
P0CW00,TSPY8_HUMAN
P0CW01,TSPYA_HUMAN
P0CW18,PRS56_HUMAN
P0CW19,LIMS3_HUMAN
P0CW20,LIMS4_HUMAN
P0CW24,PNM6A_HUMAN
P0CW27,CC166_HUMAN
P0DJ93,SIM13_HUMAN
P0DJD1,RGPD2_HUMAN
P0DJD3,RBY1A_HUMAN
P0DJG4,THEGL_HUMAN
P0DJH9,RD3L_HUMAN
P0DJJ0,SRG2C_HUMAN
P0DKB5,TPBGL_HUMAN
P0DKL9,A14EL_HUMAN
P0DL12,SIM17_HUMAN
P0DMB1,P23D2_HUMAN
P0DMB2,CH088_HUMAN
P0DMP2,SRG2B_HUMAN
P0DMQ5,INAM2_HUMAN
P0DMQ9,CH089_HUMAN
P0DMR1,HNRC4_HUMAN
P0DMS9,TMIG3_HUMAN
P0DMU7,CT456_HUMAN
P0DMU8,CT455_HUMAN
P0DMU9,CT45A_HUMAN
P0DMV0,CT457_HUMAN
P0DMV1,CT458_HUMAN
P0DMV2,CT459_HUMAN
P0DMW4,SIL2A_HUMAN
P0DMW5,SIL2B_HUMAN
P0DN86,CGB3_HUMAN
P0DN87,CGB7_HUMAN
P0DP42,T225B_HUMAN
P0DP91,ERPG3_HUMAN
P0DPA2,VSIG8_HUMAN
P0DPD6,ECE2_HUMAN
P0DPD7,EFMT4_HUMAN
P0DPF3,NBPF9_HUMAN
P0DPI2,GAL3A_HUMAN
P0DPI3,CENL2_HUMAN
P0DPK2,H3Y_HUMAN
P0DPK5,H3X_HUMAN
P0DPQ3,PR20G_HUMAN
P0DQD5,NPY42_HUMAN
P10071,GLI3_HUMAN
P10072,ZN875_HUMAN
P10073,ZSC22_HUMAN
P10074,TZAP_HUMAN
P10075,GLI4_HUMAN
P10092,CALCB_HUMAN
P10109,ADX_HUMAN
P10124,SRGN_HUMAN
P10242,MYB_HUMAN
P10243,MYBA_HUMAN
P10244,MYBB_HUMAN
P10253,LYAG_HUMAN
P10275,ANDR_HUMAN
P10276,RARA_HUMAN
P10323,ACRO_HUMAN
P10398,ARAF_HUMAN
P10412,H14_HUMAN
P10415,BCL2_HUMAN
P10451,OSTP_HUMAN
P10515,ODP2_HUMAN
P10586,PTPRF_HUMAN
P10588,NR2F6_HUMAN
P10589,COT1_HUMAN
P10600,TGFB3_HUMAN
P10606,COX5B_HUMAN
P10636,TAU_HUMAN
P10643,CO7_HUMAN
P10644,KAP0_HUMAN
P10645,CMGA_HUMAN
P10696,PPBN_HUMAN
P10720,PF4V_HUMAN
P10721,KIT_HUMAN
P10747,CD28_HUMAN
P10767,FGF6_HUMAN
P10826,RARB_HUMAN
P10827,THA_HUMAN
P10828,THB_HUMAN
P10911,MCF2_HUMAN
P10912,GHR_HUMAN
P10914,IRF1_HUMAN
P10997,IAPP_HUMAN
P11047,LAMC1_HUMAN
P11055,MYH3_HUMAN
P11137,MTAP2_HUMAN
P11142,HSP7C_HUMAN
P11150,LIPC_HUMAN
P11161,EGR2_HUMAN
P11171,41_HUMAN
P11226,MBL2_HUMAN
P11229,ACM1_HUMAN
P11230,ACHB_HUMAN
P11274,BCR_HUMAN
P11277,SPTB1_HUMAN
P11279,LAMP1_HUMAN
P11308,ERG_HUMAN
P11310,ACADM_HUMAN
P11362,FGFR1_HUMAN
P11387,TOP1_HUMAN
P11388,TOP2A_HUMAN
P11473,VDR_HUMAN
P11474,ERR1_HUMAN
P11487,FGF3_HUMAN
P11498,PYC_HUMAN
P11717,MPRI_HUMAN
P11801,KPSH1_HUMAN
P11831,SRF_HUMAN
P11836,CD20_HUMAN
P11940,PABP1_HUMAN
P12034,FGF5_HUMAN
P12035,K2C3_HUMAN
P12074,CX6A1_HUMAN
P12107,COBA1_HUMAN
P12109,CO6A1_HUMAN
P12110,CO6A2_HUMAN
P12111,CO6A3_HUMAN
P12259,FA5_HUMAN
P12270,TPR_HUMAN
P12272,PTHR_HUMAN
P12314,FCGR1_HUMAN
P12318,FCG2A_HUMAN
P12524,MYCL_HUMAN
P12532,KCRU_HUMAN
P12643,BMP2_HUMAN
P12644,BMP4_HUMAN
P12645,BMP3_HUMAN
P12694,ODBA_HUMAN
P12755,SKI_HUMAN
P12757,SKIL_HUMAN
P12821,ACE_HUMAN
P12829,MYL4_HUMAN
P12872,MOTI_HUMAN
P12931,SRC_HUMAN
P12980,LYL1_HUMAN
P13010,XRCC5_HUMAN
P13051,UNG_HUMAN
P13056,NR2C1_HUMAN
P13073,COX41_HUMAN
P13196,HEM1_HUMAN
P13232,IL7_HUMAN
P13349,MYF5_HUMAN
P13378,HXD8_HUMAN
P13385,TDGF1_HUMAN
P13473,LAMP2_HUMAN
P13497,BMP1_HUMAN
P13498,CY24A_HUMAN
P13521,SCG2_HUMAN
P13533,MYH6_HUMAN
P13569,CFTR_HUMAN
P13591,NCAM1_HUMAN
P13611,CSPG2_HUMAN
P13631,RARG_HUMAN
P13640,MT1G_HUMAN
P13645,K1C10_HUMAN
P13646,K1C13_HUMAN
P13647,K2C5_HUMAN
P13667,PDIA4_HUMAN
P13682,ZNF35_HUMAN
P13725,ONCM_HUMAN
P13727,PRG2_HUMAN
P13805,TNNT1_HUMAN
P13807,GYS1_HUMAN
P13861,KAP2_HUMAN
P13866,SC5A1_HUMAN
P13945,ADRB3_HUMAN
P13994,CC130_HUMAN
P14061,DHB1_HUMAN
P14136,GFAP_HUMAN
P14138,EDN3_HUMAN
P14209,CD99_HUMAN
P14210,HGF_HUMAN
P14314,GLU2B_HUMAN
P14316,IRF2_HUMAN
P14317,HCLS1_HUMAN
P14384,CBPM_HUMAN
P14410,SUIS_HUMAN
P14416,DRD2_HUMAN
P14543,NID1_HUMAN
P14598,NCF1_HUMAN
P14616,INSRR_HUMAN
P14625,ENPL_HUMAN
P14635,CCNB1_HUMAN
P14649,MYL6B_HUMAN
P14651,HXB3_HUMAN
P14652,HXB2_HUMAN
P14678,RSMB_HUMAN
P14735,IDE_HUMAN
P14780,MMP9_HUMAN
P14784,IL2RB_HUMAN
P14859,PO2F1_HUMAN
P14866,HNRPL_HUMAN
P14867,GBRA1_HUMAN
P14921,ETS1_HUMAN
P14923,PLAK_HUMAN
P15036,ETS2_HUMAN
P15056,BRAF_HUMAN
P15144,AMPN_HUMAN
P15169,CBPN_HUMAN
P15170,ERF3A_HUMAN
P15172,MYOD1_HUMAN
P15173,MYOG_HUMAN
P15260,INGR1_HUMAN
P15291,B4GT1_HUMAN
P15311,EZRI_HUMAN
P15336,ATF2_HUMAN
P15391,CD19_HUMAN
P15407,FOSL1_HUMAN
P15408,FOSL2_HUMAN
P15498,VAV_HUMAN
P15502,ELN_HUMAN
P15514,AREG_HUMAN
P15515,HIS1_HUMAN
P15516,HIS3_HUMAN
P15529,MCP_HUMAN
P15538,C11B1_HUMAN
P15586,GNS_HUMAN
P15621,ZNF44_HUMAN
P15622,ZN250_HUMAN
P15692,VEGFA_HUMAN
P15735,PHKG2_HUMAN
P15848,ARSB_HUMAN
P15863,PAX1_HUMAN
P15880,RS2_HUMAN
P15882,CHIN_HUMAN
P15884,ITF2_HUMAN
P15907,SIAT1_HUMAN
P15918,RAG1_HUMAN
P15923,TFE2_HUMAN
P15924,DESP_HUMAN
P15927,RFA2_HUMAN
P15976,GATA1_HUMAN
P16070,CD44_HUMAN
P16112,PGCA_HUMAN
P16118,F261_HUMAN
P16144,ITB4_HUMAN
P16150,LEUK_HUMAN
P16157,ANK1_HUMAN
P16220,CREB1_HUMAN
P16234,PGFRA_HUMAN
P16260,GDC_HUMAN
P16284,PECA1_HUMAN
P16333,NCK1_HUMAN
P16383,GCFC2_HUMAN
P16389,KCNA2_HUMAN
P16401,H15_HUMAN
P16402,H13_HUMAN
P16403,H12_HUMAN
P16410,CTLA4_HUMAN
P16415,ZN823_HUMAN
P16455,MGMT_HUMAN
P16471,PRLR_HUMAN
P16499,PDE6A_HUMAN
P16519,NEC2_HUMAN
P16591,FER_HUMAN
P16860,ANFB_HUMAN
P16871,IL7RA_HUMAN
P16885,PLCG2_HUMAN
P16989,YBOX3_HUMAN
P17010,ZFX_HUMAN
P17014,ZNF12_HUMAN
P17017,ZNF14_HUMAN
P17020,ZNF16_HUMAN
P17021,ZNF17_HUMAN
P17022,ZNF18_HUMAN
P17023,ZNF19_HUMAN
P17024,ZNF20_HUMAN
P17025,ZN182_HUMAN
P17026,ZNF22_HUMAN
P17027,ZNF23_HUMAN
P17028,ZNF24_HUMAN
P17029,ZKSC1_HUMAN
P17030,ZNF25_HUMAN
P17031,ZNF26_HUMAN
P17032,ZN37A_HUMAN
P17036,ZNF3_HUMAN
P17039,ZNF30_HUMAN
P17040,ZSC20_HUMAN
P17041,ZNF32_HUMAN
P17096,HMGA1_HUMAN
P17097,ZNF7_HUMAN
P17098,ZNF8_HUMAN
P17181,INAR1_HUMAN
P17252,KPCA_HUMAN
P17275,JUNB_HUMAN
P17302,CXA1_HUMAN
P17342,ANPRC_HUMAN
P17405,ASM_HUMAN
P17480,UBF1_HUMAN
P17481,HXB8_HUMAN
P17482,HXB9_HUMAN
P17483,HXB4_HUMAN
P17509,HXB6_HUMAN
P17535,JUND_HUMAN
P17542,TAL1_HUMAN
P17544,ATF7_HUMAN
P17568,NDUB7_HUMAN
P17600,SYN1_HUMAN
P17658,KCNA6_HUMAN
P17661,DESM_HUMAN
P17676,CEBPB_HUMAN
P17677,NEUM_HUMAN
P17706,PTN2_HUMAN
P17735,ATTY_HUMAN
P17787,ACHB2_HUMAN
P17812,PYRG1_HUMAN
P17813,EGLN_HUMAN
P17844,DDX5_HUMAN
P17861,XBP1_HUMAN
P17936,IBP3_HUMAN
P17947,SPI1_HUMAN
P17948,VGFR1_HUMAN
P17980,PRS6A_HUMAN
P18031,PTN1_HUMAN
P18065,IBP2_HUMAN
P18075,BMP7_HUMAN
P18089,ADA2B_HUMAN
P18146,EGR1_HUMAN
P18206,VINC_HUMAN
P18433,PTPRA_HUMAN
P18505,GBRB1_HUMAN
P18507,GBRG2_HUMAN
P18509,PACA_HUMAN
P18545,CNRG_HUMAN
P18583,SON_HUMAN
P18615,NELFE_HUMAN
P18627,LAG3_HUMAN
P18754,RCC1_HUMAN
P18825,ADA2C_HUMAN
P18827,SDC1_HUMAN
P18846,ATF1_HUMAN
P18847,ATF3_HUMAN
P18848,ATF4_HUMAN
P18850,ATF6A_HUMAN
P18858,DNLI1_HUMAN
P19012,K1C15_HUMAN
P19021,AMD_HUMAN
P19113,DCHS_HUMAN
P19174,PLCG1_HUMAN
P19235,EPOR_HUMAN
P19237,TNNI1_HUMAN
P19338,NUCL_HUMAN
P19404,NDUV2_HUMAN
P19419,ELK1_HUMAN
P19429,TNNI3_HUMAN
P19438,TNR1A_HUMAN
P19440,GGT1_HUMAN
P19447,ERCC3_HUMAN
P19484,TFEB_HUMAN
P19525,E2AK2_HUMAN
P19532,TFE3_HUMAN
P19622,HME2_HUMAN
P19634,SL9A1_HUMAN
P19793,RXRA_HUMAN
P19823,ITIH2_HUMAN
P19827,ITIH1_HUMAN
P19835,CEL_HUMAN
P19838,NFKB1_HUMAN
P19878,NCF2_HUMAN
P19957,ELAF_HUMAN
P19971,TYPH_HUMAN
P20020,AT2B1_HUMAN
P20042,IF2B_HUMAN
P20073,ANXA7_HUMAN
P20138,CD33_HUMAN
P20226,TBP_HUMAN
P20248,CCNA2_HUMAN
P20265,PO3F2_HUMAN
P20290,BTF3_HUMAN
P20309,ACM3_HUMAN
P20333,TNR1B_HUMAN
P20339,RAB5A_HUMAN
P20340,RAB6A_HUMAN
P20366,TKN1_HUMAN
P20382,MCH_HUMAN
P20393,NR1D1_HUMAN
P20396,TRH_HUMAN
P20585,MSH3_HUMAN
P20591,MX1_HUMAN
P20592,MX2_HUMAN
P20648,ATP4A_HUMAN
P20674,COX5A_HUMAN
P20700,LMNB1_HUMAN
P20701,ITAL_HUMAN
P20719,HXA5_HUMAN
P20749,BCL3_HUMAN
P20774,MIME_HUMAN
P20783,NTF3_HUMAN
P20794,MAK_HUMAN
P20800,EDN2_HUMAN
P20807,CAN3_HUMAN
P20810,ICAL_HUMAN
P20827,EFNA1_HUMAN
P20849,CO9A1_HUMAN
P20908,CO5A1_HUMAN
P20916,MAG_HUMAN
P20930,FILA_HUMAN
P20936,RASA1_HUMAN
P20941,PHOS_HUMAN
P20963,CD3Z_HUMAN
P21127,CD11B_HUMAN
P21128,ENDOU_HUMAN
P21246,PTN_HUMAN
P21281,VATB2_HUMAN
P21291,CSRP1_HUMAN
P21333,FLNA_HUMAN
P21359,NF1_HUMAN
P21439,MDR3_HUMAN
P21452,NK2R_HUMAN
P21453,S1PR1_HUMAN
P21506,ZNF10_HUMAN
P21554,CNR1_HUMAN
P21579,SYT1_HUMAN
P21580,TNAP3_HUMAN
P21583,SCF_HUMAN
P21728,DRD1_HUMAN
P21730,C5AR1_HUMAN
P21741,MK_HUMAN
P21757,MSRE_HUMAN
P21781,FGF7_HUMAN
P21802,FGFR2_HUMAN
P21815,SIAL_HUMAN
P21817,RYR1_HUMAN
P21854,CD72_HUMAN
P21860,ERBB3_HUMAN
P21912,SDHB_HUMAN
P21917,DRD4_HUMAN
P21918,DRD5_HUMAN
P21953,ODBB_HUMAN
P22001,KCNA3_HUMAN
P22003,BMP5_HUMAN
P22004,BMP6_HUMAN
P22059,OSBP1_HUMAN
P22083,FUT4_HUMAN
P22087,FBRL_HUMAN
P22303,ACES_HUMAN
P22304,IDS_HUMAN
P22314,UBA1_HUMAN
P22413,ENPP1_HUMAN
P22455,FGFR4_HUMAN
P22459,KCNA4_HUMAN
P22460,KCNA5_HUMAN
P22466,GALA_HUMAN
P22492,H1T_HUMAN
P22528,SPR1B_HUMAN
P22557,HEM0_HUMAN
P22607,FGFR3_HUMAN
P22626,ROA2_HUMAN
P22670,RFX1_HUMAN
P22674,CCNO_HUMAN
P22681,CBL_HUMAN
P22692,IBP4_HUMAN
P22695,QCR2_HUMAN
P22735,TGM1_HUMAN
P22736,NR4A1_HUMAN
P22749,GNLY_HUMAN
P22794,EVI2A_HUMAN
P22830,HEMH_HUMAN
P22888,LSHR_HUMAN
P22897,MRC1_HUMAN
P23025,XPA_HUMAN
P23193,TCEA1_HUMAN
P23246,SFPQ_HUMAN
P23276,KELL_HUMAN
P23284,PPIB_HUMAN
P23327,SRCH_HUMAN
P23352,KALM_HUMAN
P23378,GCSP_HUMAN
P23381,SYWC_HUMAN
P23409,MYF6_HUMAN
P23415,GLRA1_HUMAN
P23416,GLRA2_HUMAN
P23443,KS6B1_HUMAN
P23458,JAK1_HUMAN
P23468,PTPRD_HUMAN
P23469,PTPRE_HUMAN
P23470,PTPRG_HUMAN
P23471,PTPRZ_HUMAN
P23497,SP100_HUMAN
P23508,CRCM_HUMAN
P23511,NFYA_HUMAN
P23515,OMGP_HUMAN
P23527,H2B1O_HUMAN
P23560,BDNF_HUMAN
P23582,ANFC_HUMAN
P23588,IF4B_HUMAN
P23677,IP3KA_HUMAN
P23759,PAX7_HUMAN
P23760,PAX3_HUMAN
P23763,VAMP1_HUMAN
P23769,GATA2_HUMAN
P23771,GATA3_HUMAN
P23786,CPT2_HUMAN
P23921,RIR1_HUMAN
P23975,SC6A2_HUMAN
P24043,LAMA2_HUMAN
P24046,GBRR1_HUMAN
P24278,ZBT25_HUMAN
P24311,COX7B_HUMAN
P24386,RAE1_HUMAN
P24394,IL4RA_HUMAN
P24468,COT2_HUMAN
P24530,EDNRB_HUMAN
P24534,EF1B_HUMAN
P24539,AT5F1_HUMAN
P24557,THAS_HUMAN
P24588,AKAP5_HUMAN
P24592,IBP6_HUMAN
P24593,IBP5_HUMAN
P24723,KPCL_HUMAN
P24863,CCNC_HUMAN
P24864,CCNE1_HUMAN
P25054,APC_HUMAN
P25063,CD24_HUMAN
P25067,CO8A2_HUMAN
P25092,GUC2C_HUMAN
P25100,ADA1D_HUMAN
P25101,EDNRA_HUMAN
P25103,NK1R_HUMAN
P25105,PTAFR_HUMAN
P25116,PAR1_HUMAN
P25189,MYP0_HUMAN
P25205,MCM3_HUMAN
P25208,NFYB_HUMAN
P25440,BRD2_HUMAN
P25490,TYY1_HUMAN
P25686,DNJB2_HUMAN
P25705,ATPA_HUMAN
P25929,NPY1R_HUMAN
P25940,CO5A3_HUMAN
P25942,TNR5_HUMAN
P25963,IKBA_HUMAN
P26006,ITA3_HUMAN
P26022,PTX3_HUMAN
P26038,MOES_HUMAN
P26045,PTN3_HUMAN
P26196,DDX6_HUMAN
P26358,DNMT1_HUMAN
P26367,PAX6_HUMAN
P26368,U2AF2_HUMAN
P26374,RAE2_HUMAN
P26378,ELAV4_HUMAN
P26436,ASPX_HUMAN
P26572,MGAT1_HUMAN
P26583,HMGB2_HUMAN
P26599,PTBP1_HUMAN
P26639,SYTC_HUMAN
P26640,SYVC_HUMAN
P26641,EF1G_HUMAN
P26651,TTP_HUMAN
P26678,PPLA_HUMAN
P26715,NKG2A_HUMAN
P26842,CD27_HUMAN
P26992,CNTFR_HUMAN
P27448,MARK3_HUMAN
P27469,G0S2_HUMAN
P27487,DPP4_HUMAN
P27540,ARNT_HUMAN
P27544,CERS1_HUMAN
P27658,CO8A1_HUMAN
P27694,RFA1_HUMAN
P27695,APEX1_HUMAN
P27708,PYR1_HUMAN
P27797,CALR_HUMAN
P27815,PDE4A_HUMAN
P27816,MAP4_HUMAN
P27824,CALX_HUMAN
P27986,P85A_HUMAN
P27987,IP3KB_HUMAN
P28039,AOAH_HUMAN
P28062,PSB8_HUMAN
P28069,PIT1_HUMAN
P28074,PSB5_HUMAN
P28221,5HT1D_HUMAN
P28222,5HT1B_HUMAN
P28223,5HT2A_HUMAN
P28288,ABCD3_HUMAN
P28289,TMOD1_HUMAN
P28290,ITPI2_HUMAN
P28300,LYOX_HUMAN
P28324,ELK4_HUMAN
P28329,CLAT_HUMAN
P28330,ACADL_HUMAN
P28336,NMBR_HUMAN
P28340,DPOD1_HUMAN
P28347,TEAD1_HUMAN
P28356,HXD9_HUMAN
P28358,HXD10_HUMAN
P28360,MSX1_HUMAN
P28370,SMCA1_HUMAN
P28472,GBRB3_HUMAN
P28476,GBRR2_HUMAN
P28562,DUS1_HUMAN
P28566,5HT1E_HUMAN
P28698,MZF1_HUMAN
P28702,RXRB_HUMAN
P28715,ERCC5_HUMAN
P28749,RBL1_HUMAN
P28827,PTPRM_HUMAN
P28906,CD34_HUMAN
P28907,CD38_HUMAN
P28908,TNR8_HUMAN
P29074,PTN4_HUMAN
P29083,T2EA_HUMAN
P29084,T2EB_HUMAN
P29120,NEC1_HUMAN
P29122,PCSK6_HUMAN
P29274,AA2AR_HUMAN
P29323,EPHB2_HUMAN
P29350,PTN6_HUMAN
P29353,SHC1_HUMAN
P29371,NK3R_HUMAN
P29372,3MG_HUMAN
P29374,ARI4A_HUMAN
P29375,KDM5A_HUMAN
P29376,LTK_HUMAN
P29400,CO4A5_HUMAN
P29466,CASP1_HUMAN
P29474,NOS3_HUMAN
P29475,NOS1_HUMAN
P29536,LMOD1_HUMAN
P29558,RBMS1_HUMAN
P29590,PML_HUMAN
P29597,TYK2_HUMAN
P29622,KAIN_HUMAN
P29692,EF1D_HUMAN
P29803,ODPAT_HUMAN
P29965,CD40L_HUMAN
P29966,MARCS_HUMAN
P30040,ERP29_HUMAN
P30048,PRDX3_HUMAN
P30049,ATPD_HUMAN
P30203,CD6_HUMAN
P30260,CDC27_HUMAN
P30273,FCERG_HUMAN
P30291,WEE1_HUMAN
P30304,MPIP1_HUMAN
P30305,MPIP2_HUMAN
P30307,MPIP3_HUMAN
P30405,PPIF_HUMAN
P30411,BKRB2_HUMAN
P30414,NKTR_HUMAN
P30419,NMT1_HUMAN
P30518,V2R_HUMAN
P30519,HMOX2_HUMAN
P30531,SC6A1_HUMAN
P30532,ACHA5_HUMAN
P30533,AMRP_HUMAN
P30550,GRPR_HUMAN
P30556,AGTR1_HUMAN
P30559,OXYR_HUMAN
P30613,KPYR_HUMAN
P30622,CLIP1_HUMAN
P30793,GCH1_HUMAN
P30825,CTR1_HUMAN
P30872,SSR1_HUMAN
P30874,SSR2_HUMAN
P30926,ACHB4_HUMAN
P30939,5HT1F_HUMAN
P30989,NTR1_HUMAN
P31146,COR1A_HUMAN
P31152,MK04_HUMAN
P31249,HXD3_HUMAN
P31260,HXA10_HUMAN
P31267,HXA6_HUMAN
P31268,HXA7_HUMAN
P31269,HXA9_HUMAN
P31270,HXA11_HUMAN
P31271,HXA13_HUMAN
P31273,HXC8_HUMAN
P31274,HXC9_HUMAN
P31275,HXC12_HUMAN
P31276,HXC13_HUMAN
P31277,HXD11_HUMAN
P31314,TLX1_HUMAN
P31321,KAP1_HUMAN
P31323,KAP3_HUMAN
P31350,RIR2_HUMAN
P31358,CD52_HUMAN
P31371,FGF9_HUMAN
P31391,SSR4_HUMAN
P31415,CASQ1_HUMAN
P31431,SDC4_HUMAN
P31629,ZEP2_HUMAN
P31639,SC5A2_HUMAN
P31641,SC6A6_HUMAN
P31644,GBRA5_HUMAN
P31645,SC6A4_HUMAN
P31689,DNJA1_HUMAN
P31749,AKT1_HUMAN
P31751,AKT2_HUMAN
P31785,IL2RG_HUMAN
P31948,STIP1_HUMAN
P31994,FCG2B_HUMAN
P32004,L1CAM_HUMAN
P32019,I5P2_HUMAN
P32121,ARRB2_HUMAN
P32238,CCKAR_HUMAN
P32239,GASR_HUMAN
P32241,VIPR1_HUMAN
P32242,OTX1_HUMAN
P32243,OTX2_HUMAN
P32247,BRS3_HUMAN
P32248,CCR7_HUMAN
P32249,GP183_HUMAN
P32297,ACHA3_HUMAN
P32302,CXCR5_HUMAN
P32314,FOXN2_HUMAN
P32322,P5CR1_HUMAN
P32418,NAC1_HUMAN
P32519,ELF1_HUMAN
P32745,SSR3_HUMAN
P32780,TF2H1_HUMAN
P32926,DSG3_HUMAN
P32927,IL3RB_HUMAN
P32942,ICAM3_HUMAN
P32970,CD70_HUMAN
P32971,TNFL8_HUMAN
P33032,MC5R_HUMAN
P33151,CADH5_HUMAN
P33176,KINH_HUMAN
P33240,CSTF2_HUMAN
P33241,LSP1_HUMAN
P33316,DUT_HUMAN
P33402,GCYA2_HUMAN
P33527,MRP1_HUMAN
P33778,H2B1B_HUMAN
P33897,ABCD1_HUMAN
P33908,MA1A1_HUMAN
P33981,TTK_HUMAN
P33991,MCM4_HUMAN
P34741,SDC2_HUMAN
P34810,CD68_HUMAN
P34820,BMP8B_HUMAN
P34897,GLYM_HUMAN
P34903,GBRA3_HUMAN
P34910,EVI2B_HUMAN
P34925,RYK_HUMAN
P34932,HSP74_HUMAN
P34947,GRK5_HUMAN
P34969,5HT7R_HUMAN
P34972,CNR2_HUMAN
P34981,TRFR_HUMAN
P34995,PE2R1_HUMAN
P34998,CRFR1_HUMAN
P35052,GPC1_HUMAN
P35070,BTC_HUMAN
P35125,UBP6_HUMAN
P35212,CXA4_HUMAN
P35221,CTNA1_HUMAN
P35222,CTNB1_HUMAN
P35226,BMI1_HUMAN
P35227,PCGF2_HUMAN
P35228,NOS2_HUMAN
P35236,PTN7_HUMAN
P35240,MERL_HUMAN
P35241,RADI_HUMAN
P35247,SFTPD_HUMAN
P35249,RFC4_HUMAN
P35250,RFC2_HUMAN
P35251,RFC1_HUMAN
P35269,T2FA_HUMAN
P35318,ADML_HUMAN
P35321,SPR1A_HUMAN
P35325,SPR2B_HUMAN
P35346,SSR5_HUMAN
P35348,ADA1A_HUMAN
P35367,HRH1_HUMAN
P35368,ADA1B_HUMAN
P35372,OPRM_HUMAN
P35398,RORA_HUMAN
P35408,PE2R4_HUMAN
P35414,APJ_HUMAN
P35452,HXD12_HUMAN
P35453,HXD13_HUMAN
P35498,SCN1A_HUMAN
P35499,SCN4A_HUMAN
P35520,CBS_HUMAN
P35523,CLCN1_HUMAN
P35527,K1C9_HUMAN
P35548,MSX2_HUMAN
P35568,IRS1_HUMAN
P35579,MYH9_HUMAN
P35580,MYH10_HUMAN
P35590,TIE1_HUMAN
P35606,COPB2_HUMAN
P35610,SOAT1_HUMAN
P35611,ADDA_HUMAN
P35613,BASI_HUMAN
P35637,FUS_HUMAN
P35638,DDIT3_HUMAN
P35658,NU214_HUMAN
P35659,DEK_HUMAN
P35663,CYLC1_HUMAN
P35670,ATP7B_HUMAN
P35680,HNF1B_HUMAN
P35711,SOX5_HUMAN
P35712,SOX6_HUMAN
P35713,SOX18_HUMAN
P35716,SOX11_HUMAN
P35749,MYH11_HUMAN
P35790,CHKA_HUMAN
P35858,ALS_HUMAN
P35869,AHR_HUMAN
P35900,K1C20_HUMAN
P35908,K22E_HUMAN
P35913,PDE6B_HUMAN
P35916,VGFR3_HUMAN
P35968,VGFR2_HUMAN
P36021,MOT8_HUMAN
P36269,GGT5_HUMAN
P36382,CXA5_HUMAN
P36383,CXG1_HUMAN
P36507,MP2K2_HUMAN
P36508,ZNF76_HUMAN
P36544,ACHA7_HUMAN
P36551,HEM6_HUMAN
P36578,RL4_HUMAN
P36776,LONM_HUMAN
P36888,FLT3_HUMAN
P36915,GNL1_HUMAN
P36941,TNR3_HUMAN
P36955,PEDF_HUMAN
P36956,SRBP1_HUMAN
P36957,ODO2_HUMAN
P37088,SCNNA_HUMAN
P37108,SRP14_HUMAN
P37198,NUP62_HUMAN
P37231,PPARG_HUMAN
P37275,ZEB1_HUMAN
P37288,V1AR_HUMAN
P37840,SYUA_HUMAN
P38159,RBMX_HUMAN
P38398,BRCA1_HUMAN
P38432,COIL_HUMAN
P38435,VKGC_HUMAN
P38570,ITAE_HUMAN
P38646,GRP75_HUMAN
P38935,SMBP2_HUMAN
P38936,CDN1A_HUMAN
P39023,RL3_HUMAN
P39059,COFA1_HUMAN
P39060,COIA1_HUMAN
P39086,GRIK1_HUMAN
P39656,OST48_HUMAN
P39687,AN32A_HUMAN
P39748,FEN1_HUMAN
P39880,CUX1_HUMAN
P39905,GDNF_HUMAN
P40123,CAP2_HUMAN
P40145,ADCY8_HUMAN
P40189,IL6RB_HUMAN
P40197,GPV_HUMAN
P40198,CEAM3_HUMAN
P40200,TACT_HUMAN
P40222,TXLNA_HUMAN
P40225,TPO_HUMAN
P40238,TPOR_HUMAN
P40305,IFI27_HUMAN
P40337,VHL_HUMAN
P40424,PBX1_HUMAN
P40425,PBX2_HUMAN
P40426,PBX3_HUMAN
P40692,MLH1_HUMAN
P40763,STAT3_HUMAN
P40818,UBP8_HUMAN
P40855,PEX19_HUMAN
P40879,S26A3_HUMAN
P40967,PMEL_HUMAN
P41002,CCNF_HUMAN
P41134,ID1_HUMAN
P41143,OPRD_HUMAN
P41145,OPRK_HUMAN
P41146,OPRX_HUMAN
P41161,ETV5_HUMAN
P41162,ETV3_HUMAN
P41180,CASR_HUMAN
P41181,AQP2_HUMAN
P41182,BCL6_HUMAN
P41212,ETV6_HUMAN
P41214,EIF2D_HUMAN
P41218,MNDA_HUMAN
P41219,PERI_HUMAN
P41220,RGS2_HUMAN
P41221,WNT5A_HUMAN
P41225,SOX3_HUMAN
P41227,NAA10_HUMAN
P41229,KDM5C_HUMAN
P41231,P2RY2_HUMAN
P41235,HNF4A_HUMAN
P41236,IPP2_HUMAN
P41250,GARS_HUMAN
P41271,NBL1_HUMAN
P41273,TNFL9_HUMAN
P41279,M3K8_HUMAN
P41439,FOLR3_HUMAN
P41440,S19A1_HUMAN
P41586,PACR_HUMAN
P41587,VIPR2_HUMAN
P41594,GRM5_HUMAN
P41595,5HT2B_HUMAN
P41597,CCR2_HUMAN
P41743,KPCI_HUMAN
P41968,MC3R_HUMAN
P41970,ELK3_HUMAN
P42081,CD86_HUMAN
P42126,ECI1_HUMAN
P42127,ASIP_HUMAN
P42166,LAP2A_HUMAN
P42226,STAT6_HUMAN
P42229,STA5A_HUMAN
P42261,GRIA1_HUMAN
P42263,GRIA3_HUMAN
P42285,MTREX_HUMAN
P42345,MTOR_HUMAN
P42566,EPS15_HUMAN
P42568,AF9_HUMAN
P42574,CASP3_HUMAN
P42575,CASP2_HUMAN
P42658,DPP6_HUMAN
P42679,MATK_HUMAN
P42680,TEC_HUMAN
P42681,TXK_HUMAN
P42684,ABL2_HUMAN
P42695,CNDD3_HUMAN
P42696,RBM34_HUMAN
P42701,I12R1_HUMAN
P42702,LIFR_HUMAN
P42766,RL35_HUMAN
P42768,WASP_HUMAN
P42785,PCP_HUMAN
P42830,CXCL5_HUMAN
P42857,NSG1_HUMAN
P42858,HD_HUMAN
P42892,ECE1_HUMAN
P42898,MTHR_HUMAN
P43003,EAA1_HUMAN
P43004,EAA2_HUMAN
P43005,EAA3_HUMAN
P43007,SATT_HUMAN
P43088,PF2R_HUMAN
P43115,PE2R3_HUMAN
P43119,PI2R_HUMAN
P43121,MUC18_HUMAN
P43146,DCC_HUMAN
P43155,CACP_HUMAN
P43220,GLP1R_HUMAN
P43243,MATR3_HUMAN
P43268,ETV4_HUMAN
P43304,GPDM_HUMAN
P43307,SSRA_HUMAN
P43351,RAD52_HUMAN
P43354,NR4A2_HUMAN
P43355,MAGA1_HUMAN
P43356,MAGA2_HUMAN
P43357,MAGA3_HUMAN
P43358,MAGA4_HUMAN
P43360,MAGA6_HUMAN
P43361,MAGA8_HUMAN
P43362,MAGA9_HUMAN
P43363,MAGAA_HUMAN
P43364,MAGAB_HUMAN
P43365,MAGAC_HUMAN
P43366,MAGB1_HUMAN
P43403,ZAP70_HUMAN
P43405,KSYK_HUMAN
P43487,RANG_HUMAN
P43489,TNR4_HUMAN
P43629,KI3L1_HUMAN
P43630,KI3L2_HUMAN
P43657,LPAR6_HUMAN
P43681,ACHA4_HUMAN
P43686,PRS6B_HUMAN
P43694,GATA4_HUMAN
P43699,NKX21_HUMAN
P45378,TNNT3_HUMAN
P45379,TNNT2_HUMAN
P45844,ABCG1_HUMAN
P45877,PPIC_HUMAN
P45954,ACDSB_HUMAN
P45973,CBX5_HUMAN
P45983,MK08_HUMAN
P45984,MK09_HUMAN
P45985,MP2K4_HUMAN
P46013,KI67_HUMAN
P46019,KPB2_HUMAN
P46060,RAGP1_HUMAN
P46063,RECQ1_HUMAN
P46087,NOP2_HUMAN
P46089,GPR3_HUMAN
P46091,GPR1_HUMAN
P46092,CCR10_HUMAN
P46093,GPR4_HUMAN
P46095,GPR6_HUMAN
P46098,5HT3A_HUMAN
P46108,CRK_HUMAN
P46109,CRKL_HUMAN
P46199,IF2M_HUMAN
P46527,CDN1B_HUMAN
P46531,NOTC1_HUMAN
P46695,IEX1_HUMAN
P46721,SO1A2_HUMAN
P46734,MP2K3_HUMAN
P46776,RL27A_HUMAN
P46781,RS9_HUMAN
P46783,RS10_HUMAN
P46821,MAP1B_HUMAN
P46934,NEDD4_HUMAN
P46937,YAP1_HUMAN
P46939,UTRO_HUMAN
P46977,STT3A_HUMAN
P47710,CASA1_HUMAN
P47712,PA24A_HUMAN
P47736,RPGP1_HUMAN
P47775,GPR12_HUMAN
P47813,IF1AX_HUMAN
P47869,GBRA2_HUMAN
P47870,GBRB2_HUMAN
P47871,GLR_HUMAN
P47872,SCTR_HUMAN
P47897,SYQ_HUMAN
P47898,5HT5A_HUMAN
P47900,P2RY1_HUMAN
P47901,V1BR_HUMAN
P47902,CDX1_HUMAN
P47914,RL29_HUMAN
P47928,ID4_HUMAN
P47972,NPTX2_HUMAN
P47974,TISD_HUMAN
P47985,UCRI_HUMAN
P48023,TNFL6_HUMAN
P48029,SC6A8_HUMAN
P48050,KCNJ4_HUMAN
P48051,KCNJ6_HUMAN
P48058,GRIA4_HUMAN
P48065,S6A12_HUMAN
P48066,S6A11_HUMAN
P48067,SC6A9_HUMAN
P48146,NPBW2_HUMAN
P48165,CXA8_HUMAN
P48167,GLRB_HUMAN
P48169,GBRA4_HUMAN
P48201,AT5G3_HUMAN
P48304,REG1B_HUMAN
P48378,RFX2_HUMAN
P48380,RFX3_HUMAN
P48382,RFX5_HUMAN
P48426,PI42A_HUMAN
P48431,SOX2_HUMAN
P48436,SOX9_HUMAN
P48443,RXRG_HUMAN
P48444,COPD_HUMAN
P48454,PP2BC_HUMAN
P48544,KCNJ5_HUMAN
P48546,GIPR_HUMAN
P48547,KCNC1_HUMAN
P48549,KCNJ3_HUMAN
P48551,INAR2_HUMAN
P48552,NRIP1_HUMAN
P48553,TPC10_HUMAN
P48556,PSMD8_HUMAN
P48634,PRC2A_HUMAN
P48645,NMU_HUMAN
P48651,PTSS1_HUMAN
P48664,EAA4_HUMAN
P48668,K2C6C_HUMAN
P48681,NEST_HUMAN
P48723,HSP13_HUMAN
P48729,KC1A_HUMAN
P48730,KC1D_HUMAN
P48735,IDHP_HUMAN
P48736,PK3CG_HUMAN
P48742,LHX1_HUMAN
P48751,B3A3_HUMAN
P48764,SL9A3_HUMAN
P48775,T23O_HUMAN
P48788,TNNI2_HUMAN
P48995,TRPC1_HUMAN
P49006,MRP_HUMAN
P49019,HCAR3_HUMAN
P49023,PAXI_HUMAN
P49069,CAMLG_HUMAN
P49116,NR2C2_HUMAN
P49137,MAPK2_HUMAN
P49146,NPY2R_HUMAN
P49190,PTH2R_HUMAN
P49238,CX3C1_HUMAN
P49247,RPIA_HUMAN
P49257,LMAN1_HUMAN
P49279,NRAM1_HUMAN
P49281,NRAM2_HUMAN
P49321,NASP_HUMAN
P49336,CDK8_HUMAN
P49354,FNTA_HUMAN
P49356,FNTB_HUMAN
P49406,RM19_HUMAN
P49407,ARRB1_HUMAN
P49418,AMPH_HUMAN
P49427,UB2R1_HUMAN
P49441,INPP_HUMAN
P49448,DHE4_HUMAN
P49450,CENPA_HUMAN
P49454,CENPF_HUMAN
P49585,PCY1A_HUMAN
P49591,SYSC_HUMAN
P49593,PPM1F_HUMAN
P49619,DGKG_HUMAN
P49640,EVX1_HUMAN
P49641,MA2A2_HUMAN
P49643,PRI2_HUMAN
P49674,KC1E_HUMAN
P49683,PRLHR_HUMAN
P49685,GPR15_HUMAN
P49711,CTCF_HUMAN
P49715,CEBPA_HUMAN
P49716,CEBPD_HUMAN
P49736,MCM2_HUMAN
P49748,ACADV_HUMAN
P49750,YLPM1_HUMAN
P49756,RBM25_HUMAN
P49757,NUMB_HUMAN
P49758,RGS6_HUMAN
P49759,CLK1_HUMAN
P49760,CLK2_HUMAN
P49763,PLGF_HUMAN
P49765,VEGFB_HUMAN
P49767,VEGFC_HUMAN
P49768,PSN1_HUMAN
P49771,FLT3L_HUMAN
P49788,TIG1_HUMAN
P49790,NU153_HUMAN
P49792,RBP2_HUMAN
P49795,RGS19_HUMAN
P49796,RGS3_HUMAN
P49802,RGS7_HUMAN
P49810,PSN2_HUMAN
P49815,TSC2_HUMAN
P49821,NDUV1_HUMAN
P49840,GSK3A_HUMAN
P49841,GSK3B_HUMAN
P49848,TAF6_HUMAN
P49901,MCSP_HUMAN
P49902,5NTC_HUMAN
P49910,ZN165_HUMAN
P49916,DNLI3_HUMAN
P49959,MRE11_HUMAN
P49961,ENTP1_HUMAN
P50052,AGTR2_HUMAN
P50219,MNX1_HUMAN
P50221,MEOX1_HUMAN
P50222,MEOX2_HUMAN
P50402,EMD_HUMAN
P50406,5HT6R_HUMAN
P50443,S26A2_HUMAN
P50454,SERPH_HUMAN
P50458,LHX2_HUMAN
P50479,PDLI4_HUMAN
P50502,F10A1_HUMAN
P50539,MXI1_HUMAN
P50542,PEX5_HUMAN
P50548,ERF_HUMAN
P50549,ETV1_HUMAN
P50552,VASP_HUMAN
P50553,ASCL1_HUMAN
P50570,DYN2_HUMAN
P50579,MAP2_HUMAN
P50591,TNF10_HUMAN
P50607,TUB_HUMAN
P50613,CDK7_HUMAN
P50616,TOB1_HUMAN
P50747,BPL1_HUMAN
P50749,RASF2_HUMAN
P50750,CDK9_HUMAN
P50851,LRBA_HUMAN
P50914,RL14_HUMAN
P50993,AT1A2_HUMAN
P50995,ANX11_HUMAN
P51003,PAPOA_HUMAN
P51114,FXR1_HUMAN
P51116,FXR2_HUMAN
P51148,RAB5C_HUMAN
P51157,RAB28_HUMAN
P51160,PDE6C_HUMAN
P51168,SCNNB_HUMAN
P51170,SCNNG_HUMAN
P51172,SCNND_HUMAN
P51178,PLCD1_HUMAN
P51397,DAP1_HUMAN
P51398,RT29_HUMAN
P51449,RORG_HUMAN
P51451,BLK_HUMAN
P51460,INSL3_HUMAN
P51504,ZNF80_HUMAN
P51508,ZNF81_HUMAN
P51511,MMP15_HUMAN
P51512,MMP16_HUMAN
P51513,NOVA1_HUMAN
P51522,ZNF83_HUMAN
P51523,ZNF84_HUMAN
P51531,SMCA2_HUMAN
P51532,SMCA4_HUMAN
P51553,IDH3G_HUMAN
P51582,P2RY4_HUMAN
P51608,MECP2_HUMAN
P51610,HCFC1_HUMAN
P51617,IRAK1_HUMAN
P51636,CAV2_HUMAN
P51649,SSDH_HUMAN
P51654,GPC3_HUMAN
P51665,PSMD7_HUMAN
P51684,CCR6_HUMAN
P51689,ARSD_HUMAN
P51690,ARSE_HUMAN
P51692,STA5B_HUMAN
P51693,APLP1_HUMAN
P51784,UBP11_HUMAN
P51786,ZN157_HUMAN
P51787,KCNQ1_HUMAN
P51788,CLCN2_HUMAN
P51790,CLCN3_HUMAN
P51797,CLCN6_HUMAN
P51798,CLCN7_HUMAN
P51810,GP143_HUMAN
P51811,XK_HUMAN
P51812,KS6A3_HUMAN
P51813,BMX_HUMAN
P51815,ZN75D_HUMAN
P51816,AFF2_HUMAN
P51817,PRKX_HUMAN
P51825,AFF1_HUMAN
P51826,AFF3_HUMAN
P51828,ADCY7_HUMAN
P51841,GUC2F_HUMAN
P51858,HDGF_HUMAN
P51861,CDR1_HUMAN
P51888,PRELP_HUMAN
P51946,CCNH_HUMAN
P51948,MAT1_HUMAN
P51955,NEK2_HUMAN
P51956,NEK3_HUMAN
P51957,NEK4_HUMAN
P51965,UB2E1_HUMAN
P51970,NDUA8_HUMAN
P51991,ROA3_HUMAN
P51993,FUT6_HUMAN
P52179,MYOM1_HUMAN
P52198,RND2_HUMAN
P52272,HNRPM_HUMAN
P52292,IMA1_HUMAN
P52294,IMA5_HUMAN
P52298,NCBP2_HUMAN
P52429,DGKE_HUMAN
P52564,MP2K6_HUMAN
P52569,CTR2_HUMAN
P52594,AGFG1_HUMAN
P52597,HNRPF_HUMAN
P52630,STAT2_HUMAN
P52655,TF2AA_HUMAN
P52701,MSH6_HUMAN
P52732,KIF11_HUMAN
P52736,ZN133_HUMAN
P52737,ZN136_HUMAN
P52738,ZN140_HUMAN
P52739,ZN131_HUMAN
P52740,ZN132_HUMAN
P52741,ZN134_HUMAN
P52742,ZN135_HUMAN
P52746,ZN142_HUMAN
P52747,ZN143_HUMAN
P52756,RBM5_HUMAN
P52757,CHIO_HUMAN
P52797,EFNA3_HUMAN
P52798,EFNA4_HUMAN
P52799,EFNB2_HUMAN
P52803,EFNA5_HUMAN
P52815,RM12_HUMAN
P52823,STC1_HUMAN
P52824,DGKQ_HUMAN
P52848,NDST1_HUMAN
P52849,NDST2_HUMAN
P52926,HMGA2_HUMAN
P52943,CRIP2_HUMAN
P52945,PDX1_HUMAN
P52948,NUP98_HUMAN
P52951,GBX2_HUMAN
P52952,NKX25_HUMAN
P52954,LBX1_HUMAN
P53350,PLK1_HUMAN
P53355,DAPK1_HUMAN
P53365,ARFP2_HUMAN
P53367,ARFP1_HUMAN
P53396,ACLY_HUMAN
P53420,CO4A4_HUMAN
P53539,FOSB_HUMAN
P53597,SUCA_HUMAN
P53621,COPA_HUMAN
P53667,LIMK1_HUMAN
P53671,LIMK2_HUMAN
P53674,CRBB1_HUMAN
P53701,CCHL_HUMAN
P53779,MK10_HUMAN
P53801,PTTG_HUMAN
P53804,TTC3_HUMAN
P53805,RCAN1_HUMAN
P53814,SMTN_HUMAN
P53985,MOT1_HUMAN
P53992,SC24C_HUMAN
P53999,TCP4_HUMAN
P54098,DPOG1_HUMAN
P54105,ICLN_HUMAN
P54132,BLM_HUMAN
P54198,HIRA_HUMAN
P54219,VMAT1_HUMAN
P54252,ATX3_HUMAN
P54253,ATX1_HUMAN
P54257,HAP1_HUMAN
P54259,ATN1_HUMAN
P54274,TERF1_HUMAN
P54277,PMS1_HUMAN
P54278,PMS2_HUMAN
P54284,CACB3_HUMAN
P54368,OAZ1_HUMAN
P54646,AAPK2_HUMAN
P54707,AT12A_HUMAN
P54725,RD23A_HUMAN
P54727,RD23B_HUMAN
P54750,PDE1A_HUMAN
P54756,EPHA5_HUMAN
P54821,PRRX1_HUMAN
P54826,GAS1_HUMAN
P54829,PTN5_HUMAN
P54840,GYS2_HUMAN
P54845,NRL_HUMAN
P54868,HMCS2_HUMAN
P55001,MFAP2_HUMAN
P55010,IF5_HUMAN
P55011,S12A2_HUMAN
P55017,S12A3_HUMAN
P55036,PSMD4_HUMAN
P55040,GEM_HUMAN
P55042,RAD_HUMAN
P55055,NR1H2_HUMAN
P55056,APOC4_HUMAN
P55072,TERA_HUMAN
P55075,FGF8_HUMAN
P55081,MFAP1_HUMAN
P55082,MFAP3_HUMAN
P55083,MFAP4_HUMAN
P55084,ECHB_HUMAN
P55089,UCN1_HUMAN
P55107,GDF10_HUMAN
P55160,NCKPL_HUMAN
P55196,AFAD_HUMAN
P55197,AF10_HUMAN
P55198,AF17_HUMAN
P55201,BRPF1_HUMAN
P55209,NP1L1_HUMAN
P55210,CASP7_HUMAN
P55211,CASP9_HUMAN
P55212,CASP6_HUMAN
P55265,DSRAD_HUMAN
P55285,CADH6_HUMAN
P55286,CADH8_HUMAN
P55287,CAD11_HUMAN
P55289,CAD12_HUMAN
P55316,FOXG1_HUMAN
P55317,FOXA1_HUMAN
P55318,FOXA3_HUMAN
P55327,TPD52_HUMAN
P55347,PKNX1_HUMAN
P55771,PAX9_HUMAN
P55786,PSA_HUMAN
P55789,ALR_HUMAN
P55808,XG_HUMAN
P55884,EIF3B_HUMAN
P55899,FCGRN_HUMAN
P56159,GFRA1_HUMAN
P56177,DLX1_HUMAN
P56178,DLX5_HUMAN
P56180,TPTE_HUMAN
P56181,NDUV3_HUMAN
P56182,RRP1_HUMAN
P56211,ARP19_HUMAN
P56270,MAZ_HUMAN
P56373,P2RX3_HUMAN
P56524,HDAC4_HUMAN
P56545,CTBP2_HUMAN
P56645,PER3_HUMAN
P56693,SOX10_HUMAN
P56696,KCNQ4_HUMAN
P56715,RP1_HUMAN
P56746,CLD15_HUMAN
P56747,CLD6_HUMAN
P56748,CLD8_HUMAN
P56749,CLD12_HUMAN
P56750,CLD17_HUMAN
P56856,CLD18_HUMAN
P56880,CLD20_HUMAN
P56915,GSC_HUMAN
P56945,BCAR1_HUMAN
P56962,STX17_HUMAN
P56975,NRG3_HUMAN
P57052,RBM11_HUMAN
P57053,H2BFS_HUMAN
P57054,PIGP_HUMAN
P57055,DSCR6_HUMAN
P57057,G6PT2_HUMAN
P57058,HUNK_HUMAN
P57059,SIK1_HUMAN
P57073,SOX8_HUMAN
P57077,M3KCL_HUMAN
P57078,RIPK4_HUMAN
P57081,WDR4_HUMAN
P57082,TBX4_HUMAN
P57086,SCND1_HUMAN
P57087,JAM2_HUMAN
P57103,NAC3_HUMAN
P57105,SYJ2B_HUMAN
P57679,EVC_HUMAN
P57682,KLF3_HUMAN
P57723,PCBP4_HUMAN
P57727,TMPS3_HUMAN
P57735,RAB25_HUMAN
P57737,CORO7_HUMAN
P57739,CLD2_HUMAN
P57740,NU107_HUMAN
P57768,SNX16_HUMAN
P57771,RGS8_HUMAN
P57773,CXA9_HUMAN
P57789,KCNKA_HUMAN
P57796,CABP4_HUMAN
P58004,SESN2_HUMAN
P58005,SESN3_HUMAN
P58012,FOXL2_HUMAN
P58107,EPIPL_HUMAN
P58304,VSX2_HUMAN
P58317,ZN121_HUMAN
P58340,MLF1_HUMAN
P58397,ATS12_HUMAN
P58417,NXPH1_HUMAN
P58499,FAM3B_HUMAN
P58505,CU058_HUMAN
P58658,EVA1C_HUMAN
P58743,S26A5_HUMAN
P58753,TIRAP_HUMAN
P58872,RHBL3_HUMAN
P58876,H2B1D_HUMAN
P59025,RTP1_HUMAN
P59046,NAL12_HUMAN
P59047,NALP5_HUMAN
P59190,RAB15_HUMAN
P59773,MNARL_HUMAN
P59780,AP3S2_HUMAN
P59923,ZN445_HUMAN
P59942,MCCD1_HUMAN
P59990,KR121_HUMAN
P59991,KR122_HUMAN
P60006,APC15_HUMAN
P60014,KR10A_HUMAN
P60153,RNAS9_HUMAN
P60321,NANO2_HUMAN
P60323,NANO3_HUMAN
P60331,KR101_HUMAN
P60368,KR102_HUMAN
P60369,KR103_HUMAN
P60409,KR107_HUMAN
P60410,KR108_HUMAN
P60411,KR109_HUMAN
P60412,KR10B_HUMAN
P60413,KR10C_HUMAN
P60468,SC61B_HUMAN
P60484,PTEN_HUMAN
P60606,CTXN1_HUMAN
P60827,C1QT8_HUMAN
P60852,ZP1_HUMAN
P60880,SNP25_HUMAN
P61006,RAB8A_HUMAN
P61011,SRP54_HUMAN
P61018,RAB4B_HUMAN
P61020,RAB5B_HUMAN
P61106,RAB14_HUMAN
P61129,ZC3H6_HUMAN
P61218,RPAB2_HUMAN
P61244,MAX_HUMAN
P61247,RS3A_HUMAN
P61278,SMS_HUMAN
P61296,HAND2_HUMAN
P61313,RL15_HUMAN
P61328,FGF12_HUMAN
P61366,OSTN_HUMAN
P61371,ISL1_HUMAN
P61587,RND3_HUMAN
P61647,SIA8F_HUMAN
P61812,TGFB2_HUMAN
P61925,IPKA_HUMAN
P61927,RL37_HUMAN
P61978,HNRPK_HUMAN
P62191,PRS4_HUMAN
P62241,RS8_HUMAN
P62256,UBE2H_HUMAN
P62266,RS23_HUMAN
P62269,RS18_HUMAN
P62314,SMD1_HUMAN
P62318,SMD3_HUMAN
P62324,BTG1_HUMAN
P62424,RL7A_HUMAN
P62491,RB11A_HUMAN
P62508,ERR3_HUMAN
P62633,CNBP_HUMAN
P62750,RL23A_HUMAN
P62753,RS6_HUMAN
P62807,H2B1C_HUMAN
P62847,RS24_HUMAN
P62851,RS25_HUMAN
P62910,RL32_HUMAN
P62955,CCG7_HUMAN
P62995,TRA2B_HUMAN
P63010,AP2B1_HUMAN
P63027,VAMP2_HUMAN
P63162,RSMN_HUMAN
P63252,KCNJ2_HUMAN
P67809,YBOX1_HUMAN
P68400,CSK21_HUMAN
P68543,UBX2A_HUMAN
P78310,CXAR_HUMAN
P78312,F193A_HUMAN
P78314,3BP2_HUMAN
P78316,NOP14_HUMAN
P78317,RNF4_HUMAN
P78318,IGBP1_HUMAN
P78324,SHPS1_HUMAN
P78325,ADAM8_HUMAN
P78332,RBM6_HUMAN
P78333,GPC5_HUMAN
P78334,GBRE_HUMAN
P78337,PITX1_HUMAN
P78344,IF4G2_HUMAN
P78345,RPP38_HUMAN
P78347,GTF2I_HUMAN
P78348,ASIC1_HUMAN
P78352,DLG4_HUMAN
P78356,PI42B_HUMAN
P78357,CNTP1_HUMAN
P78358,CTG1B_HUMAN
P78362,SRPK2_HUMAN
P78363,ABCA4_HUMAN
P78364,PHC1_HUMAN
P78367,NKX32_HUMAN
P78368,KC1G2_HUMAN
P78369,CLD10_HUMAN
P78380,OLR1_HUMAN
P78381,S35A2_HUMAN
P78396,CCNA1_HUMAN
P78411,IRX5_HUMAN
P78412,IRX6_HUMAN
P78413,IRX4_HUMAN
P78414,IRX1_HUMAN
P78415,IRX3_HUMAN
P78423,X3CL1_HUMAN
P78424,PO6F2_HUMAN
P78426,NKX61_HUMAN
P78504,JAG1_HUMAN
P78508,KCJ10_HUMAN
P78524,ST5_HUMAN
P78527,PRKDC_HUMAN
P78536,ADA17_HUMAN
P78537,BL1S1_HUMAN
P78545,ELF3_HUMAN
P78549,NTH_HUMAN
P78552,I13R1_HUMAN
P78559,MAP1A_HUMAN
P78562,PHEX_HUMAN
P78563,RED1_HUMAN
P79522,PRR3_HUMAN
P80162,CXCL6_HUMAN
P80192,M3K9_HUMAN
P80297,MT1X_HUMAN
P80303,NUCB2_HUMAN
P80404,GABT_HUMAN
P80723,BASP1_HUMAN
P81133,SIM1_HUMAN
P81172,HEPC_HUMAN
P81274,GPSM2_HUMAN
P81277,PRRP_HUMAN
P81408,F189B_HUMAN
P81877,SSBP2_HUMAN
P82094,TMF1_HUMAN
P82673,RT35_HUMAN
P82675,RT05_HUMAN
P82909,RT36_HUMAN
P82912,RT11_HUMAN
P82970,HMGN5_HUMAN
P82979,SARNP_HUMAN
P82987,ATL3_HUMAN
P83105,HTRA4_HUMAN
P83111,LACTB_HUMAN
P83369,LSM11_HUMAN
P83731,RL24_HUMAN
P83859,OX26_HUMAN
P83916,CBX1_HUMAN
P84098,RL19_HUMAN
P84101,SERF2_HUMAN
P84103,SRSF3_HUMAN
P84157,MXRA7_HUMAN
P84243,H33_HUMAN
P84550,SKOR1_HUMAN
P85037,FOXK1_HUMAN
P85298,RHG08_HUMAN
P85299,PRR5_HUMAN
P86452,ZBED6_HUMAN
P86478,PR20E_HUMAN
P86479,PR20C_HUMAN
P86480,PR20D_HUMAN
P86481,PR20B_HUMAN
P86496,PR20A_HUMAN
P98073,ENTK_HUMAN
P98082,DAB2_HUMAN
P98088,MUC5A_HUMAN
P98095,FBLN2_HUMAN
P98153,IDD_HUMAN
P98160,PGBM_HUMAN
P98161,PKD1_HUMAN
P98164,LRP2_HUMAN
P98168,ZXDA_HUMAN
P98169,ZXDB_HUMAN
P98171,RHG04_HUMAN
P98172,EFNB1_HUMAN
P98173,FAM3A_HUMAN
P98174,FGD1_HUMAN
P98175,RBM10_HUMAN
P98177,FOXO4_HUMAN
P98179,RBM3_HUMAN
P98182,ZN200_HUMAN
Q00013,EM55_HUMAN
Q00056,HXA4_HUMAN
Q00325,MPCP_HUMAN
Q00444,HXC5_HUMAN
Q00536,CDK16_HUMAN
Q00537,CDK17_HUMAN
Q00577,PURA_HUMAN
Q00587,BORG5_HUMAN
Q00613,HSF1_HUMAN
Q00653,NFKB2_HUMAN
Q00688,FKBP3_HUMAN
Q00722,PLCB2_HUMAN
Q00839,HNRPU_HUMAN
Q00872,MYPC1_HUMAN
Q008S8,ECT2L_HUMAN
Q00973,B4GN1_HUMAN
Q00975,CAC1B_HUMAN
Q00978,IRF9_HUMAN
Q00987,MDM2_HUMAN
Q00994,BEX3_HUMAN
Q00G26,PLIN5_HUMAN
Q00LT1,PRCD_HUMAN
Q01064,PDE1B_HUMAN
Q01081,U2AF1_HUMAN
Q01082,SPTB2_HUMAN
Q01094,E2F1_HUMAN
Q01101,INSM1_HUMAN
Q01105,SET_HUMAN
Q01113,IL9R_HUMAN
Q01118,SCN7A_HUMAN
Q01130,SRSF2_HUMAN
Q01167,FOXK2_HUMAN
Q01196,RUNX1_HUMAN
Q01201,RELB_HUMAN
Q01432,AMPD3_HUMAN
Q01484,ANK2_HUMAN
Q01518,CAP1_HUMAN
Q01534,TSPY1_HUMAN
Q01538,MYT1_HUMAN
Q01543,FLI1_HUMAN
Q01546,K22O_HUMAN
Q01628,IFM3_HUMAN
Q01629,IFM2_HUMAN
Q01650,LAT1_HUMAN
Q01664,TFAP4_HUMAN
Q01668,CAC1D_HUMAN
Q01726,MSHR_HUMAN
Q01780,EXOSX_HUMAN
Q01804,OTUD4_HUMAN
Q01814,AT2B2_HUMAN
Q01826,SATB1_HUMAN
Q01831,XPC_HUMAN
Q01844,EWS_HUMAN
Q01850,CDR2_HUMAN
Q01851,PO4F1_HUMAN
Q01860,PO5F1_HUMAN
Q01892,SPIB_HUMAN
Q01954,BNC1_HUMAN
Q01955,CO4A3_HUMAN
Q01959,SC6A3_HUMAN
Q01968,OCRL_HUMAN
Q01970,PLCB3_HUMAN
Q01973,ROR1_HUMAN
Q01974,ROR2_HUMAN
Q02040,AK17A_HUMAN
Q02078,MEF2A_HUMAN
Q02080,MEF2B_HUMAN
Q02086,SP2_HUMAN
Q02108,GCYA1_HUMAN
Q02156,KPCE_HUMAN
Q02218,ODO1_HUMAN
Q02223,TNR17_HUMAN
Q02224,CENPE_HUMAN
Q02241,KIF23_HUMAN
Q02252,MMSA_HUMAN
Q02297,NRG1_HUMAN
Q02318,CP27A_HUMAN
Q02363,ID2_HUMAN
Q02383,SEMG2_HUMAN
Q02386,ZNF45_HUMAN
Q02388,CO7A1_HUMAN
Q02410,APBA1_HUMAN
Q02413,DSG1_HUMAN
Q02446,SP4_HUMAN
Q02447,SP3_HUMAN
Q02509,OC90_HUMAN
Q02535,ID3_HUMAN
Q02539,H11_HUMAN
Q02548,PAX5_HUMAN
Q02556,IRF8_HUMAN
Q02575,HEN1_HUMAN
Q02577,HEN2_HUMAN
Q02641,CACB1_HUMAN
Q02742,GCNT1_HUMAN
Q02750,MP2K1_HUMAN
Q02763,TIE2_HUMAN
Q02779,M3K10_HUMAN
Q02790,FKBP4_HUMAN
Q02818,NUCB1_HUMAN
Q02833,RASF7_HUMAN
Q02878,RL6_HUMAN
Q02880,TOP2B_HUMAN
Q02930,CREB5_HUMAN
Q02952,AKA12_HUMAN
Q02962,PAX2_HUMAN
Q03014,HHEX_HUMAN
Q03052,PO3F1_HUMAN
Q03060,CREM_HUMAN
Q03111,ENL_HUMAN
Q03112,MECOM_HUMAN
Q03135,CAV1_HUMAN
Q03164,KMT2A_HUMAN
Q03167,TGBR3_HUMAN
Q03169,TNAP2_HUMAN
Q03181,PPARD_HUMAN
Q03188,CENPC_HUMAN
Q03252,LMNB2_HUMAN
Q03395,ROM1_HUMAN
Q03431,PTH1R_HUMAN
Q03468,ERCC6_HUMAN
Q03692,COAA1_HUMAN
Q03701,CEBPZ_HUMAN
Q03721,KCNC4_HUMAN
Q03828,EVX2_HUMAN
Q03923,ZNF85_HUMAN
Q03933,HSF2_HUMAN
Q03989,ARI5A_HUMAN
Q04206,TF65_HUMAN
Q04323,UBXN1_HUMAN
Q04609,FOLH1_HUMAN
Q04637,IF4G1_HUMAN
Q04656,ATP7A_HUMAN
Q04671,P_HUMAN
Q04695,K1C17_HUMAN
Q04721,NOTC2_HUMAN
Q04724,TLE1_HUMAN
Q04725,TLE2_HUMAN
Q04726,TLE3_HUMAN
Q04727,TLE4_HUMAN
Q04743,EMX2_HUMAN
Q04756,HGFA_HUMAN
Q04759,KPCT_HUMAN
Q04844,ACHE_HUMAN
Q04864,REL_HUMAN
Q04900,MUC24_HUMAN
Q04912,RON_HUMAN
Q05066,SRY_HUMAN
Q05084,ICA69_HUMAN
Q05086,UBE3A_HUMAN
Q05193,DYN1_HUMAN
Q05195,MAD1_HUMAN
Q05209,PTN12_HUMAN
Q05215,EGR4_HUMAN
Q05329,DCE2_HUMAN
Q05397,FAK1_HUMAN
Q05469,LIPS_HUMAN
Q05481,ZNF91_HUMAN
Q05513,KPCZ_HUMAN
Q05516,ZBT16_HUMAN
Q05519,SRS11_HUMAN
Q05586,NMDZ1_HUMAN
Q05655,KPCD_HUMAN
Q05682,CALD1_HUMAN
Q05707,COEA1_HUMAN
Q05901,ACHB3_HUMAN
Q05925,HME1_HUMAN
Q05932,FOLC_HUMAN
Q05940,VMAT2_HUMAN
Q05952,STP2_HUMAN
Q05996,ZP2_HUMAN
Q05BQ5,MBTD1_HUMAN
Q05BV3,EMAL5_HUMAN
Q05D32,CTSL2_HUMAN
Q05D60,DEUP1_HUMAN
Q05DH4,F16A1_HUMAN
Q06033,ITIH3_HUMAN
Q06055,AT5G2_HUMAN
Q06124,PTN11_HUMAN
Q06141,REG3A_HUMAN
Q06187,BTK_HUMAN
Q06190,P2R3A_HUMAN
Q06265,EXOS9_HUMAN
Q06323,PSME1_HUMAN
Q06330,SUH_HUMAN
Q06413,MEF2C_HUMAN
Q06416,P5F1B_HUMAN
Q06418,TYRO3_HUMAN
Q06455,MTG8_HUMAN
Q06481,APLP2_HUMAN
Q06495,NPT2A_HUMAN
Q06546,GABPA_HUMAN
Q06587,RING1_HUMAN
Q06643,TNFC_HUMAN
Q06710,PAX8_HUMAN
Q06732,ZN33B_HUMAN
Q06787,FMR1_HUMAN
Q06828,FMOD_HUMAN
Q06889,EGR3_HUMAN
Q06945,SOX4_HUMAN
Q07001,ACHD_HUMAN
Q07002,CDK18_HUMAN
Q07011,TNR9_HUMAN
Q07021,C1QBP_HUMAN
Q07065,CKAP4_HUMAN
Q07075,AMPE_HUMAN
Q07092,COGA1_HUMAN
Q07108,CD69_HUMAN
Q07157,ZO1_HUMAN
Q07283,TRHY_HUMAN
Q07325,CXCL9_HUMAN
Q07326,PIGF_HUMAN
Q07343,PDE4B_HUMAN
Q07352,TISB_HUMAN
Q07444,NKG2E_HUMAN
Q07617,SPAG1_HUMAN
Q07627,KRA11_HUMAN
Q07666,KHDR1_HUMAN
Q07687,DLX2_HUMAN
Q07699,SCN1B_HUMAN
Q07817,B2CL1_HUMAN
Q07820,MCL1_HUMAN
Q07837,SLC31_HUMAN
Q07864,DPOE1_HUMAN
Q07869,PPARA_HUMAN
Q07889,SOS1_HUMAN
Q07890,SOS2_HUMAN
Q07912,ACK1_HUMAN
Q07955,SRSF1_HUMAN
Q07960,RHG01_HUMAN
Q07973,CP24A_HUMAN
Q08043,ACTN3_HUMAN
Q08050,FOXM1_HUMAN
Q08116,RGS1_HUMAN
Q08117,TLE5_HUMAN
Q08170,SRSF4_HUMAN
Q08174,PCDH1_HUMAN
Q08209,PP2BA_HUMAN
Q08211,DHX9_HUMAN
Q08289,CACB2_HUMAN
Q08345,DDR1_HUMAN
Q08357,S20A2_HUMAN
Q08378,GOGA3_HUMAN
Q08379,GOGA2_HUMAN
Q08397,LOXL1_HUMAN
Q08462,ADCY2_HUMAN
Q08493,PDE4C_HUMAN
Q08495,DEMA_HUMAN
Q08499,PDE4D_HUMAN
Q08648,SG11B_HUMAN
Q08708,CLM6_HUMAN
Q08828,ADCY1_HUMAN
Q08945,SSRP1_HUMAN
Q08999,RBL2_HUMAN
Q08AD1,CAMP2_HUMAN
Q08AE8,SPIR1_HUMAN
Q08AG5,ZN844_HUMAN
Q08AM6,VAC14_HUMAN
Q08AN1,ZN616_HUMAN
Q08ER8,ZN543_HUMAN
Q08J23,NSUN2_HUMAN
Q09013,DMPK_HUMAN
Q09019,DMWD_HUMAN
Q09328,MGT5A_HUMAN
Q09428,ABCC8_HUMAN
Q09470,KCNA1_HUMAN
Q09472,EP300_HUMAN
Q09666,AHNK_HUMAN
Q09MP3,R51A2_HUMAN
Q0D2I5,IFFO1_HUMAN
Q0D2J5,ZN763_HUMAN
Q0D2K3,RIPP1_HUMAN
Q0IIM8,TBC8B_HUMAN
Q0JRZ9,FCHO2_HUMAN
Q0P641,CB080_HUMAN
Q0P651,ABD18_HUMAN
Q0P670,SPEM2_HUMAN
Q0P6D2,DIK1C_HUMAN
Q0P6D6,CCD15_HUMAN
Q0P6H9,TMM62_HUMAN
Q0VAA2,LR74A_HUMAN
Q0VAQ4,SMAGP_HUMAN
Q0VD83,APOBR_HUMAN
Q0VD86,INCA1_HUMAN
Q0VDD7,CS057_HUMAN
Q0VDD8,DYH14_HUMAN
Q0VDE8,ADIG_HUMAN
Q0VF96,CGNL1_HUMAN
Q0VFZ6,CC173_HUMAN
Q0VG99,MESP2_HUMAN
Q0VGE8,ZN816_HUMAN
Q0WX57,U17LO_HUMAN
Q0ZGT2,NEXN_HUMAN
Q10469,MGAT2_HUMAN
Q10471,GALT2_HUMAN
Q10472,GALT1_HUMAN
Q10570,CPSF1_HUMAN
Q10571,MN1_HUMAN
Q10586,DBP_HUMAN
Q10587,TEF_HUMAN
Q10588,BST1_HUMAN
Q10589,BST2_HUMAN
Q11130,FUT7_HUMAN
Q11201,SIA4A_HUMAN
Q12756,KIF1A_HUMAN
Q12767,TMM94_HUMAN
Q12769,NU160_HUMAN
Q12770,SCAP_HUMAN
Q12772,SRBP2_HUMAN
Q12774,ARHG5_HUMAN
Q12778,FOXO1_HUMAN
Q12789,TF3C1_HUMAN
Q12791,KCMA1_HUMAN
Q12792,TWF1_HUMAN
Q12796,PNRC1_HUMAN
Q12797,ASPH_HUMAN
Q12800,TFCP2_HUMAN
Q12802,AKP13_HUMAN
Q12809,KCNH2_HUMAN
Q12815,TROAP_HUMAN
Q12816,TROP_HUMAN
Q12824,SNF5_HUMAN
Q12829,RB40B_HUMAN
Q12830,BPTF_HUMAN
Q12834,CDC20_HUMAN
Q12837,PO4F2_HUMAN
Q12840,KIF5A_HUMAN
Q12851,M4K2_HUMAN
Q12852,M3K12_HUMAN
Q12857,NFIA_HUMAN
Q12866,MERTK_HUMAN
Q12870,TCF15_HUMAN
Q12872,SFSWA_HUMAN
Q12873,CHD3_HUMAN
Q12874,SF3A3_HUMAN
Q12879,NMDE1_HUMAN
Q12884,SEPR_HUMAN
Q12887,COX10_HUMAN
Q12888,TP53B_HUMAN
Q12889,OVGP1_HUMAN
Q12893,TM115_HUMAN
Q12901,ZN155_HUMAN
Q12904,AIMP1_HUMAN
Q12905,ILF2_HUMAN
Q12906,ILF3_HUMAN
Q12907,LMAN2_HUMAN
Q12908,NTCP2_HUMAN
Q12918,KLRB1_HUMAN
Q12923,PTN13_HUMAN
Q12926,ELAV2_HUMAN
Q12929,EPS8_HUMAN
Q12931,TRAP1_HUMAN
Q12934,BFSP1_HUMAN
Q12946,FOXF1_HUMAN
Q12947,FOXF2_HUMAN
Q12948,FOXC1_HUMAN
Q12950,FOXD4_HUMAN
Q12951,FOXI1_HUMAN
Q12952,FOXL1_HUMAN
Q12955,ANK3_HUMAN
Q12959,DLG1_HUMAN
Q12965,MYO1E_HUMAN
Q12967,GNDS_HUMAN
Q12968,NFAC3_HUMAN
Q12972,PP1R8_HUMAN
Q12979,ABR_HUMAN
Q12980,NPRL3_HUMAN
Q12981,SEC20_HUMAN
Q12982,BNIP2_HUMAN
Q12986,NFX1_HUMAN
Q12988,HSPB3_HUMAN
Q12996,CSTF3_HUMAN
Q13002,GRIK2_HUMAN
Q13003,GRIK3_HUMAN
Q13009,TIAM1_HUMAN
Q13015,AF1Q_HUMAN
Q13017,RHG05_HUMAN
Q13023,AKAP6_HUMAN
Q13029,PRDM2_HUMAN
Q13033,STRN3_HUMAN
Q13042,CDC16_HUMAN
Q13043,STK4_HUMAN
Q13045,FLII_HUMAN
Q13061,TRDN_HUMAN
Q13064,MKRN3_HUMAN
Q13065,GAGE1_HUMAN
Q13075,BIRC1_HUMAN
Q13077,TRAF1_HUMAN
Q13085,ACACA_HUMAN
Q13087,PDIA2_HUMAN
Q13094,LCP2_HUMAN
Q13098,CSN1_HUMAN
Q13099,IFT88_HUMAN
Q13103,SPP24_HUMAN
Q13105,ZBT17_HUMAN
Q13106,ZN154_HUMAN
Q13107,UBP4_HUMAN
Q13111,CAF1A_HUMAN
Q13112,CAF1B_HUMAN
Q13113,PDZ1I_HUMAN
Q13114,TRAF3_HUMAN
Q13117,DAZ2_HUMAN
Q13118,KLF10_HUMAN
Q13123,RED_HUMAN
Q13127,REST_HUMAN
Q13129,RLF_HUMAN
Q13131,AAPK1_HUMAN
Q13133,NR1H3_HUMAN
Q13136,LIPA1_HUMAN
Q13137,CACO2_HUMAN
Q13144,EI2BE_HUMAN
Q13145,BAMBI_HUMAN
Q13148,TADBP_HUMAN
Q13151,ROA0_HUMAN
Q13153,PAK1_HUMAN
Q13155,AIMP2_HUMAN
Q13156,RFA4_HUMAN
Q13162,PRDX4_HUMAN
Q13163,MP2K5_HUMAN
Q13164,MK07_HUMAN
Q13177,PAK2_HUMAN
Q13183,S13A2_HUMAN
Q13185,CBX3_HUMAN
Q13188,STK3_HUMAN
Q13190,STX5_HUMAN
Q13191,CBLB_HUMAN
Q13200,PSMD2_HUMAN
Q13201,MMRN1_HUMAN
Q13202,DUS8_HUMAN
Q13203,MYBPH_HUMAN
Q13206,DDX10_HUMAN
Q13207,TBX2_HUMAN
Q13214,SEM3B_HUMAN
Q13219,PAPP1_HUMAN
Q13224,NMDE2_HUMAN
Q13227,GPS2_HUMAN
Q13233,M3K1_HUMAN
Q13237,KGP2_HUMAN
Q13239,SLAP1_HUMAN
Q13241,KLRD1_HUMAN
Q13242,SRSF9_HUMAN
Q13243,SRSF5_HUMAN
Q13247,SRSF6_HUMAN
Q13255,GRM1_HUMAN
Q13258,PD2R_HUMAN
Q13261,I15RA_HUMAN
Q13263,TIF1B_HUMAN
Q13275,SEM3F_HUMAN
Q13283,G3BP1_HUMAN
Q13285,STF1_HUMAN
Q13286,CLN3_HUMAN
Q13291,SLAF1_HUMAN
Q13304,GPR17_HUMAN
Q13308,PTK7_HUMAN
Q13309,SKP2_HUMAN
Q13310,PABP4_HUMAN
Q13315,ATM_HUMAN
Q13316,DMP1_HUMAN
Q13319,CD5R2_HUMAN
Q13322,GRB10_HUMAN
Q13323,BIK_HUMAN
Q13324,CRFR2_HUMAN
Q13330,MTA1_HUMAN
Q13332,PTPRS_HUMAN
Q13342,SP140_HUMAN
Q13351,KLF1_HUMAN
Q13352,CENPR_HUMAN
Q13356,PPIL2_HUMAN
Q13360,ZN177_HUMAN
Q13361,MFAP5_HUMAN
Q13362,2A5G_HUMAN
Q13363,CTBP1_HUMAN
Q13367,AP3B2_HUMAN
Q13368,MPP3_HUMAN
Q13370,PDE3B_HUMAN
Q13371,PHLP_HUMAN
Q13387,JIP2_HUMAN
Q13393,PLD1_HUMAN
Q13398,ZN211_HUMAN
Q13402,MYO7A_HUMAN
Q13405,RM49_HUMAN
Q13409,DC1I2_HUMAN
Q13410,BT1A1_HUMAN
Q13415,ORC1_HUMAN
Q13416,ORC2_HUMAN
Q13422,IKZF1_HUMAN
Q13425,SNTB2_HUMAN
Q13426,XRCC4_HUMAN
Q13427,PPIG_HUMAN
Q13428,TCOF_HUMAN
Q13432,U119A_HUMAN
Q13433,S39A6_HUMAN
Q13435,SF3B2_HUMAN
Q13438,OS9_HUMAN
Q13439,GOGA4_HUMAN
Q13442,HAP28_HUMAN
Q13443,ADAM9_HUMAN
Q13444,ADA15_HUMAN
Q13451,FKBP5_HUMAN
Q13454,TUSC3_HUMAN
Q13459,MYO9B_HUMAN
Q13461,FOXE3_HUMAN
Q13464,ROCK1_HUMAN
Q13467,FZD5_HUMAN
Q13469,NFAC2_HUMAN
Q13470,TNK1_HUMAN
Q13472,TOP3A_HUMAN
Q13474,DRP2_HUMAN
Q13477,MADCA_HUMAN
Q13480,GAB1_HUMAN
Q13487,SNPC2_HUMAN
Q13488,VPP3_HUMAN
Q13489,BIRC3_HUMAN
Q13490,BIRC2_HUMAN
Q13492,PICAL_HUMAN
Q13495,MAMD1_HUMAN
Q13496,MTM1_HUMAN
Q13501,SQSTM_HUMAN
Q13505,MTX1_HUMAN
Q13506,NAB1_HUMAN
Q13508,NAR3_HUMAN
Q13515,BFSP2_HUMAN
Q13516,OLIG2_HUMAN
Q13519,PNOC_HUMAN
Q13520,AQP6_HUMAN
Q13523,PRP4B_HUMAN
Q13530,SERC3_HUMAN
Q13535,ATR_HUMAN
Q13541,4EBP1_HUMAN
Q13542,4EBP2_HUMAN
Q13547,HDAC1_HUMAN
Q13554,KCC2B_HUMAN
Q13557,KCC2D_HUMAN
Q13561,DCTN2_HUMAN
Q13562,NDF1_HUMAN
Q13563,PKD2_HUMAN
Q13568,IRF5_HUMAN
Q13569,TDG_HUMAN
Q13572,ITPK1_HUMAN
Q13573,SNW1_HUMAN
Q13574,DGKZ_HUMAN
Q13585,MTR1L_HUMAN
Q13586,STIM1_HUMAN
Q13595,TRA2A_HUMAN
Q13596,SNX1_HUMAN
Q13601,KRR1_HUMAN
Q13610,PWP1_HUMAN
Q13613,MTMR1_HUMAN
Q13614,MTMR2_HUMAN
Q13615,MTMR3_HUMAN
Q13619,CUL4A_HUMAN
Q13620,CUL4B_HUMAN
Q13621,S12A1_HUMAN
Q13627,DYR1A_HUMAN
Q13634,CAD18_HUMAN
Q13635,PTC1_HUMAN
Q13639,5HT4R_HUMAN
Q13651,I10R1_HUMAN
Q13671,RIN1_HUMAN
Q13685,AAMP_HUMAN
Q13686,ALKB1_HUMAN
Q13698,CAC1S_HUMAN
Q13724,MOGS_HUMAN
Q13733,AT1A4_HUMAN
Q13740,CD166_HUMAN
Q13761,RUNX3_HUMAN
Q13769,THOC5_HUMAN
Q13772,NCOA4_HUMAN
Q13796,SHRM2_HUMAN
Q13823,NOG2_HUMAN
Q13825,AUHM_HUMAN
Q13829,BACD2_HUMAN
Q13835,PKP1_HUMAN
Q13838,DX39B_HUMAN
Q13873,BMPR2_HUMAN
Q13875,MOBP_HUMAN
Q13886,KLF9_HUMAN
Q13887,KLF5_HUMAN
Q13895,BYST_HUMAN
Q13905,RPGF1_HUMAN
Q13946,PDE7A_HUMAN
Q13950,RUNX2_HUMAN
Q13951,PEBB_HUMAN
Q13956,CNCG_HUMAN
Q13972,RGRF1_HUMAN
Q14003,KCNC3_HUMAN
Q14004,CDK13_HUMAN
Q14005,IL16_HUMAN
Q14008,CKAP5_HUMAN
Q14011,CIRBP_HUMAN
Q14012,KCC1A_HUMAN
Q14028,CNGB1_HUMAN
Q14031,CO4A6_HUMAN
Q14050,CO9A3_HUMAN
Q14055,CO9A2_HUMAN
Q14093,CYLC2_HUMAN
Q14094,CCNI_HUMAN
Q14103,HNRPD_HUMAN
Q14106,TOB2_HUMAN
Q14112,NID2_HUMAN
Q14114,LRP8_HUMAN
Q14118,DAG1_HUMAN
Q14119,VEZF1_HUMAN
Q14123,PDE1C_HUMAN
Q14126,DSG2_HUMAN
Q14134,TRI29_HUMAN
Q14137,BOP1_HUMAN
Q14139,UBE4A_HUMAN
Q14140,SRTD2_HUMAN
Q14141,SEPT6_HUMAN
Q14145,KEAP1_HUMAN
Q14147,DHX34_HUMAN
Q14149,MORC3_HUMAN
Q14151,SAFB2_HUMAN
Q14152,EIF3A_HUMAN
Q14153,FA53B_HUMAN
Q14154,DELE1_HUMAN
Q14155,ARHG7_HUMAN
Q14156,EFR3A_HUMAN
Q14157,UBP2L_HUMAN
Q14159,SPIDR_HUMAN
Q14161,GIT2_HUMAN
Q14162,SREC_HUMAN
Q14165,MLEC_HUMAN
Q14181,DPOA2_HUMAN
Q14183,DOC2A_HUMAN
Q14184,DOC2B_HUMAN
Q14185,DOCK1_HUMAN
Q14186,TFDP1_HUMAN
Q14188,TFDP2_HUMAN
Q14190,SIM2_HUMAN
Q14191,WRN_HUMAN
Q14194,DPYL1_HUMAN
Q14195,DPYL3_HUMAN
Q14201,BTG3_HUMAN
Q14202,ZMYM3_HUMAN
Q14203,DCTN1_HUMAN
Q14207,NPAT_HUMAN
Q14209,E2F2_HUMAN
Q14242,SELPL_HUMAN
Q14244,MAP7_HUMAN
Q14247,SRC8_HUMAN
Q14249,NUCG_HUMAN
Q14257,RCN2_HUMAN
Q14258,TRI25_HUMAN
Q14289,FAK2_HUMAN
Q14314,FGL2_HUMAN
Q14318,FKBP8_HUMAN
Q14320,FA50A_HUMAN
Q14324,MYPC2_HUMAN
Q14332,FZD2_HUMAN
Q14416,GRM2_HUMAN
Q14432,PDE3A_HUMAN
Q14435,GALT3_HUMAN
Q14439,GP176_HUMAN
Q14444,CAPR1_HUMAN
Q14449,GRB14_HUMAN
Q14451,GRB7_HUMAN
Q14457,BECN1_HUMAN
Q14469,HES1_HUMAN
Q14493,SLBP_HUMAN
Q14494,NF2L1_HUMAN
Q14498,RBM39_HUMAN
Q14500,KCJ12_HUMAN
Q14511,CASL_HUMAN
Q14512,FGFP1_HUMAN
Q14515,SPRL1_HUMAN
Q14517,FAT1_HUMAN
Q14524,SCN5A_HUMAN
Q14525,KT33B_HUMAN
Q14526,HIC1_HUMAN
Q14527,HLTF_HUMAN
Q14532,K1H2_HUMAN
Q14533,KRT81_HUMAN
Q14534,ERG1_HUMAN
Q14541,HNF4G_HUMAN
Q14542,S29A2_HUMAN
Q14549,GBX1_HUMAN
Q14562,DHX8_HUMAN
Q14563,SEM3A_HUMAN
Q14566,MCM6_HUMAN
Q14571,ITPR2_HUMAN
Q14573,ITPR3_HUMAN
Q14576,ELAV3_HUMAN
Q14582,MAD4_HUMAN
Q14584,ZN266_HUMAN
Q14585,ZN345_HUMAN
Q14587,ZN268_HUMAN
Q14588,ZN234_HUMAN
Q14590,ZN235_HUMAN
Q14592,ZN460_HUMAN
Q14593,ZN273_HUMAN
Q14596,NBR1_HUMAN
Q14623,IHH_HUMAN
Q14624,ITIH4_HUMAN
Q14626,I11RA_HUMAN
Q14641,INSL4_HUMAN
Q14643,ITPR1_HUMAN
Q14653,IRF3_HUMAN
Q14657,LAGE3_HUMAN
Q14667,K0100_HUMAN
Q14669,TRIPC_HUMAN
Q14671,PUM1_HUMAN
Q14674,ESPL1_HUMAN
Q14676,MDC1_HUMAN
Q14677,EPN4_HUMAN
Q14678,KANK1_HUMAN
Q14679,TTLL4_HUMAN
Q14680,MELK_HUMAN
Q14681,KCTD2_HUMAN
Q14684,RRP1B_HUMAN
Q14686,NCOA6_HUMAN
Q14687,GSE1_HUMAN
Q14689,DIP2A_HUMAN
Q14690,RRP5_HUMAN
Q14692,BMS1_HUMAN
Q14693,LPIN1_HUMAN
Q14694,UBP10_HUMAN
Q14696,MESD_HUMAN
Q14697,GANAB_HUMAN
Q14699,RFTN1_HUMAN
Q14703,MBTP1_HUMAN
Q14714,SSPN_HUMAN
Q14721,KCNB1_HUMAN
Q14722,KCAB1_HUMAN
Q14728,MFS10_HUMAN
Q14738,2A5D_HUMAN
Q14739,LBR_HUMAN
Q14746,COG2_HUMAN
Q14761,PTCA_HUMAN
Q14764,MVP_HUMAN
Q14766,LTBP1_HUMAN
Q14767,LTBP2_HUMAN
Q14773,ICAM4_HUMAN
Q14774,HLX_HUMAN
Q14781,CBX2_HUMAN
Q14789,GOGB1_HUMAN
Q14790,CASP8_HUMAN
Q147U1,ZN846_HUMAN
Q147X3,NAA30_HUMAN
Q14802,FXYD3_HUMAN
Q14807,KIF22_HUMAN
Q14814,MEF2D_HUMAN
Q14831,GRM7_HUMAN
Q14832,GRM3_HUMAN
Q14833,GRM4_HUMAN
Q14839,CHD4_HUMAN
Q14847,LASP1_HUMAN
Q14849,STAR3_HUMAN
Q14865,ARI5B_HUMAN
Q14872,MTF1_HUMAN
Q14896,MYPC3_HUMAN
Q14919,NC2A_HUMAN
Q14929,ZN169_HUMAN
Q14934,NFAC4_HUMAN
Q14938,NFIX_HUMAN
Q14940,SL9A5_HUMAN
Q14956,GPNMB_HUMAN
Q14957,NMDE3_HUMAN
Q14966,ZN638_HUMAN
Q14973,NTCP_HUMAN
Q14978,NOLC1_HUMAN
Q14980,NUMA1_HUMAN
Q14990,ODFP1_HUMAN
Q14993,COJA1_HUMAN
Q14999,CUL7_HUMAN
Q149M9,NWD1_HUMAN
Q149N8,SHPRH_HUMAN
Q14BN4,SLMAP_HUMAN
Q14C86,GAPD1_HUMAN
Q14C87,T132D_HUMAN
Q14CB8,RHG19_HUMAN
Q14CM0,FRPD4_HUMAN
Q14CN2,CLCA4_HUMAN
Q14CN4,K2C72_HUMAN
Q14CS0,UBX2B_HUMAN
Q14CW9,AT7L3_HUMAN
Q14CZ0,CP072_HUMAN
Q14CZ8,HECAM_HUMAN
Q14D04,MELT_HUMAN
Q14D33,RTP5_HUMAN
Q14DG7,T132B_HUMAN
Q15003,CND2_HUMAN
Q15004,PAF15_HUMAN
Q15005,SPCS2_HUMAN
Q15007,FL2D_HUMAN
Q15011,HERP1_HUMAN
Q15013,MD2BP_HUMAN
Q15014,MO4L2_HUMAN
Q15018,ABRX2_HUMAN
Q15020,SART3_HUMAN
Q15021,CND1_HUMAN
Q15022,SUZ12_HUMAN
Q15025,TNIP1_HUMAN
Q15027,ACAP1_HUMAN
Q15029,U5S1_HUMAN
Q15032,R3HD1_HUMAN
Q15035,TRAM2_HUMAN
Q15036,SNX17_HUMAN
Q15038,DAZP2_HUMAN
Q15042,RB3GP_HUMAN
Q15043,S39AE_HUMAN
Q15046,SYK_HUMAN
Q15047,SETB1_HUMAN
Q15049,MLC1_HUMAN
Q15050,RRS1_HUMAN
Q15052,ARHG6_HUMAN
Q15054,DPOD3_HUMAN
Q15056,IF4H_HUMAN
Q15057,ACAP2_HUMAN
Q15058,KIF14_HUMAN
Q15059,BRD3_HUMAN
Q15061,WDR43_HUMAN
Q15075,EEA1_HUMAN
Q15078,CD5R1_HUMAN
Q15109,RAGE_HUMAN
Q15111,PLCL1_HUMAN
Q15113,PCOC1_HUMAN
Q15118,PDK1_HUMAN
Q15121,PEA15_HUMAN
Q15139,KPCD1_HUMAN
Q15147,PLCB4_HUMAN
Q15149,PLEC_HUMAN
Q15172,2A5A_HUMAN
Q15173,2A5B_HUMAN
Q15185,TEBP_HUMAN
Q15198,PGFRL_HUMAN
Q15223,NECT1_HUMAN
Q15233,NONO_HUMAN
Q15256,PTPRR_HUMAN
Q15262,PTPRK_HUMAN
Q15269,PWP2_HUMAN
Q15276,RABE1_HUMAN
Q15287,RNPS1_HUMAN
Q15291,RBBP5_HUMAN
Q15293,RCN1_HUMAN
Q15303,ERBB4_HUMAN
Q15306,IRF4_HUMAN
Q15311,RBP1_HUMAN
Q15319,PO4F3_HUMAN
Q15323,K1H1_HUMAN
Q15326,ZMY11_HUMAN
Q15329,E2F5_HUMAN
Q15334,L2GL1_HUMAN
Q15345,LRC41_HUMAN
Q15361,TTF1_HUMAN
Q15388,TOM20_HUMAN
Q15389,ANGP1_HUMAN
Q15390,MTFR1_HUMAN
Q15397,PUM3_HUMAN
Q15398,DLGP5_HUMAN
Q15406,NR6A1_HUMAN
Q15413,RYR3_HUMAN
Q15415,RBY1F_HUMAN
Q15418,KS6A1_HUMAN
Q15424,SAFB1_HUMAN
Q15427,SF3B4_HUMAN
Q15428,SF3A2_HUMAN
Q15431,SYCP1_HUMAN
Q15434,RBMS2_HUMAN
Q15435,PP1R7_HUMAN
Q15459,SF3A1_HUMAN
Q15464,SHB_HUMAN
Q15465,SHH_HUMAN
Q15468,STIL_HUMAN
Q15475,SIX1_HUMAN
Q15477,SKIV2_HUMAN
Q15506,SP17_HUMAN
Q15526,SURF1_HUMAN
Q15528,MED22_HUMAN
Q15532,SSXT_HUMAN
Q15542,TAF5_HUMAN
Q15544,TAF11_HUMAN
Q15545,TAF7_HUMAN
Q15554,TERF2_HUMAN
Q15555,MARE2_HUMAN
Q15560,TCEA2_HUMAN
Q15561,TEAD4_HUMAN
Q15562,TEAD2_HUMAN
Q15569,TESK1_HUMAN
Q15572,TAF1C_HUMAN
Q15596,NCOA2_HUMAN
Q15599,NHRF2_HUMAN
Q155Q3,DIXC1_HUMAN
Q15628,TRADD_HUMAN
Q15629,TRAM1_HUMAN
Q15633,TRBP2_HUMAN
Q15637,SF01_HUMAN
Q15642,CIP4_HUMAN
Q15643,TRIPB_HUMAN
Q15648,MED1_HUMAN
Q15649,ZNHI3_HUMAN
Q15650,TRIP4_HUMAN
Q15651,HMGN3_HUMAN
Q15652,JHD2C_HUMAN
Q15653,IKBB_HUMAN
Q15654,TRIP6_HUMAN
Q15672,TWST1_HUMAN
Q15678,PTN14_HUMAN
Q15691,MARE1_HUMAN
Q15696,U2AFM_HUMAN
Q15697,ZN174_HUMAN
Q15699,ALX1_HUMAN
Q15714,T22D1_HUMAN
Q15722,LT4R1_HUMAN
Q15723,ELF2_HUMAN
Q15726,KISS1_HUMAN
Q15735,PI5PA_HUMAN
Q15738,NSDHL_HUMAN
Q15742,NAB2_HUMAN
Q15743,OGR1_HUMAN
Q15744,CEBPE_HUMAN
Q15746,MYLK_HUMAN
Q15750,TAB1_HUMAN
Q15751,HERC1_HUMAN
Q15758,AAAT_HUMAN
Q15760,GPR19_HUMAN
Q15761,NPY5R_HUMAN
Q15762,CD226_HUMAN
Q15768,EFNB3_HUMAN
Q15772,SPEG_HUMAN
Q15773,MLF2_HUMAN
Q15776,ZKSC8_HUMAN
Q15784,NDF2_HUMAN
Q15788,NCOA1_HUMAN
Q15797,SMAD1_HUMAN
Q15811,ITSN1_HUMAN
Q15814,TBCC_HUMAN
Q15818,NPTX1_HUMAN
Q15825,ACHA6_HUMAN
Q15828,CYTM_HUMAN
Q15831,STK11_HUMAN
Q15834,CC85B_HUMAN
Q15842,KCNJ8_HUMAN
Q15848,ADIPO_HUMAN
Q15849,UT2_HUMAN
Q15853,USF2_HUMAN
Q15858,SCN9A_HUMAN
Q15878,CAC1E_HUMAN
Q15884,F1892_HUMAN
Q15904,VAS1_HUMAN
Q15906,VPS72_HUMAN
Q15907,RB11B_HUMAN
Q15910,EZH2_HUMAN
Q15911,ZFHX3_HUMAN
Q15915,ZIC1_HUMAN
Q15916,ZBTB6_HUMAN
Q15935,ZNF77_HUMAN
Q15937,ZNF79_HUMAN
Q15942,ZYX_HUMAN
Q15973,ZN124_HUMAN
Q16099,GRIK4_HUMAN
Q16143,SYUB_HUMAN
Q16181,SEPT7_HUMAN
Q16186,ADRM1_HUMAN
Q16204,CCDC6_HUMAN
Q16206,ENOX2_HUMAN
Q16236,NF2L2_HUMAN
Q16254,E2F4_HUMAN
Q16280,CNGA2_HUMAN
Q16281,CNGA3_HUMAN
Q16322,KCA10_HUMAN
Q16348,S15A2_HUMAN
Q16352,AINX_HUMAN
Q16384,SSX1_HUMAN
Q16385,SSX2_HUMAN
Q16445,GBRA6_HUMAN
Q16478,GRIK5_HUMAN
Q16512,PKN1_HUMAN
Q16513,PKN2_HUMAN
Q16514,TAF12_HUMAN
Q16520,BATF_HUMAN
Q16526,CRY1_HUMAN
Q16527,CSRP2_HUMAN
Q16531,DDB1_HUMAN
Q16533,SNPC1_HUMAN
Q16534,HLF_HUMAN
Q16537,2A5E_HUMAN
Q16538,GP162_HUMAN
Q16543,CDC37_HUMAN
Q16549,PCSK7_HUMAN
Q16552,IL17_HUMAN
Q16555,DPYL2_HUMAN
Q16558,KCMB1_HUMAN
Q16559,TAL2_HUMAN
Q16560,U1SBP_HUMAN
Q16566,KCC4_HUMAN
Q16568,CART_HUMAN
Q16572,VACHT_HUMAN
Q16584,M3K11_HUMAN
Q16585,SGCB_HUMAN
Q16586,SGCA_HUMAN
Q16587,ZNF74_HUMAN
Q16589,CCNG2_HUMAN
Q16594,TAF9_HUMAN
Q16595,FRDA_HUMAN
Q16600,ZN239_HUMAN
Q16610,ECM1_HUMAN
Q16612,NREP_HUMAN
Q16620,NTRK2_HUMAN
Q16621,NFE2_HUMAN
Q16625,OCLN_HUMAN
Q16626,MEA1_HUMAN
Q16629,SRSF7_HUMAN
Q16630,CPSF6_HUMAN
Q16633,OBF1_HUMAN
Q16637,SMN_HUMAN
Q16643,DREB_HUMAN
Q16644,MAPK3_HUMAN
Q16649,NFIL3_HUMAN
Q16650,TBR1_HUMAN
Q16651,PRSS8_HUMAN
Q16655,MAR1_HUMAN
Q16656,NRF1_HUMAN
Q16659,MK06_HUMAN
Q16665,HIF1A_HUMAN
Q16666,IF16_HUMAN
Q16670,ZSC26_HUMAN
Q16671,AMHR2_HUMAN
Q16676,FOXD1_HUMAN
Q16690,DUS5_HUMAN
Q16695,H31T_HUMAN
Q16706,MA2A1_HUMAN
Q16720,AT2B3_HUMAN
Q16739,CEGT_HUMAN
Q16760,DGKD_HUMAN
Q16763,UBE2S_HUMAN
Q16778,H2B2E_HUMAN
Q16790,CAH9_HUMAN
Q16795,NDUA9_HUMAN
Q16798,MAON_HUMAN
Q16799,RTN1_HUMAN
Q16819,MEP1A_HUMAN
Q16821,PPR3A_HUMAN
Q16825,PTN21_HUMAN
Q16828,DUS6_HUMAN
Q16829,DUS7_HUMAN
Q16832,DDR2_HUMAN
Q16842,SIA4B_HUMAN
Q16849,PTPRN_HUMAN
Q16853,AOC3_HUMAN
Q16854,DGUOK_HUMAN
Q16875,F263_HUMAN
Q16880,CGT_HUMAN
Q16890,TPD53_HUMAN
Q16891,MIC60_HUMAN
Q17R60,IMPG1_HUMAN
Q17R89,RHG44_HUMAN
Q17R98,ZN827_HUMAN
Q17RB8,LONF1_HUMAN
Q17RC7,EX3L4_HUMAN
Q17RD7,SYT16_HUMAN
Q17RG1,KCD19_HUMAN
Q17RM4,CC142_HUMAN
Q17RN3,FA98C_HUMAN
Q17RQ9,NKPD1_HUMAN
Q17RS7,GEN_HUMAN
Q17RW2,COOA1_HUMAN
Q17RY0,CPEB4_HUMAN
Q17RY6,LY6K_HUMAN
Q18PE1,DOK7_HUMAN
Q19T08,ECSCR_HUMAN
Q1A5X6,IQCJ_HUMAN
Q1ED39,KNOP1_HUMAN
Q1EHB4,SC5AC_HUMAN
Q1HG43,DOXA1_HUMAN
Q1HG44,DOXA2_HUMAN
Q1KMD3,HNRL2_HUMAN
Q1L5Z9,LONF2_HUMAN
Q1MSJ5,CSPP1_HUMAN
Q1MX18,INSC_HUMAN
Q1W6H9,F110C_HUMAN
Q1X8D7,LRC36_HUMAN
Q1XH10,SKDA1_HUMAN
Q24JP5,T132A_HUMAN
Q27J81,INF2_HUMAN
Q29RF7,PDS5A_HUMAN
Q2HXU8,CL12B_HUMAN
Q2I0M4,LRC26_HUMAN
Q2I0M5,RSPO4_HUMAN
Q2KHM9,MOONR_HUMAN
Q2KHR2,RFX7_HUMAN
Q2KHR3,QSER1_HUMAN
Q2KHT3,CL16A_HUMAN
Q2KJY2,KI26B_HUMAN
Q2L4Q9,PRS53_HUMAN
Q2LD37,K1109_HUMAN
Q2M1K9,ZN423_HUMAN
Q2M1P5,KIF7_HUMAN
Q2M1V0,ISX_HUMAN
Q2M1Z3,RHG31_HUMAN
Q2M218,ZN630_HUMAN
Q2M243,CCD27_HUMAN
Q2M296,MTHSD_HUMAN
Q2M2E3,ODFP4_HUMAN
Q2M2H8,MGAL_HUMAN
Q2M2I3,FA83E_HUMAN
Q2M2I5,K1C24_HUMAN
Q2M2I8,AAK1_HUMAN
Q2M2Z5,KIZ_HUMAN
Q2M385,MPEG1_HUMAN
Q2M389,WASC4_HUMAN
Q2M3C6,TM266_HUMAN
Q2M3C7,SPKAP_HUMAN
Q2M3G0,ABCB5_HUMAN
Q2M3G4,SHRM1_HUMAN
Q2M3M2,SC5A9_HUMAN
Q2M3R5,S35G1_HUMAN
Q2M3W8,ZN181_HUMAN
Q2M3X9,ZN674_HUMAN
Q2MJR0,SPRE3_HUMAN
Q2MKA7,RSPO1_HUMAN
Q2MV58,TECT1_HUMAN
Q2NKQ1,SGSM1_HUMAN
Q2NKX8,ERC6L_HUMAN
Q2NKX9,CB068_HUMAN
Q2NL68,PRSR3_HUMAN
Q2NL82,TSR1_HUMAN
Q2NL98,VMAC_HUMAN
Q2PPJ7,RGPA2_HUMAN
Q2Q1W2,LIN41_HUMAN
Q2QGD7,ZXDC_HUMAN
Q2T9J0,TYSD1_HUMAN
Q2T9K0,TMM44_HUMAN
Q2T9L4,INSY1_HUMAN
Q2TAA5,ALG11_HUMAN
Q2TAA8,TXIP1_HUMAN
Q2TAC2,CCD57_HUMAN
Q2TAC6,KIF19_HUMAN
Q2TAK8,PWP3A_HUMAN
Q2TAL5,SMTL2_HUMAN
Q2TAL6,VWC2_HUMAN
Q2TAL8,QRIC1_HUMAN
Q2TAZ0,ATG2A_HUMAN
Q2TB10,ZN800_HUMAN
Q2TB18,ASTE1_HUMAN
Q2TBA0,KLH40_HUMAN
Q2TBC4,PRIC4_HUMAN
Q2TBE0,C19L2_HUMAN
Q2UY09,COSA1_HUMAN
Q2V2M9,FHOD3_HUMAN
Q2VIQ3,KIF4B_HUMAN
Q2VPJ9,LR75B_HUMAN
Q2VPK5,CTU2_HUMAN
Q2VWP7,PRTG_HUMAN
Q2VY69,ZN284_HUMAN
Q2VYF4,LETM2_HUMAN
Q2WGJ9,FR1L6_HUMAN
Q2WGN9,GAB4_HUMAN
Q2Y0W8,S4A8_HUMAN
Q2YD98,UVSSA_HUMAN
Q32M45,ANO4_HUMAN
Q32M78,ZN699_HUMAN
Q32M84,BTBDG_HUMAN
Q32MH5,F214A_HUMAN
Q32MK0,MYLK3_HUMAN
Q32MQ0,ZN750_HUMAN
Q32MZ4,LRRF1_HUMAN
Q32NC0,CR021_HUMAN
Q32P28,P3H1_HUMAN
Q32P44,EMAL3_HUMAN
Q32P51,RA1L2_HUMAN
Q32ZL2,PLPR5_HUMAN
Q330K2,NDUF6_HUMAN
Q33E94,RFX4_HUMAN
Q38SD2,LRRK1_HUMAN
Q3B726,RPA43_HUMAN
Q3B7T1,EDRF1_HUMAN
Q3B7T3,BEAN1_HUMAN
Q3B820,F161A_HUMAN
Q3C1V0,M4A18_HUMAN
Q3C1V1,CK091_HUMAN
Q3C1V8,BSH_HUMAN
Q3KNS6,ZN829_HUMAN
Q3KNV8,PCGF3_HUMAN
Q3KNW1,SNAI3_HUMAN
Q3KNW5,SOAT_HUMAN
Q3KP22,MAJIN_HUMAN
Q3KP31,ZN791_HUMAN
Q3KP44,ANR55_HUMAN
Q3KP66,INAVA_HUMAN
Q3KQU3,MA7D1_HUMAN
Q3KQV3,ZN792_HUMAN
Q3KR16,PKHG6_HUMAN
Q3KR37,ASTRB_HUMAN
Q3L8U1,CHD9_HUMAN
Q3LI81,KR271_HUMAN
Q3LI83,KR241_HUMAN
Q3MII6,TBC25_HUMAN
Q3MIP1,IPIL2_HUMAN
Q3MIS6,ZN528_HUMAN
Q3MIT2,PUS10_HUMAN
Q3MIW9,MUCL3_HUMAN
Q3MJ13,WDR72_HUMAN
Q3MJ62,ZSC23_HUMAN
Q3SX64,OD3L2_HUMAN
Q3SXP7,SHSL1_HUMAN
Q3SXY7,LRIT3_HUMAN
Q3SXY8,AR13B_HUMAN
Q3SXZ7,TTLL9_HUMAN
Q3SY00,T10IP_HUMAN
Q3SY46,KR133_HUMAN
Q3SY52,ZIK1_HUMAN
Q3SY56,SP6_HUMAN
Q3SY84,K2C71_HUMAN
Q3SYB3,FX4L6_HUMAN
Q3SYG4,PTHB1_HUMAN
Q3T8J9,GON4L_HUMAN
Q3V5L5,MGT5B_HUMAN
Q3V6T2,GRDN_HUMAN
Q3YBM2,T176B_HUMAN
Q3YBR2,TBRG1_HUMAN
Q3YEC7,RABL6_HUMAN
Q3ZCQ2,AX2R_HUMAN
Q3ZCQ3,F174B_HUMAN
Q3ZCQ8,TIM50_HUMAN
Q3ZCT1,ZN260_HUMAN
Q3ZCX4,ZN568_HUMAN
Q400G9,AMZ1_HUMAN
Q401N2,ZACN_HUMAN
Q460N3,PAR15_HUMAN
Q460N5,PAR14_HUMAN
Q494R4,CC153_HUMAN
Q494U1,PKHN1_HUMAN
Q494V2,CP100_HUMAN
Q494W8,CRFM7_HUMAN
Q494X3,ZN404_HUMAN
Q495A1,TIGIT_HUMAN
Q495C1,RN212_HUMAN
Q495M3,S36A2_HUMAN
Q495M9,USH1G_HUMAN
Q495N2,S36A3_HUMAN
Q495T6,MMEL1_HUMAN
Q495W5,FUT11_HUMAN
Q495Y8,SPDE2_HUMAN
Q496A3,SPAS1_HUMAN
Q496F6,CLM2_HUMAN
Q496J9,SV2C_HUMAN
Q496M5,PLK5_HUMAN
Q496Y0,LONF3_HUMAN
Q499Z3,SLNL1_HUMAN
Q499Z4,ZN672_HUMAN
Q49A17,GLTL6_HUMAN
Q49A26,GLYR1_HUMAN
Q49A92,CH034_HUMAN
Q49AA0,ZFP69_HUMAN
Q49AG3,ZBED5_HUMAN
Q49AH0,CDNF_HUMAN
Q49AJ0,F135B_HUMAN
Q49AM3,TTC31_HUMAN
Q49AN0,CRY2_HUMAN
Q49AR2,CE022_HUMAN
Q49MG5,MAP9_HUMAN
Q49MI3,CERKL_HUMAN
Q4AC94,C2CD3_HUMAN
Q4AC99,1A1L2_HUMAN
Q4ADV7,RIC1_HUMAN
Q4FZB7,KMT5B_HUMAN
Q4G0A6,MINY4_HUMAN
Q4G0F5,VP26B_HUMAN
Q4G0I0,CSMT1_HUMAN
Q4G0J3,LARP7_HUMAN
Q4G0M1,ERFE_HUMAN
Q4G0N4,NAKD2_HUMAN
Q4G0N7,F229B_HUMAN
Q4G0N8,SL9C1_HUMAN
Q4G0P3,HYDIN_HUMAN
Q4G0U5,PCDP1_HUMAN
Q4G0X9,CCD40_HUMAN
Q4G148,GXLT1_HUMAN
Q4G163,FBX43_HUMAN
Q4G176,ACSF3_HUMAN
Q4G1C9,GRPL2_HUMAN
Q4JDL3,PTN20_HUMAN
Q4KMG0,CDON_HUMAN
Q4KMG9,TM52B_HUMAN
Q4KMP7,TB10B_HUMAN
Q4KMQ2,ANO6_HUMAN
Q4KMZ1,IQCC_HUMAN
Q4KWH8,PLCH1_HUMAN
Q4L180,FIL1L_HUMAN
Q4LE39,ARI4B_HUMAN
Q4LEZ3,AARD_HUMAN
Q4U2R8,S22A6_HUMAN
Q4UJ75,A20A4_HUMAN
Q4V321,GAG13_HUMAN
Q4V326,GAG2E_HUMAN
Q4V328,GRAP1_HUMAN
Q4V339,CBWD6_HUMAN
Q4V9L6,TM119_HUMAN
Q4VC05,BCL7A_HUMAN
Q4VC12,MSS51_HUMAN
Q4VC39,HIG2B_HUMAN
Q4VC44,FWCH1_HUMAN
Q4VCS5,AMOT_HUMAN
Q4VX76,SYTL3_HUMAN
Q4VXU2,PAP1L_HUMAN
Q4W5G0,TIGD2_HUMAN
Q4ZG55,GREB1_HUMAN
Q4ZHG4,FNDC1_HUMAN
Q4ZIN3,MBRL_HUMAN
Q4ZJI4,SL9B1_HUMAN
Q502W6,VWA3B_HUMAN
Q502W7,CCD38_HUMAN
Q504T8,MIDN_HUMAN
Q504U0,CD046_HUMAN
Q504Y0,S39AC_HUMAN
Q504Y2,PKDCC_HUMAN
Q504Y3,ZCPW2_HUMAN
Q50LG9,LRC24_HUMAN
Q52LD8,RFTN2_HUMAN
Q52LG2,KR132_HUMAN
Q52LJ0,FA98B_HUMAN
Q52LR7,EPC2_HUMAN
Q52LW3,RHG29_HUMAN
Q52M93,Z585B_HUMAN
Q52MB2,CC184_HUMAN
Q52WX2,SBK1_HUMAN
Q537H7,SPT45_HUMAN
Q53EL6,PDCD4_HUMAN
Q53EL9,SEZ6_HUMAN
Q53EP0,FND3B_HUMAN
Q53EQ6,TIGD5_HUMAN
Q53ET0,CRTC2_HUMAN
Q53EU6,GPAT3_HUMAN
Q53EV4,LRC23_HUMAN
Q53EZ4,CEP55_HUMAN
Q53F19,NCBP3_HUMAN
Q53F39,MPPE1_HUMAN
Q53FD0,ZC21C_HUMAN
Q53FE4,CD017_HUMAN
Q53FP2,TM35A_HUMAN
Q53GA4,PHLA2_HUMAN
Q53GG5,PDLI3_HUMAN
Q53GI3,ZN394_HUMAN
Q53GL0,PKHO1_HUMAN
Q53GL7,PAR10_HUMAN
Q53GS7,GLE1_HUMAN
Q53GS9,SNUT2_HUMAN
Q53GT1,KLH22_HUMAN
Q53H80,AKIR2_HUMAN
Q53HC0,CCD92_HUMAN
Q53HC5,KLH26_HUMAN
Q53HL2,BOREA_HUMAN
Q53LP3,SWAHC_HUMAN
Q53QV2,LBH_HUMAN
Q53QW1,TEX44_HUMAN
Q53QZ3,RHG15_HUMAN
Q53RY4,KCP3_HUMAN
Q53SZ7,PRR30_HUMAN
Q53T59,H1BP3_HUMAN
Q53T94,TAF1B_HUMAN
Q53TN4,CYBR1_HUMAN
Q53TS8,C2CD6_HUMAN
Q562E7,WDR81_HUMAN
Q562F6,SGO2_HUMAN
Q567U6,CCD93_HUMAN
Q569G3,CE047_HUMAN
Q569H4,LARGN_HUMAN
Q569K6,CC157_HUMAN
Q56A73,SPIN4_HUMAN
Q56NI9,ESCO2_HUMAN
Q56P03,EAPP_HUMAN
Q56UN5,M3K19_HUMAN
Q56VL3,OCAD2_HUMAN
Q587J7,TDR12_HUMAN
Q587J8,KHD3L_HUMAN
Q58A45,PAN3_HUMAN
Q58DX5,NADL2_HUMAN
Q58EX2,SDK2_HUMAN
Q58EX7,PKHG4_HUMAN
Q58F21,BRDT_HUMAN
Q58HT5,AWAT1_HUMAN
Q58WW2,DCAF6_HUMAN
Q59EK9,RUN3A_HUMAN
Q5BIV9,SPRN_HUMAN
Q5BJD5,TM41B_HUMAN
Q5BJE1,CC178_HUMAN
Q5BJF6,ODFP2_HUMAN
Q5BJH2,TM128_HUMAN
Q5BJH7,YIF1B_HUMAN
Q5BKU9,OXLD1_HUMAN
Q5BKX5,CS054_HUMAN
Q5BKX8,CAVN4_HUMAN
Q5BKY9,F133B_HUMAN
Q5BKZ1,ZN326_HUMAN
Q5BLP8,CD048_HUMAN
Q5BVD1,TTMP_HUMAN
Q5C9Z4,NOM1_HUMAN
Q5CZA5,ZN805_HUMAN
Q5CZC0,FSIP2_HUMAN
Q5D1E8,ZC12A_HUMAN
Q5D862,FILA2_HUMAN
Q5DID0,UROL1_HUMAN
Q5DJT8,CT452_HUMAN
Q5DX21,IGS11_HUMAN
Q5EBL2,ZN628_HUMAN
Q5EBL4,RIPL1_HUMAN
Q5F1R6,DJC21_HUMAN
Q5FBB7,SGO1_HUMAN
Q5FWE3,PRRT3_HUMAN
Q5FWF4,ZRAB3_HUMAN
Q5FWF5,ESCO1_HUMAN
Q5FWF6,ZN789_HUMAN
Q5FYB0,ARSJ_HUMAN
Q5GH72,XKR7_HUMAN
Q5GH73,XKR6_HUMAN
Q5GH76,XKR4_HUMAN
Q5GH77,XKR3_HUMAN
Q5GJ75,TP8L3_HUMAN
Q5H913,AR13A_HUMAN
Q5H943,KKLC1_HUMAN
Q5H9J7,BEX5_HUMAN
Q5H9L2,TCAL5_HUMAN
Q5H9L4,TAF7L_HUMAN
Q5H9M0,PWP3B_HUMAN
Q5H9R7,PP6R3_HUMAN
Q5HY64,FA47C_HUMAN
Q5HY92,FIGN_HUMAN
Q5HYC2,K2026_HUMAN
Q5HYI7,MTX3_HUMAN
Q5HYJ3,FA76B_HUMAN
Q5HYK3,COQ5_HUMAN
Q5HYK7,SH319_HUMAN
Q5HYK9,ZN667_HUMAN
Q5HYM0,ZC12B_HUMAN
Q5HYN5,CT451_HUMAN
Q5HYR2,DMRTC_HUMAN
Q5HYW2,NHSL2_HUMAN
Q5HYW3,RTL5_HUMAN
Q5I0G3,MDH1B_HUMAN
Q5I0X4,CF226_HUMAN
Q5J8M3,EMC4_HUMAN
Q5JNZ3,ZN311_HUMAN
Q5JPB2,ZN831_HUMAN
Q5JPH6,SYEM_HUMAN
Q5JPI3,CC038_HUMAN
Q5JQC4,CT47A_HUMAN
Q5JQC9,AKAP4_HUMAN
Q5JQS6,GSAML_HUMAN
Q5JR12,PPM1J_HUMAN
Q5JR59,MTUS2_HUMAN
Q5JR98,TC1D4_HUMAN
Q5JRA6,TGO1_HUMAN
Q5JRC9,FA47A_HUMAN
Q5JRK9,GGEE3_HUMAN
Q5JRM2,CX066_HUMAN
Q5JRV8,T255A_HUMAN
Q5JRX3,PREP_HUMAN
Q5JS13,RGPS1_HUMAN
Q5JSH3,WDR44_HUMAN
Q5JSJ4,INT6L_HUMAN
Q5JSL3,DOC11_HUMAN
Q5JSP0,FGD3_HUMAN
Q5JSZ5,PRC2B_HUMAN
Q5JT82,KLF17_HUMAN
Q5JTC6,AMER1_HUMAN
Q5JTD0,TJAP1_HUMAN
Q5JTH9,RRP12_HUMAN
Q5JTV8,TOIP1_HUMAN
Q5JTW2,CEP78_HUMAN
Q5JTY5,CBWD3_HUMAN
Q5JTZ5,CI152_HUMAN
Q5JTZ9,SYAM_HUMAN
Q5JU00,DRC5_HUMAN
Q5JU67,CF157_HUMAN
Q5JU85,IQEC2_HUMAN
Q5JUK2,SOLH1_HUMAN
Q5JUK3,KCNT1_HUMAN
Q5JUK9,PAGE3_HUMAN
Q5JUX0,SPIN3_HUMAN
Q5JVG2,ZN484_HUMAN
Q5JVS0,HABP4_HUMAN
Q5JVX7,CA141_HUMAN
Q5JWF2,GNAS1_HUMAN
Q5JWR5,DOP1_HUMAN
Q5JX69,F209B_HUMAN
Q5JX71,F209A_HUMAN
Q5JXA9,SIRB2_HUMAN
Q5JXC2,MIIP_HUMAN
Q5JXM2,MET24_HUMAN
Q5JXX7,TMM31_HUMAN
Q5JY77,GASP1_HUMAN
Q5JYT7,K1755_HUMAN
Q5K4E3,POLS2_HUMAN
Q5K4L6,S27A3_HUMAN
Q5K651,SAMD9_HUMAN
Q5KSL6,DGKK_HUMAN
Q5KU26,COL12_HUMAN
Q5M775,CYTSB_HUMAN
Q5M7Z0,RNFT1_HUMAN
Q5M8T2,S35D3_HUMAN
Q5M9N0,CD158_HUMAN
Q5M9Q1,NKAPL_HUMAN
Q5MAI5,CDKL4_HUMAN
Q5MCW4,ZN569_HUMAN
Q5MIZ7,P4R3B_HUMAN
Q5MJ07,SPXN5_HUMAN
Q5MJ10,SPXN2_HUMAN
Q5MJ68,SPDYC_HUMAN
Q5MJ70,SPDYA_HUMAN
Q5MNV8,FBX47_HUMAN
Q5MNZ9,WIPI1_HUMAN
Q5NUL3,FFAR4_HUMAN
Q5PRF9,SMAG2_HUMAN
Q5PSV4,BRM1L_HUMAN
Q5QGS0,NEXMI_HUMAN
Q5QGT7,RTP2_HUMAN
Q5QGZ9,CL12A_HUMAN
Q5QJ38,TCHL1_HUMAN
Q5QJE6,TDIF2_HUMAN
Q5QNW6,H2B2F_HUMAN
Q5QP82,DCA10_HUMAN
Q5R372,RBG1L_HUMAN
Q5R3F8,PPR29_HUMAN
Q5RHP9,ERIC3_HUMAN
Q5RIA9,CBWD5_HUMAN
Q5RKV6,EXOS6_HUMAN
Q5RL73,RBM48_HUMAN
Q5SGD2,PPM1L_HUMAN
Q5SNT2,TM201_HUMAN
Q5SQ80,A20A2_HUMAN
Q5SQH8,CF136_HUMAN
Q5SQI0,ATAT_HUMAN
Q5SQQ9,VAX1_HUMAN
Q5SQS8,CJ120_HUMAN
Q5SR56,MF14B_HUMAN
Q5SRE5,NU188_HUMAN
Q5SRI9,MANEA_HUMAN
Q5SRN2,TSBP1_HUMAN
Q5SSG8,MUC21_HUMAN
Q5SSJ5,HP1B3_HUMAN
Q5SSQ6,SAPC1_HUMAN
Q5ST30,SYVM_HUMAN
Q5SV97,PERM1_HUMAN
Q5SVQ8,ZBT41_HUMAN
Q5SVZ6,ZMYM1_HUMAN
Q5SW24,DACT2_HUMAN
Q5SW79,CE170_HUMAN
Q5SW96,ARH_HUMAN
Q5SWH9,TMM69_HUMAN
Q5SWX8,ODR4_HUMAN
Q5SXM1,ZN678_HUMAN
Q5SXM2,SNPC4_HUMAN
Q5SXM8,DNLZ_HUMAN
Q5SY16,NOL9_HUMAN
Q5SYB0,FRPD1_HUMAN
Q5SYC1,CLVS2_HUMAN
Q5SYE7,NHSL1_HUMAN
Q5SZB4,CI050_HUMAN
Q5SZD1,CF141_HUMAN
Q5SZI1,LRAD2_HUMAN
Q5SZJ8,BEND6_HUMAN
Q5SZL2,CE85L_HUMAN
Q5SZQ8,CELF3_HUMAN
Q5T011,SZT2_HUMAN
Q5T036,F120S_HUMAN
Q5T089,MORN1_HUMAN
Q5T0B9,ZN362_HUMAN
Q5T0D9,TPRGL_HUMAN
Q5T0F9,C2D1B_HUMAN
Q5T0J7,TEX35_HUMAN
Q5T0L3,SPT46_HUMAN
Q5T0N5,FBP1L_HUMAN
Q5T0T0,MARH8_HUMAN
Q5T0W9,FA83B_HUMAN
Q5T0Z8,CF132_HUMAN
Q5T124,UBX11_HUMAN
Q5T1A1,DCST2_HUMAN
Q5T1B0,AXDN1_HUMAN
Q5T1C6,THEM4_HUMAN
Q5T1M5,FKB15_HUMAN
Q5T1N1,AKND1_HUMAN
Q5T1Q4,S35F1_HUMAN
Q5T1R4,ZEP3_HUMAN
Q5T1S8,NCMAP_HUMAN
Q5T1V6,DDX59_HUMAN
Q5T200,ZC3HD_HUMAN
Q5T230,UTF1_HUMAN
Q5T280,CI114_HUMAN
Q5T292,TM273_HUMAN
Q5T2D2,TRML2_HUMAN
Q5T2D3,OTUD3_HUMAN
Q5T2E6,ARMD3_HUMAN
Q5T2R2,DPS1_HUMAN
Q5T2S8,ARMC4_HUMAN
Q5T2T1,MPP7_HUMAN
Q5T2W1,NHRF3_HUMAN
Q5T3F8,CSCL2_HUMAN
Q5T3J3,LRIF1_HUMAN
Q5T3U5,MRP7_HUMAN
Q5T440,CAF17_HUMAN
Q5T442,CXG2_HUMAN
Q5T4F4,ZFY27_HUMAN
Q5T4I8,CF052_HUMAN
Q5T4S7,UBR4_HUMAN
Q5T4T6,SYC2L_HUMAN
Q5T4W7,ARTN_HUMAN
Q5T5A4,CA194_HUMAN
Q5T5A8,LCE3C_HUMAN
Q5T5B0,LCE3E_HUMAN
Q5T5C0,STXB5_HUMAN
Q5T5D7,ZN684_HUMAN
Q5T5J6,SWT1_HUMAN
Q5T5M9,CCNJ_HUMAN
Q5T5N4,CF118_HUMAN
Q5T5P2,SKT_HUMAN
Q5T5S1,CC183_HUMAN
Q5T5U3,RHG21_HUMAN
Q5T5X7,BEND3_HUMAN
Q5T5Y3,CAMP1_HUMAN
Q5T601,AGRF1_HUMAN
Q5T619,ZN648_HUMAN
Q5T653,RM02_HUMAN
Q5T681,CJ062_HUMAN
Q5T686,AVPI1_HUMAN
Q5T6C5,AT7L2_HUMAN
Q5T6F0,DCA12_HUMAN
Q5T6F2,UBAP2_HUMAN
Q5T6S3,PHF19_HUMAN
Q5T6X4,F162B_HUMAN
Q5T6X5,GPC6A_HUMAN
Q5T749,KPRP_HUMAN
Q5T750,XP32_HUMAN
Q5T751,LCE1C_HUMAN
Q5T752,LCE1D_HUMAN
Q5T753,LCE1E_HUMAN
Q5T754,LCE1F_HUMAN
Q5T7B8,KIF24_HUMAN
Q5T7M4,ADIPL_HUMAN
Q5T7M9,DIK1A_HUMAN
Q5T7N2,LITD1_HUMAN
Q5T7N3,KANK4_HUMAN
Q5T7P2,LCE1A_HUMAN
Q5T7P8,SYT6_HUMAN
Q5T7R7,CA185_HUMAN
Q5T7W0,ZN618_HUMAN
Q5T7W7,TSTD2_HUMAN
Q5T848,GP158_HUMAN
Q5T870,PRR9_HUMAN
Q5T871,LELP1_HUMAN
Q5T8A7,PPR26_HUMAN
Q5T8D3,ACBD5_HUMAN
Q5T8I3,F102B_HUMAN
Q5T8P6,RBM26_HUMAN
Q5T953,IER5L_HUMAN
Q5T9C2,F102A_HUMAN
Q5T9C9,PI5L1_HUMAN
Q5T9L3,WLS_HUMAN
Q5T9S5,CCD18_HUMAN
Q5T9Z0,TEDM1_HUMAN
Q5TA76,LCE3A_HUMAN
Q5TA77,LCE3B_HUMAN
Q5TA79,LCE2A_HUMAN
Q5TA81,LCE2C_HUMAN
Q5TA82,LCE2D_HUMAN
Q5TA89,HES5_HUMAN
Q5TAB7,RIPP2_HUMAN
Q5TAH2,SL9C2_HUMAN
Q5TAP6,UT14C_HUMAN
Q5TAQ9,DCAF8_HUMAN
Q5TAT6,CODA1_HUMAN
Q5TAX3,TUT4_HUMAN
Q5TB30,DEP1A_HUMAN
Q5TB80,CE162_HUMAN
Q5TBA9,FRY_HUMAN
Q5TBB1,RNH2B_HUMAN
Q5TBK1,N42L1_HUMAN
Q5TC12,ATPF1_HUMAN
Q5TC79,ZBT37_HUMAN
Q5TC82,RC3H1_HUMAN
Q5TC84,OGRL1_HUMAN
Q5TCM9,LCE5A_HUMAN
Q5TCQ9,MAGI3_HUMAN
Q5TCS8,KAD9_HUMAN
Q5TCX8,M3K21_HUMAN
Q5TCY1,TTBK1_HUMAN
Q5TCZ1,SPD2A_HUMAN
Q5TD94,RSH4A_HUMAN
Q5TDH0,DDI2_HUMAN
Q5TDP6,LGSN_HUMAN
Q5TEA6,SE1L2_HUMAN
Q5TEC3,ZN697_HUMAN
Q5TEJ8,THMS2_HUMAN
Q5TEU4,NDUF5_HUMAN
Q5TF21,SOGA3_HUMAN
Q5TF39,MFS4B_HUMAN
Q5TF58,IFFO2_HUMAN
Q5TFG8,ZC21B_HUMAN
Q5TGI0,FAXC_HUMAN
Q5TGI4,SAMD5_HUMAN
Q5TGJ6,HDGL1_HUMAN
Q5TGS1,HES3_HUMAN
Q5TGY1,TMCO4_HUMAN
Q5TGY3,AHDC1_HUMAN
Q5TH69,BIG3_HUMAN
Q5TH74,STPG1_HUMAN
Q5THJ4,VP13D_HUMAN
Q5THK1,PR14L_HUMAN
Q5THR3,EFCB6_HUMAN
Q5TID7,CC181_HUMAN
Q5TIE3,VW5B1_HUMAN
Q5TKA1,LIN9_HUMAN
Q5TYW1,ZN658_HUMAN
Q5TYW2,A20A1_HUMAN
Q5TZF3,ANR45_HUMAN
Q5TZJ5,S31A1_HUMAN
Q5U4P2,ASPH1_HUMAN
Q5U5Q3,MEX3C_HUMAN
Q5U5R9,HECD2_HUMAN
Q5U5X8,F222A_HUMAN
Q5U5Z8,CBPC2_HUMAN
Q5U623,MCAF2_HUMAN
Q5U651,RAIN_HUMAN
Q5UAW9,GP157_HUMAN
Q5UCC4,EMC10_HUMAN
Q5UE93,PI3R6_HUMAN
Q5UIP0,RIF1_HUMAN
Q5VIR6,VPS53_HUMAN
Q5VIY5,ZN468_HUMAN
Q5VSG8,MANEL_HUMAN
Q5VSL9,STRP1_HUMAN
Q5VST9,OBSCN_HUMAN
Q5VSY0,GKAP1_HUMAN
Q5VT03,NTM2D_HUMAN
Q5VT06,CE350_HUMAN
Q5VT25,MRCKA_HUMAN
Q5VT52,RPRD2_HUMAN
Q5VT97,SYDE2_HUMAN
Q5VTB9,RN220_HUMAN
Q5VTD9,GFI1B_HUMAN
Q5VTH2,FLTOP_HUMAN
Q5VTH9,WDR78_HUMAN
Q5VTJ3,KLD7A_HUMAN
Q5VTL8,PR38B_HUMAN
Q5VTQ0,TT39B_HUMAN
Q5VTR2,BRE1A_HUMAN
Q5VTT5,MYOM3_HUMAN
Q5VU36,S31A5_HUMAN
Q5VU43,MYOME_HUMAN
Q5VU57,CBPC6_HUMAN
Q5VU65,P210L_HUMAN
Q5VU92,DC121_HUMAN
Q5VU97,CAHD1_HUMAN
Q5VUA4,ZN318_HUMAN
Q5VUB5,F1711_HUMAN
Q5VUE5,CA053_HUMAN
Q5VUG0,SMBT2_HUMAN
Q5VUJ6,LRCH2_HUMAN
Q5VUM1,SDHF4_HUMAN
Q5VUR7,A20A3_HUMAN
Q5VV16,FX4L5_HUMAN
Q5VV17,OTUD1_HUMAN
Q5VV41,ARHGG_HUMAN
Q5VV42,CDKAL_HUMAN
Q5VV43,K0319_HUMAN
Q5VV52,ZN691_HUMAN
Q5VV67,PPRC1_HUMAN
Q5VVJ2,MYSM1_HUMAN
Q5VVM6,CCD30_HUMAN
Q5VVP1,S31A6_HUMAN
Q5VVW2,GARL3_HUMAN
Q5VVX9,UBE2U_HUMAN
Q5VW00,DC122_HUMAN
Q5VW22,AGAP6_HUMAN
Q5VW32,BROX_HUMAN
Q5VW38,GP107_HUMAN
Q5VWG9,TAF3_HUMAN
Q5VWI1,TCRGL_HUMAN
Q5VWJ9,SNX30_HUMAN
Q5VWK0,NBPF6_HUMAN
Q5VWN6,TASO2_HUMAN
Q5VWP3,MLIP_HUMAN
Q5VWQ0,RSBN1_HUMAN
Q5VWQ8,DAB2P_HUMAN
Q5VWT5,FYB2_HUMAN
Q5VWW1,C1QL3_HUMAN
Q5VWX1,KHDR2_HUMAN
Q5VX71,SUSD4_HUMAN
Q5VXD3,SAM13_HUMAN
Q5VXT5,SYPL2_HUMAN
Q5VXU3,CHIC1_HUMAN
Q5VXU9,SHOC1_HUMAN
Q5VY09,IER5_HUMAN
Q5VY43,PEAR1_HUMAN
Q5VYM1,CI131_HUMAN
Q5VYP0,S31A3_HUMAN
Q5VYS8,TUT7_HUMAN
Q5VYV0,FOXB2_HUMAN
Q5VYV7,SLX4I_HUMAN
Q5VZ18,SHE_HUMAN
Q5VZ19,TDR10_HUMAN
Q5VZ46,K1614_HUMAN
Q5VZ66,JKIP3_HUMAN
Q5VZ89,DEN4C_HUMAN
Q5VZB9,DMRTA_HUMAN
Q5VZI3,TM268_HUMAN
Q5VZK9,CARL1_HUMAN
Q5VZL5,ZMYM4_HUMAN
Q5VZM2,RRAGB_HUMAN
Q5VZP5,DUS27_HUMAN
Q5VZV1,MT21C_HUMAN
Q5W041,ARMC3_HUMAN
Q5W0A0,ERI6B_HUMAN
Q5W0B1,OBI1_HUMAN
Q5W0B7,TM236_HUMAN
Q5W0Q7,USPL1_HUMAN
Q5W0V3,F16B1_HUMAN
Q5W0Z9,ZDH20_HUMAN
Q5W186,CST9_HUMAN
Q5W5W9,RES18_HUMAN
Q5XG99,LYSM4_HUMAN
Q5XKE5,K2C79_HUMAN
Q5XKK7,F219B_HUMAN
Q5XKL5,BTBD8_HUMAN
Q5XKR4,OTP_HUMAN
Q5XKR9,F104B_HUMAN
Q5XPI4,RN123_HUMAN
Q5XUX0,FBX31_HUMAN
Q5XX13,FBW10_HUMAN
Q5XXA6,ANO1_HUMAN
Q5ZPR3,CD276_HUMAN
Q63HK3,ZKSC2_HUMAN
Q63HK5,TSH3_HUMAN
Q63HM2,PCX4_HUMAN
Q63HQ0,AP1AR_HUMAN
Q63HQ2,EGFLA_HUMAN
Q63HR2,TNS2_HUMAN
Q63ZY3,KANK2_HUMAN
Q641Q2,WAC2A_HUMAN
Q643R3,LPCT4_HUMAN
Q64ET8,FRG2_HUMAN
Q64LD2,WDR25_HUMAN
Q658L1,SAXO2_HUMAN
Q658Y4,F91A1_HUMAN
Q659A1,ICE2_HUMAN
Q659C4,LAR1B_HUMAN
Q66GS9,CP135_HUMAN
Q66K14,TBC9B_HUMAN
Q66K41,Z385C_HUMAN
Q66K64,DCA15_HUMAN
Q66K66,TM198_HUMAN
Q66K74,MAP1S_HUMAN
Q66K79,CBPZ_HUMAN
Q66K89,E4F1_HUMAN
Q66LE6,2ABD_HUMAN
Q674R7,ATG9B_HUMAN
Q674X7,KAZRN_HUMAN
Q676U5,A16L1_HUMAN
Q684P5,RPGP2_HUMAN
Q68BL7,OLM2A_HUMAN
Q68BL8,OLM2B_HUMAN
Q68CJ6,SLIP_HUMAN
Q68CJ9,CR3L3_HUMAN
Q68CL5,TPGS2_HUMAN
Q68CP9,ARID2_HUMAN
Q68CQ1,MROH7_HUMAN
Q68CQ4,DIEXF_HUMAN
Q68CQ7,GL8D1_HUMAN
Q68CR1,SE1L3_HUMAN
Q68CR7,LRC66_HUMAN
Q68CZ1,FTM_HUMAN
Q68CZ2,TENS3_HUMAN
Q68CZ6,HAUS3_HUMAN
Q68D10,SPT2_HUMAN
Q68D42,TM215_HUMAN
Q68D51,DEN2C_HUMAN
Q68D85,NR3L1_HUMAN
Q68D86,C102B_HUMAN
Q68DA7,FMN1_HUMAN
Q68DC2,ANKS6_HUMAN
Q68DE3,USF3_HUMAN
Q68DH5,LMBD2_HUMAN
Q68DK7,MSL1_HUMAN
Q68DL7,CR063_HUMAN
Q68DQ2,CRBG3_HUMAN
Q68DU8,KCD16_HUMAN
Q68DV7,RNF43_HUMAN
Q68DX3,FRPD2_HUMAN
Q68DY9,ZN772_HUMAN
Q68EA5,ZNF57_HUMAN
Q68EM7,RHG17_HUMAN
Q68EN5,K895L_HUMAN
Q68G74,LHX8_HUMAN
Q68G75,LEMD1_HUMAN
Q68J44,DUPD1_HUMAN
Q695T7,S6A19_HUMAN
Q69YG0,TMM42_HUMAN
Q69YH5,CDCA2_HUMAN
Q69YI7,NAIF1_HUMAN
Q69YN2,C19L1_HUMAN
Q69YN4,VIR_HUMAN
Q69YU3,AN34A_HUMAN
Q69YU5,CL073_HUMAN
Q69YW2,STUM_HUMAN
Q69YZ2,T200B_HUMAN
Q6A162,K1C40_HUMAN
Q6A163,K1C39_HUMAN
Q6AHZ1,Z518A_HUMAN
Q6AI08,HEAT6_HUMAN
Q6AI12,ANR40_HUMAN
Q6AI14,SL9A4_HUMAN
Q6AI39,BICRL_HUMAN
Q6AW86,Z324B_HUMAN
Q6AWC2,WWC2_HUMAN
Q6AZW8,ZN660_HUMAN
Q6AZY7,SCAR3_HUMAN
Q6B0I6,KDM4D_HUMAN
Q6BDS2,URFB1_HUMAN
Q6BEB4,SP5_HUMAN
Q6DCA0,AMERL_HUMAN
Q6DD87,ZN787_HUMAN
Q6DHV5,C2D2B_HUMAN
Q6DHY5,TBC3G_HUMAN
Q6DJT9,PLAG1_HUMAN
Q6DKI7,PVRIG_HUMAN
Q6DN12,MCTP2_HUMAN
Q6DN14,MCTP1_HUMAN
Q6DN90,IQEC1_HUMAN
Q6DT37,MRCKG_HUMAN
Q6DWJ6,GP139_HUMAN
Q6E0U4,DMKN_HUMAN
Q6ECI4,ZN470_HUMAN
Q6EIG7,CLC6A_HUMAN
Q6EKJ0,GTD2B_HUMAN
Q6EMB2,TTLL5_HUMAN
Q6EMK4,VASN_HUMAN
Q6F5E8,CARL2_HUMAN
Q6FHJ7,SFRP4_HUMAN
Q6FI81,CPIN1_HUMAN
Q6FIF0,ZFAN6_HUMAN
Q6GMV2,SMYD5_HUMAN
Q6GPH4,XAF1_HUMAN
Q6GPH6,IPIL1_HUMAN
Q6GQQ9,OTU7B_HUMAN
Q6GTS8,P20D1_HUMAN
Q6GYQ0,RGPA1_HUMAN
Q6H3X3,ULBP5_HUMAN
Q6H8Q1,ABLM2_HUMAN
Q6H9L7,ISM2_HUMAN
Q6HA08,ASTL_HUMAN
Q6IE81,JADE1_HUMAN
Q6IEE7,T132E_HUMAN
Q6IEG0,SNR48_HUMAN
Q6IMN6,CAPR2_HUMAN
Q6IN84,MRM1_HUMAN
Q6IN85,P4R3A_HUMAN
Q6IPM2,IQCE_HUMAN
Q6IPR3,TYW3_HUMAN
Q6IPT2,F71E1_HUMAN
Q6IPW1,CK071_HUMAN
Q6IPX1,TBC3C_HUMAN
Q6IQ19,CCSAP_HUMAN
Q6IQ20,NAPEP_HUMAN
Q6IQ21,ZN770_HUMAN
Q6IQ23,PKHA7_HUMAN
Q6IQ49,SDE2_HUMAN
Q6IQ55,TTBK2_HUMAN
Q6IS24,GLT17_HUMAN
Q6ISB3,GRHL2_HUMAN
Q6ISU1,PTCRA_HUMAN
Q6IV72,ZN425_HUMAN
Q6IWH7,ANO7_HUMAN
Q6J272,F166A_HUMAN
Q6J4K2,NCLX_HUMAN
Q6J9G0,STYK1_HUMAN
Q6JBY9,CPZIP_HUMAN
Q6JVE6,LCN10_HUMAN
Q6K0P9,IFIX_HUMAN
Q6KB66,K2C80_HUMAN
Q6KC79,NIPBL_HUMAN
Q6KF10,GDF6_HUMAN
Q6L8G9,KRA56_HUMAN
Q6L8H2,KRA53_HUMAN
Q6L8Q7,PDE12_HUMAN
Q6L9W6,B4GN3_HUMAN
Q6MZM9,PRR27_HUMAN
Q6MZP7,LIN54_HUMAN
Q6MZQ0,PRR5L_HUMAN
Q6MZT1,R7BP_HUMAN
Q6MZW2,FSTL4_HUMAN
Q6N021,TET2_HUMAN
Q6N022,TEN4_HUMAN
Q6N043,Z280D_HUMAN
Q6N069,NAA16_HUMAN
Q6N075,MFSD5_HUMAN
Q6NS38,ALKB2_HUMAN
Q6NSI3,FA53A_HUMAN
Q6NSI4,RADX_HUMAN
Q6NSI8,K1841_HUMAN
Q6NSJ0,MYORG_HUMAN
Q6NSJ2,PHLB3_HUMAN
Q6NSJ5,LRC8E_HUMAN
Q6NSW7,NANP8_HUMAN
Q6NSZ9,ZSC25_HUMAN
Q6NT46,GAG2A_HUMAN
Q6NT52,CGB2_HUMAN
Q6NT76,HMBX1_HUMAN
Q6NT89,TRNP1_HUMAN
Q6NTE8,MRNIP_HUMAN
Q6NTF9,RHBD2_HUMAN
Q6NUI6,CHADL_HUMAN
Q6NUJ2,CK087_HUMAN
Q6NUJ5,PWP2B_HUMAN
Q6NUK4,REEP3_HUMAN
Q6NUM6,TYW1B_HUMAN
Q6NUM9,RETST_HUMAN
Q6NUN7,JHY_HUMAN
Q6NUN9,ZN746_HUMAN
Q6NUP7,PP4R4_HUMAN
Q6NUQ1,RINT1_HUMAN
Q6NUQ4,TM214_HUMAN
Q6NUS6,TECT3_HUMAN
Q6NUT2,D19L2_HUMAN
Q6NV75,GP153_HUMAN
Q6NVV3,NIPA3_HUMAN
Q6NW29,RWDD4_HUMAN
Q6NW34,NEPRO_HUMAN
Q6NW40,RGMB_HUMAN
Q6NWY9,PR40B_HUMAN
Q6NX45,ZN774_HUMAN
Q6NX49,ZN544_HUMAN
Q6NXP0,EFC12_HUMAN
Q6NXP2,F71F2_HUMAN
Q6NXS1,IPP2B_HUMAN
Q6NXT1,ANR54_HUMAN
Q6NXT2,H3C_HUMAN
Q6NXT4,ZNT6_HUMAN
Q6NXT6,TAPT1_HUMAN
Q6NY19,KANK3_HUMAN
Q6NYC1,JMJD6_HUMAN
Q6NYC8,PPR18_HUMAN
Q6NZ36,FAP20_HUMAN
Q6NZ67,MZT2B_HUMAN
Q6NZI2,CAVN1_HUMAN
Q6NZY4,ZCHC8_HUMAN
Q6NZY7,BORG3_HUMAN
Q6P047,CH074_HUMAN
Q6P050,FXL22_HUMAN
Q6P087,RUSD3_HUMAN
Q6P0N0,M18BP_HUMAN
Q6P0Q8,MAST2_HUMAN
Q6P158,DHX57_HUMAN
Q6P179,ERAP2_HUMAN
Q6P1J9,CDC73_HUMAN
Q6P1L5,F117B_HUMAN
Q6P1L6,ZN343_HUMAN
Q6P1M3,L2GL2_HUMAN
Q6P1M9,ARMX5_HUMAN
Q6P1N0,C2D1A_HUMAN
Q6P1Q0,LTMD1_HUMAN
Q6P1Q9,MET2B_HUMAN
Q6P1R3,MSD2_HUMAN
Q6P1R4,DUS1L_HUMAN
Q6P1W5,CA094_HUMAN
Q6P1X5,TAF2_HUMAN
Q6P1X6,CH082_HUMAN
Q6P280,ZN529_HUMAN
Q6P2C0,WDR93_HUMAN
Q6P2C8,MED27_HUMAN
Q6P2D0,ZFP1_HUMAN
Q6P2D8,XRRA1_HUMAN
Q6P2E9,EDC4_HUMAN
Q6P2H3,CEP85_HUMAN
Q6P387,CP046_HUMAN
Q6P3R8,NEK5_HUMAN
Q6P3S1,DEN1B_HUMAN
Q6P3S6,FBX42_HUMAN
Q6P3V2,Z585A_HUMAN
Q6P3W7,SCYL2_HUMAN
Q6P3X3,TTC27_HUMAN
Q6P3X8,PGBD2_HUMAN
Q6P444,MTFR2_HUMAN
Q6P499,NPAL3_HUMAN
Q6P4A8,PLBL1_HUMAN
Q6P4D5,F222C_HUMAN
Q6P4E1,CASC4_HUMAN
Q6P4F1,FUT10_HUMAN
Q6P4F2,FDX2_HUMAN
Q6P4F7,RHGBA_HUMAN
Q6P4H8,ACKMT_HUMAN
Q6P4Q7,CNNM4_HUMAN
Q6P4R8,NFRKB_HUMAN
Q6P531,GGT6_HUMAN
Q6P582,MZT2A_HUMAN
Q6P5Q4,LMOD2_HUMAN
Q6P5S7,RNK_HUMAN
Q6P5W5,S39A4_HUMAN
Q6P5X7,TMM71_HUMAN
Q6P5Z2,PKN3_HUMAN
Q6P6B1,ERIC5_HUMAN
Q6P6C2,ALKB5_HUMAN
Q6P988,NOTUM_HUMAN
Q6P995,F171B_HUMAN
Q6P996,PDXD1_HUMAN
Q6P9A2,GLT18_HUMAN
Q6P9A3,ZN549_HUMAN
Q6P9F0,CCD62_HUMAN
Q6P9F7,LRC8B_HUMAN
Q6P9G4,TM154_HUMAN
Q6P9G9,ZN449_HUMAN
Q6P9H4,CNKR3_HUMAN
Q6P9H5,GIMA6_HUMAN
Q6PCB5,RSBNL_HUMAN
Q6PCB6,AB17C_HUMAN
Q6PCB8,EMB_HUMAN
Q6PCD5,RFWD3_HUMAN
Q6PCT2,FXL19_HUMAN
Q6PD62,CTR9_HUMAN
Q6PD74,AAGAB_HUMAN
Q6PDB4,ZN880_HUMAN
Q6PEV8,F199X_HUMAN
Q6PEW0,PRS54_HUMAN
Q6PEW1,ZCH12_HUMAN
Q6PEX3,KR261_HUMAN
Q6PEX7,TEX38_HUMAN
Q6PF04,ZN613_HUMAN
Q6PF05,TT23L_HUMAN
Q6PF06,TM10B_HUMAN
Q6PFW1,VIP1_HUMAN
Q6PG37,ZN790_HUMAN
Q6PGN9,PSRC1_HUMAN
Q6PGQ1,DRIC1_HUMAN
Q6PGQ7,BORA_HUMAN
Q6PH81,CP087_HUMAN
Q6PHW0,IYD1_HUMAN
Q6PI26,SHQ1_HUMAN
Q6PI47,KCD18_HUMAN
Q6PI77,BHLH9_HUMAN
Q6PI78,TMM65_HUMAN
Q6PI97,CK088_HUMAN
Q6PI98,IN80C_HUMAN
Q6PID8,KLD10_HUMAN
Q6PIF2,SYCE2_HUMAN
Q6PIF6,MYO7B_HUMAN
Q6PII3,CC174_HUMAN
Q6PIJ6,FBX38_HUMAN
Q6PIS1,S23A3_HUMAN
Q6PIU1,KCNV1_HUMAN
Q6PIV2,FOXR1_HUMAN
Q6PIW4,FIGL1_HUMAN
Q6PIY5,ARMD1_HUMAN
Q6PIY7,GLD2_HUMAN
Q6PIZ9,TRAT1_HUMAN
Q6PJ21,SPSB3_HUMAN
Q6PJ61,FBX46_HUMAN
Q6PJE2,POZP3_HUMAN
Q6PJF5,RHDF2_HUMAN
Q6PJG2,EMSA1_HUMAN
Q6PJG9,LRFN4_HUMAN
Q6PJI9,WDR59_HUMAN
Q6PJP8,DCR1A_HUMAN
Q6PJQ5,FOXR2_HUMAN
Q6PJT7,ZC3HE_HUMAN
Q6PJW8,CNST_HUMAN
Q6PK04,CC137_HUMAN
Q6PK18,OGFD3_HUMAN
Q6PK81,ZN773_HUMAN
Q6PKC3,TXD11_HUMAN
Q6PKG0,LARP1_HUMAN
Q6PKX4,DOK6_HUMAN
Q6PL18,ATAD2_HUMAN
Q6PL24,TMED8_HUMAN
Q6PL45,BRID5_HUMAN
Q6PML9,ZNT9_HUMAN
Q6PUV4,CPLX2_HUMAN
Q6Q0C0,TRAF7_HUMAN
Q6Q4G3,AMPQ_HUMAN
Q6Q6R5,CRIP3_HUMAN
Q6Q759,SPG17_HUMAN
Q6QHK4,FIGLA_HUMAN
Q6QNK2,AGRD1_HUMAN
Q6QNY0,BL1S3_HUMAN
Q6QNY1,BL1S2_HUMAN
Q6R2W3,SCND3_HUMAN
Q6R327,RICTR_HUMAN
Q6R6M4,U17L2_HUMAN
Q6RFH5,WDR74_HUMAN
Q6RI45,BRWD3_HUMAN
Q6RSH7,VHLL_HUMAN
Q6RW13,ATRAP_HUMAN
Q6S5L8,SHC4_HUMAN
Q6S9Z5,ZN474_HUMAN
Q6SA08,TSSK4_HUMAN
Q6SJ93,F111B_HUMAN
Q6SJ96,TBPL2_HUMAN
Q6STE5,SMRD3_HUMAN
Q6T310,RSLBA_HUMAN
Q6T4P5,PLPR3_HUMAN
Q6T4R5,NHS_HUMAN
Q6TDP4,KLH17_HUMAN
Q6TDU7,CASC1_HUMAN
Q6TFL3,CC171_HUMAN
Q6TFL4,KLH24_HUMAN
Q6U7Q0,ZN322_HUMAN
Q6U841,S4A10_HUMAN
Q6UB35,C1TM_HUMAN
Q6UB98,ANR12_HUMAN
Q6UB99,ANR11_HUMAN
Q6UE05,TM270_HUMAN
Q6ULP2,AFTIN_HUMAN
Q6UQ28,PLET1_HUMAN
Q6UUV7,CRTC3_HUMAN
Q6UUV9,CRTC1_HUMAN
Q6UVJ0,SAS6_HUMAN
Q6UVK1,CSPG4_HUMAN
Q6UVM3,KCNT2_HUMAN
Q6UVW9,CLC2A_HUMAN
Q6UW15,REG3G_HUMAN
Q6UW49,SPESP_HUMAN
Q6UW88,EPGN_HUMAN
Q6UWB4,PRS55_HUMAN
Q6UWD8,CP054_HUMAN
Q6UWE0,LRSM1_HUMAN
Q6UWF3,SCIMP_HUMAN
Q6UWH4,GAK1B_HUMAN
Q6UWI2,PARM1_HUMAN
Q6UWI4,SHSA2_HUMAN
Q6UWJ8,C16L2_HUMAN
Q6UWK7,GP15L_HUMAN
Q6UWP7,LCLT1_HUMAN
Q6UWP8,SBSN_HUMAN
Q6UWS5,PT117_HUMAN
Q6UWT2,ENHO_HUMAN
Q6UWV2,MPZL3_HUMAN
Q6UWV7,SHL2A_HUMAN
Q6UWW9,TM207_HUMAN
Q6UWX4,HIPL2_HUMAN
Q6UWZ7,ABRX1_HUMAN
Q6UX04,CWC27_HUMAN
Q6UX06,OLFM4_HUMAN
Q6UX07,DHR13_HUMAN
Q6UX15,LAYN_HUMAN
Q6UX27,VSTM1_HUMAN
Q6UX34,SNORC_HUMAN
Q6UX39,AMTN_HUMAN
Q6UX41,BTNL8_HUMAN
Q6UX46,ALKL2_HUMAN
Q6UX68,XKR5_HUMAN
Q6UX71,PXDC2_HUMAN
Q6UX72,B3GN9_HUMAN
Q6UXA7,CF015_HUMAN
Q6UXB0,F131A_HUMAN
Q6UXB2,CXL17_HUMAN
Q6UXB4,CLC4G_HUMAN
Q6UXB8,PI16_HUMAN
Q6UXD1,HRCT1_HUMAN
Q6UXD5,SE6L2_HUMAN
Q6UXD7,S49A3_HUMAN
Q6UXF1,TM108_HUMAN
Q6UXG3,CLM9_HUMAN
Q6UXH8,CCBE1_HUMAN
Q6UXI7,VITRN_HUMAN
Q6UXI9,NPNT_HUMAN
Q6UXK2,ISLR2_HUMAN
Q6UXM1,LRIG3_HUMAN
Q6UXN2,TRML4_HUMAN
Q6UXN8,CLC9A_HUMAN
Q6UXT8,ALKL1_HUMAN
Q6UXT9,ABH15_HUMAN
Q6UXU4,GSG1L_HUMAN
Q6UXU6,TMM92_HUMAN
Q6UXV4,MIC27_HUMAN
Q6UXX5,ITIH6_HUMAN
Q6UXX9,RSPO2_HUMAN
Q6UXY1,BI2L2_HUMAN
Q6UXY8,TMC5_HUMAN
Q6UXZ3,CLM5_HUMAN
Q6UXZ4,UNC5D_HUMAN
Q6UY09,CEA20_HUMAN
Q6UY11,DLK2_HUMAN
Q6UY14,ATL4_HUMAN
Q6UYE1,LEU7_HUMAN
Q6V0L0,CP26C_HUMAN
Q6V1X1,DPP8_HUMAN
Q6V9R5,ZN562_HUMAN
Q6VAB6,KSR2_HUMAN
Q6VB84,FX4L3_HUMAN
Q6VMQ6,MCAF1_HUMAN
Q6VN20,RBP10_HUMAN
Q6VUC0,AP2E_HUMAN
Q6VY07,PACS1_HUMAN
Q6W0C5,DPPA3_HUMAN
Q6W2J9,BCOR_HUMAN
Q6W3E5,GDPD4_HUMAN
Q6W4X9,MUC6_HUMAN
Q6W5P4,NPSR1_HUMAN
Q6WKZ4,RFIP1_HUMAN
Q6WRI0,IGS10_HUMAN
Q6X4T0,CL054_HUMAN
Q6X4U4,SOSD1_HUMAN
Q6X4W1,NSMF_HUMAN
Q6XD76,ASCL4_HUMAN
Q6XE24,RBMS3_HUMAN
Q6XPR3,RPTN_HUMAN
Q6XPS3,TPTE2_HUMAN
Q6XR72,ZNT10_HUMAN
Q6XYB7,LBX2_HUMAN
Q6XYQ8,SYT10_HUMAN
Q6XZF7,DNMBP_HUMAN
Q6Y1H2,HACD2_HUMAN
Q6Y2X3,DJC14_HUMAN
Q6Y7W6,GGYF2_HUMAN
Q6YBV0,S36A4_HUMAN
Q6YI46,TMM64_HUMAN
Q6YP21,KAT3_HUMAN
Q6ZMB0,B3GN6_HUMAN
Q6ZMB5,T184A_HUMAN
Q6ZMC9,SIG15_HUMAN
Q6ZMD2,SPNS3_HUMAN
Q6ZMG9,CERS6_HUMAN
Q6ZMH5,S39A5_HUMAN
Q6ZMI0,PPR21_HUMAN
Q6ZMI3,GLDN_HUMAN
Q6ZMJ2,SCAR5_HUMAN
Q6ZMJ4,IL34_HUMAN
Q6ZMK1,CYHR1_HUMAN
Q6ZMN7,PZRN4_HUMAN
Q6ZMN8,CCNI2_HUMAN
Q6ZMP0,THSD4_HUMAN
Q6ZMQ8,LMTK1_HUMAN
Q6ZMS7,ZN783_HUMAN
Q6ZMT1,STAC2_HUMAN
Q6ZMT4,KDM7A_HUMAN
Q6ZMT9,DTHD1_HUMAN
Q6ZMV5,P4R3C_HUMAN
Q6ZMV9,KIF6_HUMAN
Q6ZMW2,ZN782_HUMAN
Q6ZMW3,EMAL6_HUMAN
Q6ZMY3,SPOC1_HUMAN
Q6ZMY9,ZN517_HUMAN
Q6ZMZ0,RN19B_HUMAN
Q6ZMZ3,SYNE3_HUMAN
Q6ZN01,MASTR_HUMAN
Q6ZN04,MEX3B_HUMAN
Q6ZN06,ZN813_HUMAN
Q6ZN08,ZNF66_HUMAN
Q6ZN11,ZN793_HUMAN
Q6ZN16,M3K15_HUMAN
Q6ZN17,LN28B_HUMAN
Q6ZN18,AEBP2_HUMAN
Q6ZN19,ZN841_HUMAN
Q6ZN28,MACC1_HUMAN
Q6ZN30,BNC2_HUMAN
Q6ZN32,ETV3L_HUMAN
Q6ZN44,UNC5A_HUMAN
Q6ZN54,DEFI8_HUMAN
Q6ZN57,ZFP2_HUMAN
Q6ZN79,Z705A_HUMAN
Q6ZN84,CCD81_HUMAN
Q6ZNA4,RN111_HUMAN
Q6ZNB6,NFXL1_HUMAN
Q6ZNC4,ZN704_HUMAN
Q6ZNE5,BAKOR_HUMAN
Q6ZNE9,RUFY4_HUMAN
Q6ZNG0,ZN620_HUMAN
Q6ZNG2,DBX2_HUMAN
Q6ZNG9,KRBA2_HUMAN
Q6ZNH5,ZN497_HUMAN
Q6ZNJ1,NBEL2_HUMAN
Q6ZNL6,FGD5_HUMAN
Q6ZNM6,TEX43_HUMAN
Q6ZNR0,TMM91_HUMAN
Q6ZP65,BICL1_HUMAN
Q6ZPD9,D19L3_HUMAN
Q6ZQN5,FOXI2_HUMAN
Q6ZQN7,SO4C1_HUMAN
Q6ZQQ2,S31D1_HUMAN
Q6ZQR2,CFA77_HUMAN
Q6ZQY2,LR74B_HUMAN
Q6ZR08,DYH12_HUMAN
Q6ZR62,RTL4_HUMAN
Q6ZRC1,CD050_HUMAN
Q6ZRF8,RN207_HUMAN
Q6ZRH7,CTSRG_HUMAN
Q6ZRI0,OTOG_HUMAN
Q6ZRI6,CO039_HUMAN
Q6ZRI8,RHG36_HUMAN
Q6ZRK6,CCD73_HUMAN
Q6ZRP0,PR23C_HUMAN
Q6ZRP7,QSOX2_HUMAN
Q6ZRS2,SRCAP_HUMAN
Q6ZRS4,ITPI1_HUMAN
Q6ZRT6,PR23B_HUMAN
Q6ZRV2,FA83H_HUMAN
Q6ZS10,CL17A_HUMAN
Q6ZS11,RINL_HUMAN
Q6ZS17,RIPR1_HUMAN
Q6ZS27,ZN662_HUMAN
Q6ZS30,NBEL1_HUMAN
Q6ZS72,PEAK3_HUMAN
Q6ZS81,WDFY4_HUMAN
Q6ZS82,R9BP_HUMAN
Q6ZSB9,ZBT49_HUMAN
Q6ZSC3,RBM43_HUMAN
Q6ZSG1,RN165_HUMAN
Q6ZSG2,INSY2_HUMAN
Q6ZSJ9,SHSA6_HUMAN
Q6ZSM3,MOT12_HUMAN
Q6ZSS3,ZN621_HUMAN
Q6ZSS7,MFSD6_HUMAN
Q6ZSY5,PPR3F_HUMAN
Q6ZSZ5,ARHGI_HUMAN
Q6ZSZ6,TSH1_HUMAN
Q6ZT07,TBCD9_HUMAN
Q6ZT12,UBR3_HUMAN
Q6ZT52,FA43B_HUMAN
Q6ZT98,TTLL7_HUMAN
Q6ZTA4,TRI67_HUMAN
Q6ZTI6,RFLA_HUMAN
Q6ZTQ3,RASF6_HUMAN
Q6ZTQ4,CDHR3_HUMAN
Q6ZTR5,CFA47_HUMAN
Q6ZTR7,FA92B_HUMAN
Q6ZTW0,TPGS1_HUMAN
Q6ZTZ1,MSD1_HUMAN
Q6ZU15,SEP14_HUMAN
Q6ZU35,CRAD_HUMAN
Q6ZU52,K0408_HUMAN
Q6ZU64,CFA65_HUMAN
Q6ZU65,UBN2_HUMAN
Q6ZU67,BEND4_HUMAN
Q6ZU69,F205A_HUMAN
Q6ZU80,CE128_HUMAN
Q6ZUB0,S31D4_HUMAN
Q6ZUB1,S31E1_HUMAN
Q6ZUI0,TPRG1_HUMAN
Q6ZUJ4,CC062_HUMAN
Q6ZUJ8,BCAP_HUMAN
Q6ZUK4,TMM26_HUMAN
Q6ZUM4,RHG27_HUMAN
Q6ZUS5,CC121_HUMAN
Q6ZUT1,NKAP1_HUMAN
Q6ZUT3,FRMD7_HUMAN
Q6ZUT9,DEN5B_HUMAN
Q6ZUU3,FOXNB_HUMAN
Q6ZUX3,TGRM2_HUMAN
Q6ZV29,PLPL7_HUMAN
Q6ZV65,FA47E_HUMAN
Q6ZV73,FGD6_HUMAN
Q6ZV89,SH2D5_HUMAN
Q6ZVC0,NYAP1_HUMAN
Q6ZVD7,STOX1_HUMAN
Q6ZVD8,PHLP2_HUMAN
Q6ZVF9,GRIN3_HUMAN
Q6ZVH7,ESPNL_HUMAN
Q6ZVL6,K154L_HUMAN
Q6ZVM7,TM1L2_HUMAN
Q6ZVT0,TTL10_HUMAN
Q6ZVX7,FBX50_HUMAN
Q6ZVX9,PAQR9_HUMAN
Q6ZW13,CP086_HUMAN
Q6ZW31,SYDE1_HUMAN
Q6ZW49,PAXI1_HUMAN
Q6ZW76,ANKS3_HUMAN
Q6ZWB6,KCTD8_HUMAN
Q6ZWE6,PKHM3_HUMAN
Q6ZWH5,NEK10_HUMAN
Q6ZWJ1,STXB4_HUMAN
Q6ZWJ8,KCP_HUMAN
Q6ZWK4,RHEX_HUMAN
Q6ZWT7,MBOA2_HUMAN
Q701N2,KRA55_HUMAN
Q701N4,KRA52_HUMAN
Q702N8,XIRP1_HUMAN
Q709C8,VP13C_HUMAN
Q70CQ1,UBP49_HUMAN
Q70CQ2,UBP34_HUMAN
Q70CQ3,UBP30_HUMAN
Q70CQ4,UBP31_HUMAN
Q70E73,RAPH1_HUMAN
Q70EK8,UBP53_HUMAN
Q70EK9,UBP51_HUMAN
Q70EL1,UBP54_HUMAN
Q70EL2,UBP45_HUMAN
Q70EL4,UBP43_HUMAN
Q70J99,UN13D_HUMAN
Q70JA7,CHSS3_HUMAN
Q70SY1,CR3L2_HUMAN
Q70UQ0,IKIP_HUMAN
Q70YC5,ZN365_HUMAN
Q70Z44,5HT3D_HUMAN
Q70Z53,F10C1_HUMAN
Q711Q0,CEFIP_HUMAN
Q712K3,UB2R2_HUMAN
Q717R9,CYS1_HUMAN
Q71DI3,H32_HUMAN
Q71F23,CENPU_HUMAN
Q71F56,MD13L_HUMAN
Q71H61,ILDR2_HUMAN
Q71RC2,LARP4_HUMAN
Q71RG4,TMUB2_HUMAN
Q71RS6,NCKX5_HUMAN
Q71SY5,MED25_HUMAN
Q75N03,HAKAI_HUMAN
Q75T13,PGAP1_HUMAN
Q75V66,ANO5_HUMAN
Q75VX8,GARE2_HUMAN
Q75WM6,H1FNT_HUMAN
Q765P7,MTSS2_HUMAN
Q76FK4,NOL8_HUMAN
Q76G19,PDZD4_HUMAN
Q76I76,SSH2_HUMAN
Q76KD6,SPERI_HUMAN
Q76KP1,B4GN4_HUMAN
Q76KX8,ZN534_HUMAN
Q76L83,ASXL2_HUMAN
Q76LX8,ATS13_HUMAN
Q76M96,CCD80_HUMAN
Q76MJ5,ERN2_HUMAN
Q76N32,CEP68_HUMAN
Q76N89,HECW1_HUMAN
Q76NI1,KNDC1_HUMAN
Q7KZ85,SPT6H_HUMAN
Q7KZI7,MARK2_HUMAN
Q7KZN9,COX15_HUMAN
Q7L014,DDX46_HUMAN
Q7L0J3,SV2A_HUMAN
Q7L0Q8,RHOU_HUMAN
Q7L0R7,RNF44_HUMAN
Q7L0X0,TRIL_HUMAN
Q7L0X2,ERIP6_HUMAN
Q7L190,DPPA4_HUMAN
Q7L1I2,SV2B_HUMAN
Q7L1S5,CHST9_HUMAN
Q7L1V2,MON1B_HUMAN
Q7L1W4,LRC8D_HUMAN
Q7L2E3,DHX30_HUMAN
Q7L2J0,MEPCE_HUMAN
Q7L2K0,TEDC2_HUMAN
Q7L2R6,ZN765_HUMAN
Q7L2Z9,CENPQ_HUMAN
Q7L311,ARMX2_HUMAN
Q7L3B6,CD37L_HUMAN
Q7L3S4,ZN771_HUMAN
Q7L3T8,SYPM_HUMAN
Q7L3V2,BOP_HUMAN
Q7L4E1,MIGA2_HUMAN
Q7L4I2,RSRC2_HUMAN
Q7L4P6,BEND5_HUMAN
Q7L4S7,ARMX6_HUMAN
Q7L513,FCRLA_HUMAN
Q7L590,MCM10_HUMAN
Q7L5A3,F214B_HUMAN
Q7L5N1,CSN6_HUMAN
Q7L5N7,PCAT2_HUMAN
Q7L622,G2E3_HUMAN
Q7L7V1,DHX32_HUMAN
Q7L7X3,TAOK1_HUMAN
Q7L804,RFIP2_HUMAN
Q7L8A9,VASH1_HUMAN
Q7L8C5,SYT13_HUMAN
Q7L8J4,3BP5L_HUMAN
Q7L8L6,FAKD5_HUMAN
Q7L8S5,OTU6A_HUMAN
Q7L945,ZN627_HUMAN
Q7L9B9,EEPD1_HUMAN
Q7LBC6,KDM3B_HUMAN
Q7LBE3,S26A9_HUMAN
Q7LC44,ARC_HUMAN
Q7LDG7,GRP2_HUMAN
Q7LFL8,CXXC5_HUMAN
Q7LGA3,HS2ST_HUMAN
Q7LGC8,CHST3_HUMAN
Q7M4L6,SHF_HUMAN
Q7RTM1,OTOP1_HUMAN
Q7RTN6,STRAA_HUMAN
Q7RTP6,MICA3_HUMAN
Q7RTR2,NLRC3_HUMAN
Q7RTS1,BHA15_HUMAN
Q7RTS3,PTF1A_HUMAN
Q7RTS6,OTOP2_HUMAN
Q7RTS7,K2C74_HUMAN
Q7RTT5,SSX7_HUMAN
Q7RTT9,S29A4_HUMAN
Q7RTU0,TCF24_HUMAN
Q7RTU1,TCF23_HUMAN
Q7RTU3,OLIG3_HUMAN
Q7RTU4,BHA09_HUMAN
Q7RTU7,SCX_HUMAN
Q7RTV3,ZN367_HUMAN
Q7RTW8,OTOAN_HUMAN
Q7RTX7,CTSR4_HUMAN
Q7RTX9,MOT14_HUMAN
Q7RTY1,MOT9_HUMAN
Q7RTY8,TMPS7_HUMAN
Q7RTZ2,U17L1_HUMAN
Q7Z2H8,S36A1_HUMAN
Q7Z2K6,ERMP1_HUMAN
Q7Z2K8,GRIN1_HUMAN
Q7Z2Q7,LRR70_HUMAN
Q7Z2T5,TRM1L_HUMAN
Q7Z2W4,ZCCHV_HUMAN
Q7Z2W7,TRPM8_HUMAN
Q7Z2W9,RM21_HUMAN
Q7Z2X7,PAGE2_HUMAN
Q7Z2Y5,NRK_HUMAN
Q7Z2Z1,TICRR_HUMAN
Q7Z2Z2,EFL1_HUMAN
Q7Z309,F122B_HUMAN
Q7Z333,SETX_HUMAN
Q7Z340,ZN551_HUMAN
Q7Z353,HDX_HUMAN
Q7Z388,D19L4_HUMAN
Q7Z398,ZN550_HUMAN
Q7Z3B4,NUP54_HUMAN
Q7Z3C6,ATG9A_HUMAN
Q7Z3D4,LYSM3_HUMAN
Q7Z3E1,PARPT_HUMAN
Q7Z3E2,CC186_HUMAN
Q7Z3E5,ARMC9_HUMAN
Q7Z3F1,GP155_HUMAN
Q7Z3G6,PRIC2_HUMAN
Q7Z3H0,PANKY_HUMAN
Q7Z3H4,SAMD7_HUMAN
Q7Z3I7,ZN572_HUMAN
Q7Z3J2,VP35L_HUMAN
Q7Z3J3,RGPD4_HUMAN
Q7Z3K3,POGZ_HUMAN
Q7Z3K6,MIER3_HUMAN
Q7Z3S7,CA2D4_HUMAN
Q7Z3T8,ZFY16_HUMAN
Q7Z3U7,MON2_HUMAN
Q7Z3V5,ZN571_HUMAN
Q7Z3Y7,K1C28_HUMAN
Q7Z3Y8,K1C27_HUMAN
Q7Z3Y9,K1C26_HUMAN
Q7Z3Z0,K1C25_HUMAN
Q7Z3Z2,RD3_HUMAN
Q7Z3Z3,PIWL3_HUMAN
Q7Z3Z4,PIWL4_HUMAN
Q7Z401,MYCPP_HUMAN
Q7Z402,TMC7_HUMAN
Q7Z403,TMC6_HUMAN
Q7Z406,MYH14_HUMAN
Q7Z417,NUFP2_HUMAN
Q7Z418,KCNKI_HUMAN
Q7Z422,SZRD1_HUMAN
Q7Z429,LFG1_HUMAN
Q7Z434,MAVS_HUMAN
Q7Z443,PK1L3_HUMAN
Q7Z444,RASE_HUMAN
Q7Z460,CLAP1_HUMAN
Q7Z465,BNIPL_HUMAN
Q7Z478,DHX29_HUMAN
Q7Z494,NPHP3_HUMAN
Q7Z4F1,LRP10_HUMAN
Q7Z4H7,HAUS6_HUMAN
Q7Z4H9,F220A_HUMAN
Q7Z4K8,TRI46_HUMAN
Q7Z4L0,COX8C_HUMAN
Q7Z4M0,RE114_HUMAN
Q7Z4N2,TRPM1_HUMAN
Q7Z4P5,GDF7_HUMAN
Q7Z4Q2,HEAT3_HUMAN
Q7Z4R8,CF120_HUMAN
Q7Z4S6,KI21A_HUMAN
Q7Z4T8,GLTL5_HUMAN
Q7Z4T9,CFA91_HUMAN
Q7Z4V0,ZN438_HUMAN
Q7Z4V5,HDGR2_HUMAN
Q7Z569,BRAP_HUMAN
Q7Z570,Z804A_HUMAN
Q7Z572,SPT21_HUMAN
Q7Z589,EMSY_HUMAN
Q7Z591,AKNA_HUMAN
Q7Z5B4,RIC3_HUMAN
Q7Z5D8,NANGN_HUMAN
Q7Z5H3,RHG22_HUMAN
Q7Z5J4,RAI1_HUMAN
Q7Z5J8,ANKAR_HUMAN
Q7Z5K2,WAPL_HUMAN
Q7Z5L2,R3HCL_HUMAN
Q7Z5L3,C1QL2_HUMAN
Q7Z5L7,PODN_HUMAN
Q7Z5L9,I2BP2_HUMAN
Q7Z5M5,TMC3_HUMAN
Q7Z5N4,SDK1_HUMAN
Q7Z5Q5,DPOLN_HUMAN
Q7Z5R6,AB1IP_HUMAN
Q7Z5V6,PPR32_HUMAN
Q7Z5Y6,BMP8A_HUMAN
Q7Z5Y7,KCD20_HUMAN
Q7Z601,GP142_HUMAN
Q7Z614,SNX20_HUMAN
Q7Z624,CMKMT_HUMAN
Q7Z628,ARHG8_HUMAN
Q7Z698,SPRE2_HUMAN
Q7Z699,SPRE1_HUMAN
Q7Z6A9,BTLA_HUMAN
Q7Z6B0,CCD91_HUMAN
Q7Z6B7,SRGP1_HUMAN
Q7Z6E9,RBBP6_HUMAN
Q7Z6G3,NECA2_HUMAN
Q7Z6G8,ANS1B_HUMAN
Q7Z6I6,RHG30_HUMAN
Q7Z6I8,CE024_HUMAN
Q7Z6J0,SH3R1_HUMAN
Q7Z6J2,GRASP_HUMAN
Q7Z6J4,FGD2_HUMAN
Q7Z6J6,FRMD5_HUMAN
Q7Z6J9,SEN54_HUMAN
Q7Z6K1,THAP5_HUMAN
Q7Z6L0,PRRT2_HUMAN
Q7Z6L1,TCPR1_HUMAN
Q7Z6M2,FBX33_HUMAN
Q7Z6M3,MILR1_HUMAN
Q7Z6M4,MTEF4_HUMAN
Q7Z6P3,RAB44_HUMAN
Q7Z6R9,AP2D_HUMAN
Q7Z6W7,DNJB7_HUMAN
Q7Z6Z6,PLPL5_HUMAN
Q7Z6Z7,HUWE1_HUMAN
Q7Z736,PKHH3_HUMAN
Q7Z739,YTHD3_HUMAN
Q7Z794,K2C1B_HUMAN
Q7Z7A1,CNTRL_HUMAN
Q7Z7A3,CTU1_HUMAN
Q7Z7A4,PXK_HUMAN
Q7Z7B0,FLIP1_HUMAN
Q7Z7B7,DB132_HUMAN
Q7Z7C7,STRA8_HUMAN
Q7Z7C8,TAF8_HUMAN
Q7Z7E8,UB2Q1_HUMAN
Q7Z7F0,KHDC4_HUMAN
Q7Z7G1,CLNK_HUMAN
Q7Z7G2,CPLX4_HUMAN
Q7Z7G8,VP13B_HUMAN
Q7Z7H8,RM10_HUMAN
Q7Z7J5,DPPA2_HUMAN
Q7Z7J9,CK2N1_HUMAN
Q7Z7K2,ZN467_HUMAN
Q7Z7L8,CK096_HUMAN
Q7Z7L9,ZSCA2_HUMAN
Q7Z7M0,MEGF8_HUMAN
Q7Z7M8,B3GN8_HUMAN
Q7Z7M9,GALT5_HUMAN
Q86SE5,RALYL_HUMAN
Q86SE8,NPM2_HUMAN
Q86SF2,GALT7_HUMAN
Q86SG2,ANR23_HUMAN
Q86SG6,NEK8_HUMAN
Q86SH2,ZAR1_HUMAN
Q86SJ2,AMGO2_HUMAN
Q86SJ6,DSG4_HUMAN
Q86SK9,SCD5_HUMAN
Q86SP6,GP149_HUMAN
Q86SQ0,PHLB2_HUMAN
Q86SQ4,AGRG6_HUMAN
Q86SQ6,AGRA1_HUMAN
Q86SQ7,SDCG8_HUMAN
Q86SR1,GLT10_HUMAN
Q86SS6,SYT9_HUMAN
Q86SU0,ILDR1_HUMAN
Q86SX6,GLRX5_HUMAN
Q86T03,PP4P1_HUMAN
Q86T13,CLC14_HUMAN
Q86T20,SIM29_HUMAN
Q86T24,KAISO_HUMAN
Q86T29,ZN605_HUMAN
Q86T65,DAAM2_HUMAN
Q86T75,NBPFB_HUMAN
Q86T82,UBP37_HUMAN
Q86T90,K1328_HUMAN
Q86T96,RN180_HUMAN
Q86TB3,ALPK2_HUMAN
Q86TB9,PATL1_HUMAN
Q86TC9,MYPN_HUMAN
Q86TE4,LUZP2_HUMAN
Q86TH1,ATL2_HUMAN
Q86TI0,TBCD1_HUMAN
Q86TJ5,ZN554_HUMAN
Q86TL0,ATG4D_HUMAN
Q86TL2,STIMA_HUMAN
Q86TM6,SYVN1_HUMAN
Q86TN4,TRPT1_HUMAN
Q86TP1,PRUN1_HUMAN
Q86TU7,SETD3_HUMAN
Q86TV6,TTC7B_HUMAN
Q86TY3,ARMD4_HUMAN
Q86U06,RBM23_HUMAN
Q86U17,SPA11_HUMAN
Q86U28,ISCA2_HUMAN
Q86U38,NOP9_HUMAN
Q86U42,PABP2_HUMAN
Q86U44,MTA70_HUMAN
Q86U70,LDB1_HUMAN
Q86U86,PB1_HUMAN
Q86U90,YRDC_HUMAN
Q86UA1,PRP39_HUMAN
Q86UB2,BIVM_HUMAN
Q86UD0,SAPC2_HUMAN
Q86UD3,MARH3_HUMAN
Q86UD4,ZN329_HUMAN
Q86UE3,ZN546_HUMAN
Q86UE4,LYRIC_HUMAN
Q86UE6,LRRT1_HUMAN
Q86UE8,TLK2_HUMAN
Q86UF2,CTGE6_HUMAN
Q86UF4,CC190_HUMAN
Q86UG4,SO6A1_HUMAN
Q86UK0,ABCAC_HUMAN
Q86UK5,LBN_HUMAN
Q86UL3,GPAT4_HUMAN
Q86UL8,MAGI2_HUMAN
Q86UN2,R4RL1_HUMAN
Q86UN3,R4RL2_HUMAN
Q86UN6,AKA28_HUMAN
Q86UP0,CAD24_HUMAN
Q86UP2,KTN1_HUMAN
Q86UP8,GTD2A_HUMAN
Q86UQ0,ZN589_HUMAN
Q86UR1,NOXA1_HUMAN
Q86UR5,RIMS1_HUMAN
Q86US8,EST1A_HUMAN
Q86UT5,NHRF4_HUMAN
Q86UT6,NLRX1_HUMAN
Q86UU0,BCL9L_HUMAN
Q86UU1,PHLB1_HUMAN
Q86UU5,GGN_HUMAN
Q86UU9,TKN4_HUMAN
Q86UV5,UBP48_HUMAN
Q86UW2,OSTB_HUMAN
Q86UW6,N4BP2_HUMAN
Q86UW7,CAPS2_HUMAN
Q86UW9,DTX2_HUMAN
Q86UX6,ST32C_HUMAN
Q86UY5,FA83A_HUMAN
Q86UY8,NT5D3_HUMAN
Q86UZ6,ZBT46_HUMAN
Q86V15,CASZ1_HUMAN
Q86V20,SHLD2_HUMAN
Q86V24,PAQR2_HUMAN
Q86V25,VASH2_HUMAN
Q86V40,TIKI1_HUMAN
Q86V42,F124A_HUMAN
Q86V48,LUZP1_HUMAN
Q86V59,PNM8A_HUMAN
Q86V71,ZN429_HUMAN
Q86V86,PIM3_HUMAN
Q86V87,F16B2_HUMAN
Q86V97,KBTB6_HUMAN
Q86VB7,C163A_HUMAN
Q86VD1,MORC1_HUMAN
Q86VE0,MYPOP_HUMAN
Q86VE3,SATL1_HUMAN
Q86VF2,IGFN1_HUMAN
Q86VF7,NRAP_HUMAN
Q86VG3,CK074_HUMAN
Q86VH2,KIF27_HUMAN
Q86VH4,LRRT4_HUMAN
Q86VH5,LRRT3_HUMAN
Q86VI4,LAP4B_HUMAN
Q86VK4,ZN410_HUMAN
Q86VL8,S47A2_HUMAN
Q86VM9,ZCH18_HUMAN
Q86VP1,TAXB1_HUMAN
Q86VP3,PACS2_HUMAN
Q86VP6,CAND1_HUMAN
Q86VQ0,LCA5_HUMAN
Q86VQ1,GLCI1_HUMAN
Q86VQ3,TXND2_HUMAN
Q86VR2,RETR3_HUMAN
Q86VR7,VS10L_HUMAN
Q86VR8,FJX1_HUMAN
Q86VS3,IQCH_HUMAN
Q86VS8,HOOK3_HUMAN
Q86VV4,RNB3L_HUMAN
Q86VV8,RTTN_HUMAN
Q86VW1,S22AG_HUMAN
Q86VW2,ARHGP_HUMAN
Q86VY4,TSYL5_HUMAN
Q86VY9,T200A_HUMAN
Q86VZ1,P2RY8_HUMAN
Q86VZ4,LRP11_HUMAN
Q86VZ6,JAZF1_HUMAN
Q86W11,ZSC30_HUMAN
Q86W25,NAL13_HUMAN
Q86W26,NAL10_HUMAN
Q86W33,TPRA1_HUMAN
Q86W47,KCMB4_HUMAN
Q86W50,MET16_HUMAN
Q86W54,SPA24_HUMAN
Q86W56,PARG_HUMAN
Q86W67,F228A_HUMAN
Q86W92,LIPB1_HUMAN
Q86WA8,LONP2_HUMAN
Q86WB0,NIPA_HUMAN
Q86WD7,SPA9_HUMAN
Q86WG3,ATCAY_HUMAN
Q86WG5,MTMRD_HUMAN
Q86WH2,RASF3_HUMAN
Q86WI3,NLRC5_HUMAN
Q86WK6,AMGO1_HUMAN
Q86WK7,AMGO3_HUMAN
Q86WN1,FCSD1_HUMAN
Q86WP2,GPBP1_HUMAN
Q86WR0,CCD25_HUMAN
Q86WR6,CQ064_HUMAN
Q86WR7,PRSR2_HUMAN
Q86WS3,OOSP2_HUMAN
Q86WS4,CL040_HUMAN
Q86WS5,TMPSC_HUMAN
Q86WT6,TRI69_HUMAN
Q86WV1,SKAP1_HUMAN
Q86WX3,AROS_HUMAN
Q86WZ0,HEAT4_HUMAN
Q86WZ6,ZN227_HUMAN
Q86X02,CDR2L_HUMAN
Q86X10,RLGPB_HUMAN
Q86X24,HORM1_HUMAN
Q86X27,RGPS2_HUMAN
Q86X29,LSR_HUMAN
Q86X45,TILB_HUMAN
Q86X51,EZHIP_HUMAN
Q86X52,CHSS1_HUMAN
Q86X53,ERIC1_HUMAN
Q86X76,NIT1_HUMAN
Q86X95,CIR1_HUMAN
Q86XD5,F131B_HUMAN
Q86XD8,ZFAN4_HUMAN
Q86XE3,MICU3_HUMAN
Q86XF7,ZN575_HUMAN
Q86XH1,DRC11_HUMAN
Q86XI6,PPR3B_HUMAN
Q86XJ0,CAHM3_HUMAN
Q86XJ1,GA2L3_HUMAN
Q86XK2,FBX11_HUMAN
Q86XK3,SFR1_HUMAN
Q86XK7,VSIG1_HUMAN
Q86XL3,ANKL2_HUMAN
Q86XN6,ZN761_HUMAN
Q86XN7,PRSR1_HUMAN
Q86XN8,MEX3D_HUMAN
Q86XP1,DGKH_HUMAN
Q86XP3,DDX42_HUMAN
Q86XR2,NIBA3_HUMAN
Q86XR5,PRIMA_HUMAN
Q86XR7,TCAM2_HUMAN
Q86XR8,CEP57_HUMAN
Q86XS5,ANGL5_HUMAN
Q86XS8,GOLI_HUMAN
Q86XT2,VP37D_HUMAN
Q86XU0,ZN677_HUMAN
Q86XZ4,SPAS2_HUMAN
Q86Y01,DTX1_HUMAN
Q86Y07,VRK2_HUMAN
Q86Y13,DZIP3_HUMAN
Q86Y22,CONA1_HUMAN
Q86Y25,Z354C_HUMAN
Q86Y26,NUTM1_HUMAN
Q86Y33,CD20B_HUMAN
Q86Y34,AGRG3_HUMAN
Q86Y37,CACL1_HUMAN
Q86Y38,XYLT1_HUMAN
Q86Y46,K2C73_HUMAN
Q86Y82,STX12_HUMAN
Q86Y91,KI18B_HUMAN
Q86Y97,KMT5C_HUMAN
Q86YA3,ZGRF1_HUMAN
Q86YC2,PALB2_HUMAN
Q86YD1,PTOV1_HUMAN
Q86YD3,TMM25_HUMAN
Q86YD5,LRAD3_HUMAN
Q86YD7,F90A1_HUMAN
Q86YE8,ZN573_HUMAN
Q86YF9,DZIP1_HUMAN
Q86YI8,PHF13_HUMAN
Q86YJ5,MARH9_HUMAN
Q86YJ7,AN13B_HUMAN
Q86YL5,TDRP_HUMAN
Q86YL7,PDPN_HUMAN
Q86YM7,HOME1_HUMAN
Q86YN6,PRGC2_HUMAN
Q86YP4,P66A_HUMAN
Q86YR6,POTED_HUMAN
Q86YR7,MF2L2_HUMAN
Q86YS3,RFIP4_HUMAN
Q86YS7,C2CD5_HUMAN
Q86YT5,S13A5_HUMAN
Q86YT9,JAML_HUMAN
Q86YV0,RASL3_HUMAN
Q86YV5,PRAG1_HUMAN
Q86YV6,MYLK4_HUMAN
Q86YW0,PLCZ1_HUMAN
Q86YW5,TRML1_HUMAN
Q86YW9,MD12L_HUMAN
Q86YZ3,HORN_HUMAN
Q86Z02,HIPK1_HUMAN
Q86Z20,CC125_HUMAN
Q86Z23,C1QL4_HUMAN
Q8HWS3,RFX6_HUMAN
Q8IU54,IFNL1_HUMAN
Q8IU57,INLR1_HUMAN
Q8IU60,DCP2_HUMAN
Q8IU68,TMC8_HUMAN
Q8IU81,I2BP1_HUMAN
Q8IU85,KCC1D_HUMAN
Q8IU89,CERS3_HUMAN
Q8IU99,CAHM1_HUMAN
Q8IUA7,ABCA9_HUMAN
Q8IUC0,KR131_HUMAN
Q8IUC1,KR111_HUMAN
Q8IUC4,RHPN2_HUMAN
Q8IUC6,TCAM1_HUMAN
Q8IUC8,GLT13_HUMAN
Q8IUD2,RB6I2_HUMAN
Q8IUD6,RN135_HUMAN
Q8IUE0,TF2LY_HUMAN
Q8IUE1,TF2LX_HUMAN
Q8IUF1,CBWD2_HUMAN
Q8IUF8,RIOX2_HUMAN
Q8IUG5,MY18B_HUMAN
Q8IUH2,CREG2_HUMAN
Q8IUH4,ZDH13_HUMAN
Q8IUH5,ZDH17_HUMAN
Q8IUH8,SPP2C_HUMAN
Q8IUK5,PLDX1_HUMAN
Q8IUK8,CBLN2_HUMAN
Q8IUL8,CILP2_HUMAN
Q8IUM7,NPAS4_HUMAN
Q8IUN9,CLC10_HUMAN
Q8IUQ0,CLVS1_HUMAN
Q8IUQ4,SIAH1_HUMAN
Q8IUR6,CRERF_HUMAN
Q8IUS5,EPHX4_HUMAN
Q8IUW3,SPA2L_HUMAN
Q8IUW5,RELL1_HUMAN
Q8IUX1,T126B_HUMAN
Q8IUX7,AEBP1_HUMAN
Q8IUX8,EGFL6_HUMAN
Q8IUY3,GRM2A_HUMAN
Q8IUZ0,LRC49_HUMAN
Q8IV01,SYT12_HUMAN
Q8IV04,TB10C_HUMAN
Q8IV08,PLD3_HUMAN
Q8IV31,TM139_HUMAN
Q8IV32,CCD71_HUMAN
Q8IV33,K0825_HUMAN
Q8IV35,WDR49_HUMAN
Q8IV36,HID1_HUMAN
Q8IV38,ANKY2_HUMAN
Q8IV45,UN5CL_HUMAN
Q8IV48,ERI1_HUMAN
Q8IV50,LYSM2_HUMAN
Q8IV53,DEN1C_HUMAN
Q8IV56,PRR15_HUMAN
Q8IV61,GRP3_HUMAN
Q8IV63,VRK3_HUMAN
Q8IV76,PASD1_HUMAN
Q8IV77,CNGA4_HUMAN
Q8IVA1,PCP2_HUMAN
Q8IVB4,SL9A9_HUMAN
Q8IVB5,LIX1L_HUMAN
Q8IVC4,ZN584_HUMAN
Q8IVD9,NUDC3_HUMAN
Q8IVE3,PKHH2_HUMAN
Q8IVF1,NTM2A_HUMAN
Q8IVF2,AHNK2_HUMAN
Q8IVF4,DYH10_HUMAN
Q8IVF5,TIAM2_HUMAN
Q8IVF6,AN18A_HUMAN
Q8IVG5,SAM9L_HUMAN
Q8IVH2,FOXP4_HUMAN
Q8IVH8,M4K3_HUMAN
Q8IVI9,NOSTN_HUMAN
Q8IVJ1,S41A1_HUMAN
Q8IVL0,NAV3_HUMAN
Q8IVL1,NAV2_HUMAN
Q8IVL5,P3H2_HUMAN
Q8IVL6,P3H3_HUMAN
Q8IVM0,CCD50_HUMAN
Q8IVN3,MSTN1_HUMAN
Q8IVS2,FABD_HUMAN
Q8IVT2,MISP_HUMAN
Q8IVU1,IGDC3_HUMAN
Q8IVU9,CBCO1_HUMAN
Q8IVV7,GID4_HUMAN
Q8IVW4,CDKL3_HUMAN
Q8IVW6,ARI3B_HUMAN
Q8IVW8,SPNS2_HUMAN
Q8IVY1,CA210_HUMAN
Q8IW00,VSTM4_HUMAN
Q8IW03,SIAH3_HUMAN
Q8IW19,APLF_HUMAN
Q8IW35,CEP97_HUMAN
Q8IW41,MAPK5_HUMAN
Q8IW50,F219A_HUMAN
Q8IW52,SLIK4_HUMAN
Q8IW70,T151B_HUMAN
Q8IW93,ARHGJ_HUMAN
Q8IWA0,WDR75_HUMAN
Q8IWA4,MFN1_HUMAN
Q8IWA6,CCD60_HUMAN
Q8IWB1,IPRI_HUMAN
Q8IWB4,S31A7_HUMAN
Q8IWB6,TEX14_HUMAN
Q8IWB9,TEX2_HUMAN
Q8IWC1,MA7D3_HUMAN
Q8IWD4,CC117_HUMAN
Q8IWD5,MFS6L_HUMAN
Q8IWE2,NXP20_HUMAN
Q8IWE4,DCNL3_HUMAN
Q8IWE5,PKHM2_HUMAN
Q8IWF2,FXRD2_HUMAN
Q8IWF6,DEN6A_HUMAN
Q8IWF9,CCD83_HUMAN
Q8IWG1,WDR63_HUMAN
Q8IWI9,MGAP_HUMAN
Q8IWJ2,GCC2_HUMAN
Q8IWK6,AGRA3_HUMAN
Q8IWL2,SFTA1_HUMAN
Q8IWN7,RP1L1_HUMAN
Q8IWQ3,BRSK2_HUMAN
Q8IWR0,Z3H7A_HUMAN
Q8IWS0,PHF6_HUMAN
Q8IWT1,SCN4B_HUMAN
Q8IWT3,CUL9_HUMAN
Q8IWT6,LRC8A_HUMAN
Q8IWU2,LMTK2_HUMAN
Q8IWU5,SULF2_HUMAN
Q8IWU6,SULF1_HUMAN
Q8IWU9,TPH2_HUMAN
Q8IWV1,LAX1_HUMAN
Q8IWV7,UBR1_HUMAN
Q8IWV8,UBR2_HUMAN
Q8IWW6,RHG12_HUMAN
Q8IWX5,SGPP2_HUMAN
Q8IWX8,CHERP_HUMAN
Q8IWY8,ZSC29_HUMAN
Q8IWY9,CDAN1_HUMAN
Q8IWZ3,ANKH1_HUMAN
Q8IWZ8,SUGP1_HUMAN
Q8IX01,SUGP2_HUMAN
Q8IX03,KIBRA_HUMAN
Q8IX07,FOG1_HUMAN
Q8IX12,CCAR1_HUMAN
Q8IX15,HOMEZ_HUMAN
Q8IX18,DHX40_HUMAN
Q8IX21,SLF2_HUMAN
Q8IX29,FBX16_HUMAN
Q8IX90,SKA3_HUMAN
Q8IXA5,SACA3_HUMAN
Q8IXB3,TARG1_HUMAN
Q8IXF0,NPAS3_HUMAN
Q8IXF9,AQ12A_HUMAN
Q8IXH6,T53I2_HUMAN
Q8IXH8,CAD26_HUMAN
Q8IXJ6,SIR2_HUMAN
Q8IXJ9,ASXL1_HUMAN
Q8IXK0,PHC2_HUMAN
Q8IXK2,GLT12_HUMAN
Q8IXL6,FA20C_HUMAN
Q8IXL7,MSRB3_HUMAN
Q8IXM2,BAP18_HUMAN
Q8IXN7,RIMKA_HUMAN
Q8IXP5,CK053_HUMAN
Q8IXQ3,CI040_HUMAN
Q8IXQ4,GPAM1_HUMAN
Q8IXQ8,PDZD9_HUMAN
Q8IXR9,CL056_HUMAN
Q8IXS0,F217A_HUMAN
Q8IXS8,F126B_HUMAN
Q8IXT1,DDIAS_HUMAN
Q8IXT2,DMRTD_HUMAN
Q8IXT5,RB12B_HUMAN
Q8IXU6,S35F2_HUMAN
Q8IXW0,LMTD2_HUMAN
Q8IXW5,RPAP2_HUMAN
Q8IXX5,T183A_HUMAN
Q8IXZ2,ZC3H3_HUMAN
Q8IXZ3,SP8_HUMAN
Q8IY17,PLPL6_HUMAN
Q8IY18,SMC5_HUMAN
Q8IY22,CMIP_HUMAN
Q8IY26,PLPP6_HUMAN
Q8IY33,MILK2_HUMAN
Q8IY37,DHX37_HUMAN
Q8IY42,CD019_HUMAN
Q8IY50,S35F3_HUMAN
Q8IY51,TIGD4_HUMAN
Q8IY57,YAF2_HUMAN
Q8IY63,AMOL1_HUMAN
Q8IY67,RAVR1_HUMAN
Q8IY81,SPB1_HUMAN
Q8IY82,DRC7_HUMAN
Q8IY84,NIM1_HUMAN
Q8IY85,EFC13_HUMAN
Q8IY92,SLX4_HUMAN
Q8IY95,TM192_HUMAN
Q8IYA6,CKP2L_HUMAN
Q8IYA7,MKX_HUMAN
Q8IYA8,IHO1_HUMAN
Q8IYB3,SRRM1_HUMAN
Q8IYB4,PEX5R_HUMAN
Q8IYB5,SMAP1_HUMAN
Q8IYB7,DI3L2_HUMAN
Q8IYB8,SUV3_HUMAN
Q8IYB9,ZN595_HUMAN
Q8IYD1,ERF3B_HUMAN
Q8IYD8,FANCM_HUMAN
Q8IYD9,LAS2_HUMAN
Q8IYE0,CC146_HUMAN
Q8IYE1,CCD13_HUMAN
Q8IYF1,ELOA2_HUMAN
Q8IYG6,LRC56_HUMAN
Q8IYH5,ZZZ3_HUMAN
Q8IYI0,SHLD1_HUMAN
Q8IYI6,EXOC8_HUMAN
Q8IYI8,ZN440_HUMAN
Q8IYJ0,PIANP_HUMAN
Q8IYJ3,SYTL1_HUMAN
Q8IYK2,CC105_HUMAN
Q8IYK4,GT252_HUMAN
Q8IYK8,REM2_HUMAN
Q8IYL2,TRM44_HUMAN
Q8IYL3,CA174_HUMAN
Q8IYM0,F186B_HUMAN
Q8IYM1,SEP12_HUMAN
Q8IYN2,TCAL8_HUMAN
Q8IYN6,UBAD2_HUMAN
Q8IYP9,ZDH23_HUMAN
Q8IYS0,ASTRC_HUMAN
Q8IYS2,K2013_HUMAN
Q8IYS4,CP071_HUMAN
Q8IYT1,FA71A_HUMAN
Q8IYT3,CC170_HUMAN
Q8IYT4,KATL2_HUMAN
Q8IYT8,ULK2_HUMAN
Q8IYU2,HACE1_HUMAN
Q8IYU4,UBQLN_HUMAN
Q8IYU8,MICU2_HUMAN
Q8IYV9,IZUM1_HUMAN
Q8IYW2,CFA46_HUMAN
Q8IYW4,ENTD1_HUMAN
Q8IYW5,RN168_HUMAN
Q8IYX3,CC116_HUMAN
Q8IYX7,SAXO1_HUMAN
Q8IYX8,CE57L_HUMAN
Q8IYY4,DZI1L_HUMAN
Q8IZ02,LRC34_HUMAN
Q8IZ07,AN13A_HUMAN
Q8IZ08,GP135_HUMAN
Q8IZ16,CG061_HUMAN
Q8IZ20,ZN683_HUMAN
Q8IZ21,PHAR4_HUMAN
Q8IZ26,ZNF34_HUMAN
Q8IZ40,RCOR2_HUMAN
Q8IZ41,RASEF_HUMAN
Q8IZ52,CHSS2_HUMAN
Q8IZ63,PRR22_HUMAN
Q8IZ69,TRM2A_HUMAN
Q8IZ73,RUSD2_HUMAN
Q8IZ96,CKLF1_HUMAN
Q8IZA0,K319L_HUMAN
Q8IZA3,H1FOO_HUMAN
Q8IZC4,RTKN2_HUMAN
Q8IZC6,CORA1_HUMAN
Q8IZC7,ZN101_HUMAN
Q8IZD0,SAM14_HUMAN
Q8IZD2,KMT2E_HUMAN
Q8IZD4,DCP1B_HUMAN
Q8IZD6,S22AF_HUMAN
Q8IZD9,DOCK3_HUMAN
Q8IZE3,PACE1_HUMAN
Q8IZF0,NALCN_HUMAN
Q8IZF2,AGRF5_HUMAN
Q8IZF5,AGRF3_HUMAN
Q8IZF6,AGRG4_HUMAN
Q8IZH2,XRN1_HUMAN
Q8IZI9,IFNL3_HUMAN
Q8IZJ1,UNC5B_HUMAN
Q8IZJ3,CPMD8_HUMAN
Q8IZJ4,RGDSR_HUMAN
Q8IZK6,MCLN2_HUMAN
Q8IZL2,MAML2_HUMAN
Q8IZL8,PELP1_HUMAN
Q8IZM9,S38A6_HUMAN
Q8IZN3,ZDH14_HUMAN
Q8IZP0,ABI1_HUMAN
Q8IZP1,TBC3A_HUMAN
Q8IZP6,R113B_HUMAN
Q8IZP7,H6ST3_HUMAN
Q8IZP9,AGRG2_HUMAN
Q8IZQ1,WDFY3_HUMAN
Q8IZQ8,MYCD_HUMAN
Q8IZR5,CKLF4_HUMAN
Q8IZS6,TC1D3_HUMAN
Q8IZT6,ASPM_HUMAN
Q8IZT8,HS3S5_HUMAN
Q8IZT9,FAM9C_HUMAN
Q8IZU0,FAM9B_HUMAN
Q8IZU1,FAM9A_HUMAN
Q8IZU3,SYCP3_HUMAN
Q8IZU8,DSEL_HUMAN
Q8IZU9,KIRR3_HUMAN
Q8IZW8,TENS4_HUMAN
Q8IZX4,TAF1L_HUMAN
Q8IZY2,ABCA7_HUMAN
Q8J025,APCD1_HUMAN
Q8N0S2,SYCE1_HUMAN
Q8N0S6,CENPL_HUMAN
Q8N0T1,RBIS_HUMAN
Q8N0U2,TMM61_HUMAN
Q8N0U7,CA087_HUMAN
Q8N0V3,RBFA_HUMAN
Q8N0V4,LGI2_HUMAN
Q8N0W4,NLGNX_HUMAN
Q8N0W5,IQCK_HUMAN
Q8N0W7,FMR1N_HUMAN
Q8N0X4,CLYBL_HUMAN
Q8N0X7,SPART_HUMAN
Q8N0Y2,ZN444_HUMAN
Q8N0Z2,ABRA_HUMAN
Q8N0Z3,SPICE_HUMAN
Q8N100,ATOH7_HUMAN
Q8N103,TAGAP_HUMAN
Q8N108,MIER1_HUMAN
Q8N111,CEND_HUMAN
Q8N112,LSME2_HUMAN
Q8N114,SHSA5_HUMAN
Q8N119,MMP21_HUMAN
Q8N122,RPTOR_HUMAN
Q8N123,CPXCR_HUMAN
Q8N128,F177A_HUMAN
Q8N129,CNPY4_HUMAN
Q8N130,NPT2C_HUMAN
Q8N131,PORIM_HUMAN
Q8N137,CNTRB_HUMAN
Q8N139,ABCA6_HUMAN
Q8N140,EID3_HUMAN
Q8N141,ZFP82_HUMAN
Q8N143,BCL6B_HUMAN
Q8N144,CXD3_HUMAN
Q8N145,LGI3_HUMAN
Q8N157,AHI1_HUMAN
Q8N158,GPC2_HUMAN
Q8N159,NAGS_HUMAN
Q8N163,CCAR2_HUMAN
Q8N183,NDUF2_HUMAN
Q8N184,ZN567_HUMAN
Q8N187,CARTF_HUMAN
Q8N196,SIX5_HUMAN
Q8N1A0,KT222_HUMAN
Q8N1B4,VPS52_HUMAN
Q8N1C3,GBRG1_HUMAN
Q8N1F8,S11IP_HUMAN
Q8N1G0,ZN687_HUMAN
Q8N1G1,REXO1_HUMAN
Q8N1G2,CMTR1_HUMAN
Q8N1G4,LRC47_HUMAN
Q8N1H7,S6OS1_HUMAN
Q8N1I0,DOCK4_HUMAN
Q8N1K5,THMS1_HUMAN
Q8N1L9,BATF2_HUMAN
Q8N1M1,BEST3_HUMAN
Q8N1N0,CLC4F_HUMAN
Q8N1N2,DYNAP_HUMAN
Q8N1N4,K2C78_HUMAN
Q8N1P7,CRBG2_HUMAN
Q8N1W1,ARG28_HUMAN
Q8N1W2,ZN710_HUMAN
Q8N201,INT1_HUMAN
Q8N205,SYNE4_HUMAN
Q8N228,SCML4_HUMAN
Q8N257,H2B3B_HUMAN
Q8N264,RHG24_HUMAN
Q8N271,PROM2_HUMAN
Q8N292,GAPT_HUMAN
Q8N2C3,DEPD4_HUMAN
Q8N2C7,UNC80_HUMAN
Q8N2E2,VWDE_HUMAN
Q8N2F6,ARM10_HUMAN
Q8N2G6,ZCH24_HUMAN
Q8N2H9,PELI3_HUMAN
Q8N2I2,ZN619_HUMAN
Q8N2I9,STK40_HUMAN
Q8N2K0,ABD12_HUMAN
Q8N2K1,UB2J2_HUMAN
Q8N2N9,AN36B_HUMAN
Q8N2R0,OSR2_HUMAN
Q8N2R8,FA43A_HUMAN
Q8N2S1,LTBP4_HUMAN
Q8N2W9,PIAS4_HUMAN
Q8N2Y8,RUSC2_HUMAN
Q8N2Z9,CENPS_HUMAN
Q8N300,SVBP_HUMAN
Q8N302,AGGF1_HUMAN
Q8N307,MUC20_HUMAN
Q8N309,LRC43_HUMAN
Q8N339,MT1M_HUMAN
Q8N344,MIER2_HUMAN
Q8N350,CBARP_HUMAN
Q8N365,CIART_HUMAN
Q8N370,LAT4_HUMAN
Q8N386,LRC25_HUMAN
Q8N387,MUC15_HUMAN
Q8N392,RHG18_HUMAN
Q8N393,ZN786_HUMAN
Q8N398,VW5B2_HUMAN
Q8N3A8,PARP8_HUMAN
Q8N3C0,ASCC3_HUMAN
Q8N3C7,CLIP4_HUMAN
Q8N3D4,EH1L1_HUMAN
Q8N3E9,PLCD3_HUMAN
Q8N3F8,MILK1_HUMAN
Q8N3F9,G137C_HUMAN
Q8N3H0,TAFA2_HUMAN
Q8N3J2,METL4_HUMAN
Q8N3J3,CQ053_HUMAN
Q8N3J5,PPM1K_HUMAN
Q8N3J6,CADM2_HUMAN
Q8N3K9,CMYA5_HUMAN
Q8N3L3,TXLNB_HUMAN
Q8N3P4,VPS8_HUMAN
Q8N3R9,MPP5_HUMAN
Q8N3S3,PHTF2_HUMAN
Q8N3T1,GLT15_HUMAN
Q8N3T6,T132C_HUMAN
Q8N3U4,STAG2_HUMAN
Q8N3V7,SYNPO_HUMAN
Q8N3X1,FNBP4_HUMAN
Q8N3X6,LCORL_HUMAN
Q8N3Y1,FBXW8_HUMAN
Q8N3Y3,LARG2_HUMAN
Q8N3Z0,PRS35_HUMAN
Q8N3Z6,ZCHC7_HUMAN
Q8N412,STPG2_HUMAN
Q8N414,PGBD5_HUMAN
Q8N427,TXND3_HUMAN
Q8N428,GLT16_HUMAN
Q8N436,CPXM2_HUMAN
Q8N441,FGRL1_HUMAN
Q8N442,GUF1_HUMAN
Q8N448,LNX2_HUMAN
Q8N461,FXL16_HUMAN
Q8N465,D2HDH_HUMAN
Q8N468,MFD4A_HUMAN
Q8N475,FSTL5_HUMAN
Q8N490,PNKD_HUMAN
Q8N4A0,GALT4_HUMAN
Q8N4B1,SESQ1_HUMAN
Q8N4B5,PRR18_HUMAN
Q8N4C6,NIN_HUMAN
Q8N4C7,STX19_HUMAN
Q8N4C8,MINK1_HUMAN
Q8N4C9,CQ078_HUMAN
Q8N4E4,PDCL2_HUMAN
Q8N4E7,FTMT_HUMAN
Q8N4F7,RN175_HUMAN
Q8N4H0,SPA6L_HUMAN
Q8N4J0,CARME_HUMAN
Q8N4L1,T151A_HUMAN
Q8N4L2,PP4P2_HUMAN
Q8N4L4,SPEM1_HUMAN
Q8N4L8,CCD24_HUMAN
Q8N4N8,KIF2B_HUMAN
Q8N4P6,LRC71_HUMAN
Q8N4Q1,MIA40_HUMAN
Q8N4S0,CCD82_HUMAN
Q8N4S9,MALD2_HUMAN
Q8N4U5,T11L2_HUMAN
Q8N4V2,SVOP_HUMAN
Q8N4W9,ZN808_HUMAN
Q8N4X5,AF1L2_HUMAN
Q8N4Y2,EFC4A_HUMAN
Q8N543,OGFD1_HUMAN
Q8N554,ZN276_HUMAN
Q8N556,AFAP1_HUMAN
Q8N567,ZCHC9_HUMAN
Q8N568,DCLK2_HUMAN
Q8N573,OXR1_HUMAN
Q8N587,ZN561_HUMAN
Q8N594,MPND_HUMAN
Q8N5A5,ZGPAT_HUMAN
Q8N5B7,CERS5_HUMAN
Q8N5C6,SRBD1_HUMAN
Q8N5C7,DTWD1_HUMAN
Q8N5C8,TAB3_HUMAN
Q8N5D0,WDTC1_HUMAN
Q8N5F7,NKAP_HUMAN
Q8N5G2,MACOI_HUMAN
Q8N5H3,LRA25_HUMAN
Q8N5H7,SH2D3_HUMAN
Q8N5I2,ARRD1_HUMAN
Q8N5I9,CL045_HUMAN
Q8N5J2,MINY1_HUMAN
Q8N5J4,SPIC_HUMAN
Q8N5M1,ATPF2_HUMAN
Q8N5N4,CC022_HUMAN
Q8N5P1,ZC3H8_HUMAN
Q8N5Q1,F71E2_HUMAN
Q8N5S3,CB073_HUMAN
Q8N5S9,KKCC1_HUMAN
Q8N5U0,CK042_HUMAN
Q8N5U6,RNF10_HUMAN
Q8N5V2,NGEF_HUMAN
Q8N5W8,FA24B_HUMAN
Q8N5X7,IF4E3_HUMAN
Q8N5Y2,MS3L1_HUMAN
Q8N608,DPP10_HUMAN
Q8N609,TR1L1_HUMAN
Q8N612,F16A2_HUMAN
Q8N660,NBPFF_HUMAN
Q8N680,ZBTB2_HUMAN
Q8N684,CPSF7_HUMAN
Q8N687,DB125_HUMAN
Q8N693,ESX1_HUMAN
Q8N695,SC5A8_HUMAN
Q8N697,S15A4_HUMAN
Q8N699,MYCT1_HUMAN
Q8N6C5,IGSF1_HUMAN
Q8N6F1,CLD19_HUMAN
Q8N6G5,CGAT2_HUMAN
Q8N6G6,ATL1_HUMAN
Q8N6H7,ARFG2_HUMAN
Q8N6I1,EID2_HUMAN
Q8N6K0,TEX29_HUMAN
Q8N6K7,SAMD3_HUMAN
Q8N6L0,KASH5_HUMAN
Q8N6L7,TM252_HUMAN
Q8N6M0,OTU6B_HUMAN
Q8N6M6,AMPO_HUMAN
Q8N6M8,IQCF1_HUMAN
Q8N6N2,TTC9B_HUMAN
Q8N6N3,CA052_HUMAN
Q8N6P7,I22R1_HUMAN
Q8N6Q1,TMC5A_HUMAN
Q8N6Q8,MET25_HUMAN
Q8N6R1,SERP2_HUMAN
Q8N6S4,AN13C_HUMAN
Q8N6S5,AR6P6_HUMAN
Q8N6T3,ARFG1_HUMAN
Q8N6T7,SIR6_HUMAN
Q8N6U8,GP161_HUMAN
Q8N6V9,TEX9_HUMAN
Q8N6W0,CELF5_HUMAN
Q8N6Y0,USBP1_HUMAN
Q8N6Y1,PCD20_HUMAN
Q8N6Y2,LRC17_HUMAN
Q8N715,CC185_HUMAN
Q8N720,ZN655_HUMAN
Q8N729,NPW_HUMAN
Q8N752,KC1AL_HUMAN
Q8N7B1,HORM2_HUMAN
Q8N7B6,PACRL_HUMAN
Q8N7B9,EFCB3_HUMAN
Q8N7C0,LRC52_HUMAN
Q8N7E2,CBLL2_HUMAN
Q8N7F7,UBL4B_HUMAN
Q8N7G0,PO5F2_HUMAN
Q8N7H5,PAF1_HUMAN
Q8N7J2,AMER2_HUMAN
Q8N7K0,ZN433_HUMAN
Q8N7L0,F216B_HUMAN
Q8N7M0,TC1D1_HUMAN
Q8N7M2,ZN283_HUMAN
Q8N7P1,PLD5_HUMAN
Q8N7R1,P1L12_HUMAN
Q8N7R7,CCYL1_HUMAN
Q8N7S2,DNJ5G_HUMAN
Q8N7U6,EFHB_HUMAN
Q8N7X0,ADGB_HUMAN
Q8N7X1,RMXL3_HUMAN
Q8N7X4,MAGB6_HUMAN
Q8N7X8,SIGL1_HUMAN
Q8N7Z2,GG6L1_HUMAN
Q8N7Z5,ANR31_HUMAN
Q8N801,STPG4_HUMAN
Q8N807,PDILT_HUMAN
Q8N808,S35G3_HUMAN
Q8N819,PPM1N_HUMAN
Q8N831,TSYL6_HUMAN
Q8N859,ZN713_HUMAN
Q8N865,CG031_HUMAN
Q8N878,FRMD1_HUMAN
Q8N883,ZN614_HUMAN
Q8N895,ZN366_HUMAN
Q8N8A6,DDX51_HUMAN
Q8N8B7,TEANC_HUMAN
Q8N8D1,PDCD7_HUMAN
Q8N8E2,ZN513_HUMAN
Q8N8E3,CE112_HUMAN
Q8N8G2,VGLL2_HUMAN
Q8N8I0,SAM12_HUMAN
Q8N8J6,ZN615_HUMAN
Q8N8J7,F241A_HUMAN
Q8N8K9,K1958_HUMAN
Q8N8L2,ZN491_HUMAN
Q8N8L6,ARL10_HUMAN
Q8N8M0,NAT16_HUMAN
Q8N8Q3,ENDOV_HUMAN
Q8N8Q8,COX18_HUMAN
Q8N8Q9,NIPA2_HUMAN
Q8N8R5,CB069_HUMAN
Q8N8R7,AL14E_HUMAN
Q8N8S7,ENAH_HUMAN
Q8N8U2,CDYL2_HUMAN
Q8N8U3,RTL3_HUMAN
Q8N8V4,ANS4B_HUMAN
Q8N8W4,PLPL1_HUMAN
Q8N8Y5,ZFP41_HUMAN
Q8N8Z6,DCBD1_HUMAN
Q8N8Z8,ZN441_HUMAN
Q8N907,DAND5_HUMAN
Q8N912,NRAC_HUMAN
Q8N944,AMER3_HUMAN
Q8N954,GPT11_HUMAN
Q8N957,ANKF1_HUMAN
Q8N960,CE120_HUMAN
Q8N961,ABTB2_HUMAN
Q8N967,LRTM2_HUMAN
Q8N972,ZN709_HUMAN
Q8N983,RM43_HUMAN
Q8N987,NECA1_HUMAN
Q8N988,ZN557_HUMAN
Q8N998,CCD89_HUMAN
Q8N9B5,JMY_HUMAN
Q8N9B8,RGF1A_HUMAN
Q8N9E0,F133A_HUMAN
Q8N9F0,NAT8L_HUMAN
Q8N9F7,GDPD1_HUMAN
Q8N9F8,ZN454_HUMAN
Q8N9H8,MUT7_HUMAN
Q8N9I0,SYT2_HUMAN
Q8N9I9,DTX3_HUMAN
Q8N9K5,ZN565_HUMAN
Q8N9L1,ZIC4_HUMAN
Q8N9M1,CS047_HUMAN
Q8N9M5,TM102_HUMAN
Q8N9N5,BANP_HUMAN
Q8N9N8,EIF1A_HUMAN
Q8N9Q2,SR1IP_HUMAN
Q8N9R6,CDRT4_HUMAN
Q8N9R8,SCAI_HUMAN
Q8N9S9,SNX31_HUMAN
Q8N9T8,KRI1_HUMAN
Q8N9U0,TAC2N_HUMAN
Q8N9V6,ANR53_HUMAN
Q8N9V7,TOPZ1_HUMAN
Q8N9W5,DAAF3_HUMAN
Q8N9W6,BOLL_HUMAN
Q8N9W8,FA71D_HUMAN
Q8N9Y4,F181A_HUMAN
Q8N9Z0,ZN610_HUMAN
Q8N9Z2,CC71L_HUMAN
Q8N9Z9,LMTD1_HUMAN
Q8NA03,FSIP1_HUMAN
Q8NA19,LMBL4_HUMAN
Q8NA29,NLS1_HUMAN
Q8NA31,TERB1_HUMAN
Q8NA42,ZN383_HUMAN
Q8NA47,CCD63_HUMAN
Q8NA54,IQUB_HUMAN
Q8NA56,TTC29_HUMAN
Q8NA57,CL050_HUMAN
Q8NA61,SPERT_HUMAN
Q8NA69,TEX45_HUMAN
Q8NA70,FA47B_HUMAN
Q8NA72,POC5_HUMAN
Q8NA77,TEX19_HUMAN
Q8NA82,MARHA_HUMAN
Q8NA92,THAP8_HUMAN
Q8NAA4,A16L2_HUMAN
Q8NAA5,LR75A_HUMAN
Q8NAF0,ZN579_HUMAN
Q8NAG6,ANKL1_HUMAN
Q8NAM6,ZSCA4_HUMAN
Q8NAN2,MIGA1_HUMAN
Q8NAP3,ZBT38_HUMAN
Q8NAP8,ZBT8B_HUMAN
Q8NAT1,PMGT2_HUMAN
Q8NAT2,TDRD5_HUMAN
Q8NAU1,FNDC5_HUMAN
Q8NAV1,PR38A_HUMAN
Q8NAV2,CH058_HUMAN
Q8NAX2,KDF1_HUMAN
Q8NB14,UBP38_HUMAN
Q8NB15,ZN511_HUMAN
Q8NB25,F184A_HUMAN
Q8NB42,ZN527_HUMAN
Q8NB49,AT11C_HUMAN
Q8NB50,ZFP62_HUMAN
Q8NB59,SYT14_HUMAN
Q8NB66,UN13C_HUMAN
Q8NB78,KDM1B_HUMAN
Q8NB90,AFG2H_HUMAN
Q8NB91,FANCB_HUMAN
Q8NBA8,DTWD2_HUMAN
Q8NBB4,ZSCA1_HUMAN
Q8NBF1,GLIS1_HUMAN
Q8NBF6,AVL9_HUMAN
Q8NBI3,DRAXI_HUMAN
Q8NBI5,S43A3_HUMAN
Q8NBI6,XXLT1_HUMAN
Q8NBJ4,GOLM1_HUMAN
Q8NBJ5,GT251_HUMAN
Q8NBJ9,SIDT2_HUMAN
Q8NBK3,SUMF1_HUMAN
Q8NBM4,UBAC2_HUMAN
Q8NBN3,TM87A_HUMAN
Q8NBP0,TTC13_HUMAN
Q8NBP5,MFSD9_HUMAN
Q8NBP7,PCSK9_HUMAN
Q8NBR0,P5I13_HUMAN
Q8NBR6,MINY2_HUMAN
Q8NBS3,S4A11_HUMAN
Q8NBT0,POC1A_HUMAN
Q8NBT3,TM145_HUMAN
Q8NBV4,PLPP7_HUMAN
Q8NBV8,SYT8_HUMAN
Q8NBW4,S38A9_HUMAN
Q8NBZ0,IN80E_HUMAN
Q8NC01,CLC1A_HUMAN
Q8NC06,ACBD4_HUMAN
Q8NC24,RELL2_HUMAN
Q8NC26,ZN114_HUMAN
Q8NC42,RN149_HUMAN
Q8NC51,PAIRB_HUMAN
Q8NC54,KCT2_HUMAN
Q8NC56,LEMD2_HUMAN
Q8NC60,NOA1_HUMAN
Q8NC67,NETO2_HUMAN
Q8NC74,RB8NL_HUMAN
Q8NC96,NECP1_HUMAN
Q8NCA5,FA98A_HUMAN
Q8NCA9,ZN784_HUMAN
Q8NCB2,CAMKV_HUMAN
Q8NCC5,SPX3_HUMAN
Q8NCD3,HJURP_HUMAN
Q8NCE0,SEN2_HUMAN
Q8NCE2,MTMRE_HUMAN
Q8NCF5,NF2IP_HUMAN
Q8NCG5,CHST4_HUMAN
Q8NCG7,DGLB_HUMAN
Q8NCH0,CHSTE_HUMAN
Q8NCK3,ZN485_HUMAN
Q8NCL4,GALT6_HUMAN
Q8NCL8,TM116_HUMAN
Q8NCL9,APCDL_HUMAN
Q8NCM2,KCNH5_HUMAN
Q8NCN2,ZBT34_HUMAN
Q8NCN4,RN169_HUMAN
Q8NCN5,PDPR_HUMAN
Q8NCQ5,FBX15_HUMAN
Q8NCQ7,PRCA1_HUMAN
Q8NCR3,CK065_HUMAN
Q8NCT3,K0895_HUMAN
Q8NCU4,CC191_HUMAN
Q8NCU7,C2C4A_HUMAN
Q8NCV1,ADAD2_HUMAN
Q8NCW5,NNRE_HUMAN
Q8NCW6,GLT11_HUMAN
Q8NCX0,CC150_HUMAN
Q8NCY6,MSD4_HUMAN
Q8ND04,SMG8_HUMAN
Q8ND07,BBOF1_HUMAN
Q8ND23,CARL3_HUMAN
Q8ND24,RN214_HUMAN
Q8ND25,ZNRF1_HUMAN
Q8ND30,LIPB2_HUMAN
Q8ND56,LS14A_HUMAN
Q8ND61,CC020_HUMAN
Q8ND71,GIMA8_HUMAN
Q8ND76,CCNY_HUMAN
Q8ND82,Z280C_HUMAN
Q8ND83,SLAI1_HUMAN
Q8ND94,LRN4L_HUMAN
Q8NDB2,BANK1_HUMAN
Q8NDB6,FA156_HUMAN
Q8NDC0,MISSL_HUMAN
Q8NDD1,CA131_HUMAN
Q8NDG6,TDRD9_HUMAN
Q8NDH6,ICA1L_HUMAN
Q8NDI1,EHBP1_HUMAN
Q8NDL9,CBPC5_HUMAN
Q8NDM7,CFA43_HUMAN
Q8NDP4,ZN439_HUMAN
Q8NDQ6,ZN540_HUMAN
Q8NDT2,RB15B_HUMAN
Q8NDV7,TNR6A_HUMAN
Q8NDW4,ZN248_HUMAN
Q8NDX1,PSD4_HUMAN
Q8NDX2,VGLU3_HUMAN
Q8NDX5,PHC3_HUMAN
Q8NDX6,ZN740_HUMAN
Q8NDY6,BHE23_HUMAN
Q8NDY8,TMM52_HUMAN
Q8NDZ2,SIMC1_HUMAN
Q8NE01,CNNM3_HUMAN
Q8NE09,RGS22_HUMAN
Q8NE18,NSUN7_HUMAN
Q8NE31,FA13C_HUMAN
Q8NE35,CPEB3_HUMAN
Q8NE62,CHDH_HUMAN
Q8NE63,HIPK4_HUMAN
Q8NE71,ABCF1_HUMAN
Q8NE79,POPD1_HUMAN
Q8NE86,MCU_HUMAN
Q8NEA5,CS018_HUMAN
Q8NEA6,GLIS3_HUMAN
Q8NEA9,GMCL2_HUMAN
Q8NEB7,ACRBP_HUMAN
Q8NEB9,PK3C3_HUMAN
Q8NEC5,CTSR1_HUMAN
Q8NEC7,GSTCD_HUMAN
Q8NEE8,TTC16_HUMAN
Q8NEF3,CC112_HUMAN
Q8NEF9,SRFB1_HUMAN
Q8NEG0,FA71C_HUMAN
Q8NEG2,CG057_HUMAN
Q8NEG4,FA83F_HUMAN
Q8NEG5,ZSWM2_HUMAN
Q8NEG7,DEN6B_HUMAN
Q8NEH6,MNS1_HUMAN
Q8NEJ9,NGDN_HUMAN
Q8NEK5,ZN548_HUMAN
Q8NEL0,CCD54_HUMAN
Q8NEL9,DDHD1_HUMAN
Q8NEM0,MCPH1_HUMAN
Q8NEM2,SHCBP_HUMAN
Q8NEM7,SP20H_HUMAN
Q8NEN0,ARMC2_HUMAN
Q8NEN9,PDZD8_HUMAN
Q8NEP3,DAAF1_HUMAN
Q8NEP4,CQ047_HUMAN
Q8NEP9,ZN555_HUMAN
Q8NEQ5,CA162_HUMAN
Q8NEQ6,SRARP_HUMAN
Q8NER1,TRPV1_HUMAN
Q8NES3,LFNG_HUMAN
Q8NET4,RTL9_HUMAN
Q8NET5,NFAM1_HUMAN
Q8NET6,CHSTD_HUMAN
Q8NET8,TRPV3_HUMAN
Q8NEU8,DP13B_HUMAN
Q8NEV1,CSK23_HUMAN
Q8NEV4,MYO3A_HUMAN
Q8NEV9,IL27A_HUMAN
Q8NEW0,ZNT7_HUMAN
Q8NEW7,TMIE_HUMAN
Q8NEX6,WFD11_HUMAN
Q8NEY1,NAV1_HUMAN
Q8NEY3,SPAT4_HUMAN
Q8NEY8,PPHLN_HUMAN
Q8NEZ2,VP37A_HUMAN
Q8NEZ4,KMT2C_HUMAN
Q8NF37,PCAT1_HUMAN
Q8NF50,DOCK8_HUMAN
Q8NF64,ZMIZ2_HUMAN
Q8NF86,PRS33_HUMAN
Q8NF91,SYNE1_HUMAN
Q8NF99,ZN397_HUMAN
Q8NFA0,UBP32_HUMAN
Q8NFA2,NOXO1_HUMAN
Q8NFC6,BD1L1_HUMAN
Q8NFD2,ANKK1_HUMAN
Q8NFD5,ARI1B_HUMAN
Q8NFF2,NCKX4_HUMAN
Q8NFG4,FLCN_HUMAN
Q8NFH5,NUP35_HUMAN
Q8NFH8,REPS2_HUMAN
Q8NFI3,ENASE_HUMAN
Q8NFJ5,RAI3_HUMAN
Q8NFJ8,BHE22_HUMAN
Q8NFK1,CXG3_HUMAN
Q8NFL0,B3GN7_HUMAN
Q8NFM4,ADCY4_HUMAN
Q8NFM7,I17RD_HUMAN
Q8NFN8,GP156_HUMAN
Q8NFP9,NBEA_HUMAN
Q8NFQ8,TOIP2_HUMAN
Q8NFT6,DBF4B_HUMAN
Q8NFU0,BEST4_HUMAN
Q8NFU1,BEST2_HUMAN
Q8NFU4,FDSCP_HUMAN
Q8NFU5,IPMK_HUMAN
Q8NFU7,TET1_HUMAN
Q8NFV5,SPDE1_HUMAN
Q8NFW1,COMA1_HUMAN
Q8NFW8,NEUA_HUMAN
Q8NFW9,MYRIP_HUMAN
Q8NFY4,SEM6D_HUMAN
Q8NFZ0,FBH1_HUMAN
Q8NFZ3,NLGNY_HUMAN
Q8NFZ4,NLGN2_HUMAN
Q8NFZ5,TNIP2_HUMAN
Q8NFZ8,CADM4_HUMAN
Q8NG08,HELB_HUMAN
Q8NG27,PJA1_HUMAN
Q8NG31,KNL1_HUMAN
Q8NG48,LINES_HUMAN
Q8NG66,NEK11_HUMAN
Q8NGU9,GP150_HUMAN
Q8NHG7,SVIP_HUMAN
Q8NHG8,ZNRF2_HUMAN
Q8NHH9,ATLA2_HUMAN
Q8NHM5,KDM2B_HUMAN
Q8NHP7,EXD1_HUMAN
Q8NHP8,PLBL2_HUMAN
Q8NHQ1,CEP70_HUMAN
Q8NHQ8,RASF8_HUMAN
Q8NHQ9,DDX55_HUMAN
Q8NHR7,TERB2_HUMAN
Q8NHS0,DNJB8_HUMAN
Q8NHS3,MFSD8_HUMAN
Q8NHS9,SPT22_HUMAN
Q8NHU0,CT453_HUMAN
Q8NHU2,CFA61_HUMAN
Q8NHU3,SMS2_HUMAN
Q8NHU6,TDRD7_HUMAN
Q8NHV4,NEDD1_HUMAN
Q8NHV9,RHXF1_HUMAN
Q8NHW3,MAFA_HUMAN
Q8NHW6,OTOSP_HUMAN
Q8NHX4,SPTA3_HUMAN
Q8NHX9,TPC2_HUMAN
Q8NHY2,COP1_HUMAN
Q8NHY3,GA2L2_HUMAN
Q8NHY6,ZFP28_HUMAN
Q8NHZ7,MB3L2_HUMAN
Q8NHZ8,CDC26_HUMAN
Q8NI08,NCOA7_HUMAN
Q8NI22,MCFD2_HUMAN
Q8NI27,THOC2_HUMAN
Q8NI32,LPD6B_HUMAN
Q8NI35,INADL_HUMAN
Q8NI37,PPTC7_HUMAN
Q8NI51,CTCFL_HUMAN
Q8NI60,COQ8A_HUMAN
Q8NI77,KI18A_HUMAN
Q8NI99,ANGL6_HUMAN
Q8TA86,RP9_HUMAN
Q8TA94,ZN563_HUMAN
Q8TAA5,GRPE2_HUMAN
Q8TAA9,VANG1_HUMAN
Q8TAB3,PCD19_HUMAN
Q8TAB5,CA216_HUMAN
Q8TAC9,SCAM5_HUMAN
Q8TAD2,IL17D_HUMAN
Q8TAD4,ZNT5_HUMAN
Q8TAD7,OCC1_HUMAN
Q8TAD8,SNIP1_HUMAN
Q8TAE6,PP14C_HUMAN
Q8TAE8,G45IP_HUMAN
Q8TAF7,ZN461_HUMAN
Q8TAG5,VTM2A_HUMAN
Q8TAG6,VEXIN_HUMAN
Q8TAG9,EXOC6_HUMAN
Q8TAK5,GABP2_HUMAN
Q8TAK6,OLIG1_HUMAN
Q8TAL5,CI043_HUMAN
Q8TAM1,BBS10_HUMAN
Q8TAM6,ERMIN_HUMAN
Q8TAP8,PPR35_HUMAN
Q8TAP9,MPLKI_HUMAN
Q8TAQ2,SMRC2_HUMAN
Q8TAQ5,ZN420_HUMAN
Q8TAQ9,SUN3_HUMAN
Q8TAT2,FGFP3_HUMAN
Q8TAT5,NEIL3_HUMAN
Q8TAU0,NKX23_HUMAN
Q8TAU3,ZN417_HUMAN
Q8TAV0,FA76A_HUMAN
Q8TAW3,ZN671_HUMAN
Q8TAX0,OSR1_HUMAN
Q8TAX7,MUC7_HUMAN
Q8TAY7,F110D_HUMAN
Q8TAZ6,CKLF2_HUMAN
Q8TB03,CX038_HUMAN
Q8TB05,UBAD1_HUMAN
Q8TB22,SPT20_HUMAN
Q8TB24,RIN3_HUMAN
Q8TB37,NUBPL_HUMAN
Q8TB45,DPTOR_HUMAN
Q8TB52,FBX30_HUMAN
Q8TB68,PRR7_HUMAN
Q8TB69,ZN519_HUMAN
Q8TBA6,GOGA5_HUMAN
Q8TBB0,THAP6_HUMAN
Q8TBB1,LNX1_HUMAN
Q8TBB5,KLDC4_HUMAN
Q8TBB6,S7A14_HUMAN
Q8TBC3,SHKB1_HUMAN
Q8TBC4,UBA3_HUMAN
Q8TBC5,ZSC18_HUMAN
Q8TBE0,BAHD1_HUMAN
Q8TBE3,FNDC9_HUMAN
Q8TBE7,S35G2_HUMAN
Q8TBF4,ZCRB1_HUMAN
Q8TBF8,FA81A_HUMAN
Q8TBG4,AT2L1_HUMAN
Q8TBG9,SYNPR_HUMAN
Q8TBJ4,PLPR1_HUMAN
Q8TBJ5,FEZF2_HUMAN
Q8TBK6,ZCH10_HUMAN
Q8TBM8,DJB14_HUMAN
Q8TBN0,R3GEF_HUMAN
Q8TBP0,TBC16_HUMAN
Q8TBP5,F174A_HUMAN
Q8TBP6,S2540_HUMAN
Q8TBX8,PI42C_HUMAN
Q8TBY8,PMFBP_HUMAN
Q8TBY9,CF251_HUMAN
Q8TBZ0,CC110_HUMAN
Q8TBZ3,WDR20_HUMAN
Q8TBZ5,ZN502_HUMAN
Q8TBZ6,TM10A_HUMAN
Q8TC05,MDM1_HUMAN
Q8TC07,TBC15_HUMAN
Q8TC20,CAGE1_HUMAN
Q8TC21,ZN596_HUMAN
Q8TC26,TM163_HUMAN
Q8TC27,ADA32_HUMAN
Q8TC29,ENKUR_HUMAN
Q8TC36,SUN5_HUMAN
Q8TC41,RN217_HUMAN
Q8TC44,POC1B_HUMAN
Q8TC56,FA71B_HUMAN
Q8TC57,M1AP_HUMAN
Q8TC59,PIWL2_HUMAN
Q8TC71,MIEAP_HUMAN
Q8TC76,F110B_HUMAN
Q8TC90,CCER1_HUMAN
Q8TC92,ENOX1_HUMAN
Q8TC99,FNDC8_HUMAN
Q8TCC7,S22A8_HUMAN
Q8TCD1,CR032_HUMAN
Q8TCF1,ZFAN1_HUMAN
Q8TCG1,CIP2A_HUMAN
Q8TCG2,P4K2B_HUMAN
Q8TCG5,CPT1C_HUMAN
Q8TCJ2,STT3B_HUMAN
Q8TCN5,ZN507_HUMAN
Q8TCQ1,MARH1_HUMAN
Q8TCT6,SPPL3_HUMAN
Q8TCT7,SPP2B_HUMAN
Q8TCT9,HM13_HUMAN
Q8TCU4,ALMS1_HUMAN
Q8TCU5,NMD3A_HUMAN
Q8TCU6,PREX1_HUMAN
Q8TCX5,RHPN1_HUMAN
Q8TCY5,MRAP_HUMAN
Q8TCY9,URGCP_HUMAN
Q8TCZ2,C99L2_HUMAN
Q8TD06,AGR3_HUMAN
Q8TD08,MK15_HUMAN
Q8TD10,MIPO1_HUMAN
Q8TD16,BICD2_HUMAN
Q8TD17,ZN398_HUMAN
Q8TD19,NEK9_HUMAN
Q8TD20,GTR12_HUMAN
Q8TD26,CHD6_HUMAN
Q8TD30,ALAT2_HUMAN
Q8TD31,CCHCR_HUMAN
Q8TD35,LKAM1_HUMAN
Q8TD43,TRPM4_HUMAN
Q8TD55,PKHO2_HUMAN
Q8TD57,DYH3_HUMAN
Q8TD84,DSCL1_HUMAN
Q8TD90,MAGE2_HUMAN
Q8TD91,MAGC3_HUMAN
Q8TD94,KLF14_HUMAN
Q8TDB4,HUMMR_HUMAN
Q8TDB6,DTX3L_HUMAN
Q8TDC0,MYOZ3_HUMAN
Q8TDC3,BRSK1_HUMAN
Q8TDD1,DDX54_HUMAN
Q8TDD2,SP7_HUMAN
Q8TDF5,NETO1_HUMAN
Q8TDF6,GRP4_HUMAN
Q8TDG4,HELQ_HUMAN
Q8TDI0,CHD5_HUMAN
Q8TDI7,TMC2_HUMAN
Q8TDI8,TMC1_HUMAN
Q8TDJ6,DMXL2_HUMAN
Q8TDM0,BCAS4_HUMAN
Q8TDM6,DLG5_HUMAN
Q8TDN1,KCNG4_HUMAN
Q8TDN2,KCNV2_HUMAN
Q8TDN4,CABL1_HUMAN
Q8TDN6,BRX1_HUMAN
Q8TDQ0,HAVR2_HUMAN
Q8TDQ1,CLM1_HUMAN
Q8TDR0,MIPT3_HUMAN
Q8TDR2,STK35_HUMAN
Q8TDR4,TCP1L_HUMAN
Q8TDS4,HCAR2_HUMAN
Q8TDS5,OXER1_HUMAN
Q8TDT2,GP152_HUMAN
Q8TDU9,RL3R2_HUMAN
Q8TDV0,GP151_HUMAN
Q8TDW4,ST7L_HUMAN
Q8TDW5,SYTL5_HUMAN
Q8TDW7,FAT3_HUMAN
Q8TDX6,CGAT1_HUMAN
Q8TDX9,PK1L1_HUMAN
Q8TDY2,RBCC1_HUMAN
Q8TDY4,ASAP3_HUMAN
Q8TDY8,IGDC4_HUMAN
Q8TDZ2,MICA1_HUMAN
Q8TE12,LMX1A_HUMAN
Q8TE49,OTU7A_HUMAN
Q8TE54,S26A7_HUMAN
Q8TE56,ATS17_HUMAN
Q8TE57,ATS16_HUMAN
Q8TE58,ATS15_HUMAN
Q8TE60,ATS18_HUMAN
Q8TE67,ES8L3_HUMAN
Q8TE68,ES8L1_HUMAN
Q8TE73,DYH5_HUMAN
Q8TE76,MORC4_HUMAN
Q8TE77,SSH3_HUMAN
Q8TE82,S3TC1_HUMAN
Q8TE85,GRHL3_HUMAN
Q8TE99,PXYP1_HUMAN
Q8TEA7,TBCK_HUMAN
Q8TEA8,DTD1_HUMAN
Q8TEB1,DCA11_HUMAN
Q8TEB7,RN128_HUMAN
Q8TEB9,RHBL4_HUMAN
Q8TEC5,SH3R2_HUMAN
Q8TED4,G6PT3_HUMAN
Q8TED9,AF1L1_HUMAN
Q8TEE9,SAP25_HUMAN
Q8TEF2,CJ105_HUMAN
Q8TEH3,DEN1A_HUMAN
Q8TEJ3,SH3R3_HUMAN
Q8TEK3,DOT1L_HUMAN
Q8TEL6,TP4AP_HUMAN
Q8TEM1,PO210_HUMAN
Q8TEP8,CE192_HUMAN
Q8TEQ0,SNX29_HUMAN
Q8TEQ6,GEMI5_HUMAN
Q8TER5,ARH40_HUMAN
Q8TES7,FBF1_HUMAN
Q8TEU7,RPGF6_HUMAN
Q8TEV9,SMCR8_HUMAN
Q8TEW0,PARD3_HUMAN
Q8TEW6,DOK4_HUMAN
Q8TEW8,PAR3L_HUMAN
Q8TEX9,IPO4_HUMAN
Q8TEY5,CR3L4_HUMAN
Q8TEY7,UBP33_HUMAN
Q8TF01,PNISR_HUMAN
Q8TF05,PP4R1_HUMAN
Q8TF08,CX7B2_HUMAN
Q8TF17,S3TC2_HUMAN
Q8TF20,ZN721_HUMAN
Q8TF21,ANR24_HUMAN
Q8TF30,WHAMM_HUMAN
Q8TF32,ZN431_HUMAN
Q8TF39,ZN483_HUMAN
Q8TF40,FNIP1_HUMAN
Q8TF42,UBS3B_HUMAN
Q8TF44,C2C4C_HUMAN
Q8TF45,ZN418_HUMAN
Q8TF47,ZFP90_HUMAN
Q8TF50,ZN526_HUMAN
Q8TF61,FBX41_HUMAN
Q8TF62,AT8B4_HUMAN
Q8TF64,GIPC3_HUMAN
Q8TF65,GIPC2_HUMAN
Q8TF66,LRC15_HUMAN
Q8TF68,ZN384_HUMAN
Q8TF71,MOT10_HUMAN
Q8TF72,SHRM3_HUMAN
Q8TF74,WIPF2_HUMAN
Q8TF76,HASP_HUMAN
Q8WTP8,AEN_HUMAN
Q8WTP9,XAGE3_HUMAN
Q8WTQ4,CP078_HUMAN
Q8WTR4,GDPD5_HUMAN
Q8WTR7,ZN473_HUMAN
Q8WTT0,CLC4C_HUMAN
Q8WTT2,NOC3L_HUMAN
Q8WTU0,DDI1_HUMAN
Q8WTV0,SCRB1_HUMAN
Q8WTV1,THAP3_HUMAN
Q8WTW3,COG1_HUMAN
Q8WTX9,ZDHC1_HUMAN
Q8WU08,ST32A_HUMAN
Q8WU17,RN139_HUMAN
Q8WU20,FRS2_HUMAN
Q8WU39,MZB1_HUMAN
Q8WU58,F222B_HUMAN
Q8WU68,U2AF4_HUMAN
Q8WU79,SMAP2_HUMAN
Q8WU90,ZC3HF_HUMAN
Q8WUA2,PPIL4_HUMAN
Q8WUA4,TF3C2_HUMAN
Q8WUA7,TB22A_HUMAN
Q8WUB2,F216A_HUMAN
Q8WUB8,PHF10_HUMAN
Q8WUD1,RAB2B_HUMAN
Q8WUD4,CCD12_HUMAN
Q8WUE5,CT55_HUMAN
Q8WUF5,IASPP_HUMAN
Q8WUF8,F172A_HUMAN
Q8WUH6,TM263_HUMAN
Q8WUI4,HDAC7_HUMAN
Q8WUJ0,STYX_HUMAN
Q8WUM0,NU133_HUMAN
Q8WUM4,PDC6I_HUMAN
Q8WUM9,S20A1_HUMAN
Q8WUN7,UBTD2_HUMAN
Q8WUP2,FBLI1_HUMAN
Q8WUQ7,CATIN_HUMAN
Q8WUR7,CO040_HUMAN
Q8WUT4,LRRN4_HUMAN
Q8WUU4,ZN296_HUMAN
Q8WUU5,GATD1_HUMAN
Q8WUU8,TM174_HUMAN
Q8WUX1,S38A5_HUMAN
Q8WUX9,CHMP7_HUMAN
Q8WUY3,PRUN2_HUMAN
Q8WUY9,DEP1B_HUMAN
Q8WUZ0,BCL7C_HUMAN
Q8WV15,T255B_HUMAN
Q8WV16,DCAF4_HUMAN
Q8WV24,PHLA1_HUMAN
Q8WV28,BLNK_HUMAN
Q8WV37,ZN480_HUMAN
Q8WV41,SNX33_HUMAN
Q8WV44,TRI41_HUMAN
Q8WV48,CC107_HUMAN
Q8WV74,NUDT8_HUMAN
Q8WV83,S35F5_HUMAN
Q8WV93,AFG1L_HUMAN
Q8WV99,ZFN2B_HUMAN
Q8WVB6,CTF18_HUMAN
Q8WVC0,LEO1_HUMAN
Q8WVD3,RN138_HUMAN
Q8WVD5,RN141_HUMAN
Q8WVE6,TM171_HUMAN
Q8WVF2,UCMA_HUMAN
Q8WVF5,KCTD4_HUMAN
Q8WVH0,CPLX3_HUMAN
Q8WVI7,PPR1C_HUMAN
Q8WVJ9,TWST2_HUMAN
Q8WVK2,SNR27_HUMAN
Q8WVM7,STAG1_HUMAN
Q8WVN8,UB2Q2_HUMAN
Q8WVQ1,CANT1_HUMAN
Q8WVR3,MA11_HUMAN
Q8WVS4,WDR60_HUMAN
Q8WVT3,TPC12_HUMAN
Q8WVV4,POF1B_HUMAN
Q8WVV9,HNRLL_HUMAN
Q8WVX3,CD003_HUMAN
Q8WVZ1,ZDH19_HUMAN
Q8WVZ7,RN133_HUMAN
Q8WW01,SEN15_HUMAN
Q8WW12,PCNP_HUMAN
Q8WW18,CQ050_HUMAN
Q8WW34,TM239_HUMAN
Q8WW36,ZCH13_HUMAN
Q8WW38,FOG2_HUMAN
Q8WW52,F151A_HUMAN
Q8WWA1,TMM40_HUMAN
Q8WWB3,DYDC1_HUMAN
Q8WWB5,PIHD2_HUMAN
Q8WWF1,CA054_HUMAN
Q8WWF3,SSMM1_HUMAN
Q8WWF5,ZNRF4_HUMAN
Q8WWH5,TRUB1_HUMAN
Q8WWK9,CKAP2_HUMAN
Q8WWL2,SPIR2_HUMAN
Q8WWL7,CCNB3_HUMAN
Q8WWM1,XAGE5_HUMAN
Q8WWM7,ATX2L_HUMAN
Q8WWN8,ARAP3_HUMAN
Q8WWN9,ICEF1_HUMAN
Q8WWQ0,PHIP_HUMAN
Q8WWR9,PDPFL_HUMAN
Q8WWT9,S13A3_HUMAN
Q8WWU5,TCP11_HUMAN
Q8WWW0,RASF5_HUMAN
Q8WWW8,GAB3_HUMAN
Q8WWX8,SC5AB_HUMAN
Q8WWY3,PRP31_HUMAN
Q8WWY6,MB3L1_HUMAN
Q8WWY7,WFD12_HUMAN
Q8WWZ3,EDAD_HUMAN
Q8WWZ4,ABCAA_HUMAN
Q8WWZ7,ABCA5_HUMAN
Q8WX77,IBPL1_HUMAN
Q8WXA8,5HT3C_HUMAN
Q8WXA9,SREK1_HUMAN
Q8WXB4,ZN606_HUMAN
Q8WXD2,SCG3_HUMAN
Q8WXD9,CSKI1_HUMAN
Q8WXE0,CSKI2_HUMAN
Q8WXE1,ATRIP_HUMAN
Q8WXF0,SRS12_HUMAN
Q8WXF1,PSPC1_HUMAN
Q8WXF3,REL3_HUMAN
Q8WXF8,DEDD2_HUMAN
Q8WXG1,RSAD2_HUMAN
Q8WXG6,MADD_HUMAN
Q8WXH0,SYNE2_HUMAN
Q8WXH2,JPH3_HUMAN
Q8WXH5,SOCS4_HUMAN
Q8WXI2,CNKR2_HUMAN
Q8WXI3,ASB10_HUMAN
Q8WXI4,ACO11_HUMAN
Q8WXI7,MUC16_HUMAN
Q8WXI8,CLC4D_HUMAN
Q8WXI9,P66B_HUMAN
Q8WXR4,MYO3B_HUMAN
Q8WXS3,BAALC_HUMAN
Q8WXS5,CCG8_HUMAN
Q8WXS8,ATS14_HUMAN
Q8WXT5,FX4L4_HUMAN
Q8WXU2,DAAF4_HUMAN
Q8WXW3,PIBF1_HUMAN
Q8WXX0,DYH7_HUMAN
Q8WXX5,DNJC9_HUMAN
Q8WXX7,AUTS2_HUMAN
Q8WY07,CTR3_HUMAN
Q8WY21,SORC1_HUMAN
Q8WY22,BRI3B_HUMAN
Q8WY36,BBX_HUMAN
Q8WY41,NANO1_HUMAN
Q8WY54,PPM1E_HUMAN
Q8WY64,MYLIP_HUMAN
Q8WY91,THAP4_HUMAN
Q8WYA1,BMAL2_HUMAN
Q8WYA6,CTBL1_HUMAN
Q8WYB5,KAT6B_HUMAN
Q8WYH8,ING5_HUMAN
Q8WYK2,JDP2_HUMAN
Q8WYL5,SSH1_HUMAN
Q8WYN3,CSRN3_HUMAN
Q8WYP3,RIN2_HUMAN
Q8WYP5,ELYS_HUMAN
Q8WYQ3,CHC10_HUMAN
Q8WYQ4,CV015_HUMAN
Q8WYQ5,DGCR8_HUMAN
Q8WYQ9,ZCH14_HUMAN
Q8WYR1,PI3R5_HUMAN
Q8WYR4,RSPH1_HUMAN
Q8WZ19,BACD1_HUMAN
Q8WZ42,TITIN_HUMAN
Q8WZ55,BSND_HUMAN
Q8WZ59,TM190_HUMAN
Q8WZ60,KLHL6_HUMAN
Q8WZ64,ARAP2_HUMAN
Q8WZ71,TM158_HUMAN
Q8WZ73,RFFL_HUMAN
Q8WZ74,CTTB2_HUMAN
Q8WZ75,ROBO4_HUMAN
Q8WZA1,PMGT1_HUMAN
Q8WZA9,IRGQ_HUMAN
Q92186,SIA8B_HUMAN
Q92187,SIA8D_HUMAN
Q92466,DDB2_HUMAN
Q92481,AP2B_HUMAN
Q92502,STAR8_HUMAN
Q92503,S14L1_HUMAN
Q92504,S39A7_HUMAN
Q92508,PIEZ1_HUMAN
Q92519,TRIB2_HUMAN
Q92520,FAM3C_HUMAN
Q92521,PIGB_HUMAN
Q92522,H1X_HUMAN
Q92529,SHC3_HUMAN
Q92530,PSMF1_HUMAN
Q92536,YLAT2_HUMAN
Q92537,SUSD6_HUMAN
Q92538,GBF1_HUMAN
Q92539,LPIN2_HUMAN
Q92540,SMG7_HUMAN
Q92541,RTF1_HUMAN
Q92543,SNX19_HUMAN
Q92545,TM131_HUMAN
Q92547,TOPB1_HUMAN
Q92551,IP6K1_HUMAN
Q92558,WASF1_HUMAN
Q92560,BAP1_HUMAN
Q92562,FIG4_HUMAN
Q92563,TICN2_HUMAN
Q92564,DCNL4_HUMAN
Q92567,F168A_HUMAN
Q92570,NR4A3_HUMAN
Q92574,TSC1_HUMAN
Q92575,UBXN4_HUMAN
Q92576,PHF3_HUMAN
Q92581,SL9A6_HUMAN
Q92585,MAML1_HUMAN
Q92597,NDRG1_HUMAN
Q92598,HS105_HUMAN
Q92599,SEPT8_HUMAN
Q92604,LGAT1_HUMAN
Q92608,DOCK2_HUMAN
Q92609,TBCD5_HUMAN
Q92610,ZN592_HUMAN
Q92611,EDEM1_HUMAN
Q92613,JADE3_HUMAN
Q92614,MY18A_HUMAN
Q92615,LAR4B_HUMAN
Q92618,ZN516_HUMAN
Q92620,PRP16_HUMAN
Q92622,RUBIC_HUMAN
Q92623,TTC9A_HUMAN
Q92625,ANS1A_HUMAN
Q92626,PXDN_HUMAN
Q92628,K0232_HUMAN
Q92630,DYRK2_HUMAN
Q92633,LPAR1_HUMAN
Q92636,FAN_HUMAN
Q92664,TF3A_HUMAN
Q92665,RT31_HUMAN
Q92667,AKAP1_HUMAN
Q92674,CENPI_HUMAN
Q92681,RSCA1_HUMAN
Q92686,NEUG_HUMAN
Q92688,AN32B_HUMAN
Q92692,NECT2_HUMAN
Q92698,RAD54_HUMAN
Q92729,PTPRU_HUMAN
Q92730,RND1_HUMAN
Q92731,ESR2_HUMAN
Q92733,PRCC_HUMAN
Q92734,TFG_HUMAN
Q92736,RYR2_HUMAN
Q92738,US6NL_HUMAN
Q92743,HTRA1_HUMAN
Q92748,THRSP_HUMAN
Q92750,TAF4B_HUMAN
Q92753,RORB_HUMAN
Q92754,AP2C_HUMAN
Q92764,KRT35_HUMAN
Q92765,SFRP3_HUMAN
Q92766,RREB1_HUMAN
Q92769,HDAC2_HUMAN
Q92772,CDKL2_HUMAN
Q92777,SYN2_HUMAN
Q92783,STAM1_HUMAN
Q92784,DPF3_HUMAN
Q92785,REQU_HUMAN
Q92786,PROX1_HUMAN
Q92791,SC65_HUMAN
Q92793,CBP_HUMAN
Q92794,KAT6A_HUMAN
Q92796,DLG3_HUMAN
Q92797,SYMPK_HUMAN
Q92800,EZH1_HUMAN
Q92802,N42L2_HUMAN
Q92804,RBP56_HUMAN
Q92805,GOGA1_HUMAN
Q92806,KCNJ9_HUMAN
Q92817,EVPL_HUMAN
Q92819,HYAS2_HUMAN
Q92823,NRCAM_HUMAN
Q92824,PCSK5_HUMAN
Q92826,HXB13_HUMAN
Q92828,COR2A_HUMAN
Q92830,KAT2A_HUMAN
Q92831,KAT2B_HUMAN
Q92833,JARD2_HUMAN
Q92834,RPGR_HUMAN
Q92835,SHIP1_HUMAN
Q92837,FRAT1_HUMAN
Q92838,EDA_HUMAN
Q92839,HYAS1_HUMAN
Q92841,DDX17_HUMAN
Q92844,TANK_HUMAN
Q92847,GHSR_HUMAN
Q92851,CASPA_HUMAN
Q92854,SEM4D_HUMAN
Q92858,ATOH1_HUMAN
Q92859,NEO1_HUMAN
Q92870,APBB2_HUMAN
Q92879,CELF1_HUMAN
Q92886,NGN1_HUMAN
Q92887,MRP2_HUMAN
Q92888,ARHG1_HUMAN
Q92889,XPF_HUMAN
Q92890,UFD1_HUMAN
Q92896,GSLG1_HUMAN
Q92900,RENT1_HUMAN
Q92902,HPS1_HUMAN
Q92903,CDS1_HUMAN
Q92904,DAZL_HUMAN
Q92908,GATA6_HUMAN
Q92911,SC5A5_HUMAN
Q92913,FGF13_HUMAN
Q92914,FGF11_HUMAN
Q92915,FGF14_HUMAN
Q92917,GPKOW_HUMAN
Q92918,M4K1_HUMAN
Q92922,SMRC1_HUMAN
Q92925,SMRD2_HUMAN
Q92930,RAB8B_HUMAN
Q92932,PTPR2_HUMAN
Q92934,BAD_HUMAN
Q92935,EXTL1_HUMAN
Q92945,FUBP2_HUMAN
Q92947,GCDH_HUMAN
Q92949,FOXJ1_HUMAN
Q92952,KCNN1_HUMAN
Q92953,KCNB2_HUMAN
Q92954,PRG4_HUMAN
Q92956,TNR14_HUMAN
Q92959,SO2A1_HUMAN
Q92963,RIT1_HUMAN
Q92968,PEX13_HUMAN
Q92973,TNPO1_HUMAN
Q92974,ARHG2_HUMAN
Q92979,NEP1_HUMAN
Q92982,NINJ1_HUMAN
Q92985,IRF7_HUMAN
Q92988,DLX4_HUMAN
Q92993,KAT5_HUMAN
Q92994,TF3B_HUMAN
Q92997,DVL3_HUMAN
Q93008,USP9X_HUMAN
Q93009,UBP7_HUMAN
Q93015,NAA80_HUMAN
Q93038,TNR25_HUMAN
Q93050,VPP1_HUMAN
Q93052,LPP_HUMAN
Q93063,EXT2_HUMAN
Q93073,SBP2L_HUMAN
Q93074,MED12_HUMAN
Q93075,TATD2_HUMAN
Q93079,H2B1H_HUMAN
Q93086,P2RX5_HUMAN
Q93097,WNT2B_HUMAN
Q93100,KPBB_HUMAN
Q969E1,LEAP2_HUMAN
Q969E3,UCN3_HUMAN
Q969E4,TCAL3_HUMAN
Q969E8,TSR2_HUMAN
Q969F0,FATE1_HUMAN
Q969F1,TF3C6_HUMAN
Q969F2,NKD2_HUMAN
Q969F8,KISSR_HUMAN
Q969F9,HPS3_HUMAN
Q969G2,LHX4_HUMAN
Q969G3,SMCE1_HUMAN
Q969G5,CAVN3_HUMAN
Q969G9,NKD1_HUMAN
Q969H0,FBXW7_HUMAN
Q969H4,CNKR1_HUMAN
Q969I6,S38A4_HUMAN
Q969J2,ZKSC4_HUMAN
Q969K3,RNF34_HUMAN
Q969M2,CXA10_HUMAN
Q969P6,TOP1M_HUMAN
Q969Q0,RL36L_HUMAN
Q969R2,OSBP2_HUMAN
Q969R5,LMBL2_HUMAN
Q969S2,NEIL2_HUMAN
Q969S3,ZN622_HUMAN
Q969T3,SNX21_HUMAN
Q969T4,UB2E3_HUMAN
Q969T9,WBP2_HUMAN
Q969V6,MRTFA_HUMAN
Q969W3,F104A_HUMAN
Q969W8,ZN566_HUMAN
Q969W9,PMEPA_HUMAN
Q969X0,RIPL2_HUMAN
Q969X1,LFG3_HUMAN
Q969X2,SIA7F_HUMAN
Q969Y2,GTPB3_HUMAN
Q969Z0,FAKD4_HUMAN
Q969Z4,TR19L_HUMAN
Q96A00,PP14A_HUMAN
Q96A04,TSACC_HUMAN
Q96A08,H2B1A_HUMAN
Q96A09,TET5B_HUMAN
Q96A11,G3ST3_HUMAN
Q96A19,C102A_HUMAN
Q96A22,CK052_HUMAN
Q96A25,T106A_HUMAN
Q96A26,F162A_HUMAN
Q96A29,FUCT1_HUMAN
Q96A33,CCD47_HUMAN
Q96A46,MFRN2_HUMAN
Q96A47,ISL2_HUMAN
Q96A49,SYAP1_HUMAN
Q96A54,PAQR1_HUMAN
Q96A56,T53I1_HUMAN
Q96A57,TM230_HUMAN
Q96A59,MALD3_HUMAN
Q96A61,TRI52_HUMAN
Q96A65,EXOC4_HUMAN
Q96A73,P33MX_HUMAN
Q96A83,COQA1_HUMAN
Q96A98,TIP39_HUMAN
Q96A99,PTX4_HUMAN
Q96AA8,JKIP2_HUMAN
Q96AC1,FERM2_HUMAN
Q96AC6,KIFC2_HUMAN
Q96AD5,PLPL2_HUMAN
Q96AE4,FUBP1_HUMAN
Q96AG3,S2546_HUMAN
Q96AG4,LRC59_HUMAN
Q96AH0,SOSB2_HUMAN
Q96AJ1,CLUA1_HUMAN
Q96AM1,MRGRF_HUMAN
Q96AP0,ACD_HUMAN
Q96AP4,ZUP1_HUMAN
Q96AP7,ESAM_HUMAN
Q96AQ1,CC74A_HUMAN
Q96AQ6,PBIP1_HUMAN
Q96AQ8,MCUR1_HUMAN
Q96AQ9,F131C_HUMAN
Q96AT1,K1143_HUMAN
Q96AV8,E2F7_HUMAN
Q96AW1,VOPP1_HUMAN
Q96AY2,EME1_HUMAN
Q96AY3,FKB10_HUMAN
Q96AY4,TTC28_HUMAN
Q96B01,R51A1_HUMAN
Q96B18,DACT3_HUMAN
Q96B23,CR025_HUMAN
Q96B33,CLD23_HUMAN
Q96B36,AKTS1_HUMAN
Q96B54,ZN428_HUMAN
Q96B77,TM186_HUMAN
Q96B97,SH3K1_HUMAN
Q96BA8,CR3L1_HUMAN
Q96BD0,SO4A1_HUMAN
Q96BD5,PF21A_HUMAN
Q96BD8,SKA1_HUMAN
Q96BF3,TMIG2_HUMAN
Q96BF6,NACC2_HUMAN
Q96BH1,RNF25_HUMAN
Q96BI1,S22AI_HUMAN
Q96BJ3,AIDA_HUMAN
Q96BK5,PINX1_HUMAN
Q96BN2,TADA1_HUMAN
Q96BN6,F149B_HUMAN
Q96BN8,OTUL_HUMAN
Q96BP2,CHCH1_HUMAN
Q96BP3,PPWD1_HUMAN
Q96BQ1,FAM3D_HUMAN
Q96BR1,SGK3_HUMAN
Q96BR6,ZN669_HUMAN
Q96BT1,CC049_HUMAN
Q96BT3,CENPT_HUMAN
Q96BT7,ALKB8_HUMAN
Q96BU1,S1PBP_HUMAN
Q96BV0,ZN775_HUMAN
Q96BW1,UPP_HUMAN
Q96BY6,DOC10_HUMAN
Q96BY7,ATG2B_HUMAN
Q96BY9,SARAF_HUMAN
Q96BZ4,PLD4_HUMAN
Q96C00,ZBTB9_HUMAN
Q96C03,MID49_HUMAN
Q96C12,ARMC5_HUMAN
Q96C19,EFHD2_HUMAN
Q96C24,SYTL4_HUMAN
Q96C28,ZN707_HUMAN
Q96C34,RUND1_HUMAN
Q96C36,P5CR2_HUMAN
Q96C45,ULK4_HUMAN
Q96C55,ZN524_HUMAN
Q96C57,CSTOS_HUMAN
Q96C86,DCPS_HUMAN
Q96C90,PP14B_HUMAN
Q96C92,ENTR1_HUMAN
Q96CA5,BIRC7_HUMAN
Q96CB8,INT12_HUMAN
Q96CB9,NSUN4_HUMAN
Q96CC6,RHDF1_HUMAN
Q96CF2,CHM4C_HUMAN
Q96CG3,TIFA_HUMAN
Q96CG8,CTHR1_HUMAN
Q96CJ1,EAF2_HUMAN
Q96CK0,ZN653_HUMAN
Q96CN4,EVI5L_HUMAN
Q96CN9,GCC1_HUMAN
Q96CP2,FWCH2_HUMAN
Q96CP6,ASTRA_HUMAN
Q96CS3,FAF2_HUMAN
Q96CS4,ZN689_HUMAN
Q96CT2,KLH29_HUMAN
Q96CT7,CC124_HUMAN
Q96CV9,OPTN_HUMAN
Q96CW5,GCP3_HUMAN
Q96CW6,S7A6O_HUMAN
Q96CX2,KCD12_HUMAN
Q96CX6,LRC58_HUMAN
Q96D03,DDT4L_HUMAN
Q96D05,F241B_HUMAN
Q96D09,GASP2_HUMAN
Q96D15,RCN3_HUMAN
Q96D31,CRCM1_HUMAN
Q96D42,HAVR1_HUMAN
Q96D53,COQ8B_HUMAN
Q96D59,RN183_HUMAN
Q96D70,R3HD4_HUMAN
Q96D71,REPS1_HUMAN
Q96D96,HVCN1_HUMAN
Q96D98,EID2B_HUMAN
Q96DB5,RMD1_HUMAN
Q96DB9,FXYD5_HUMAN
Q96DC7,TMCO6_HUMAN
Q96DD7,SHSA4_HUMAN
Q96DE5,APC16_HUMAN
Q96DF8,ESS2_HUMAN
Q96DI7,SNR40_HUMAN
Q96DL1,NXPE2_HUMAN
Q96DM1,PGBD4_HUMAN
Q96DN2,VWCE_HUMAN
Q96DN5,TBC31_HUMAN
Q96DN6,MBD6_HUMAN
Q96DR7,ARHGQ_HUMAN
Q96DT5,DYH11_HUMAN
Q96DT7,ZBT10_HUMAN
Q96DU7,IP3KC_HUMAN
Q96DW6,S2538_HUMAN
Q96DX4,RSPRY_HUMAN
Q96DX7,TRI44_HUMAN
Q96DX8,RTP4_HUMAN
Q96DY2,DRC10_HUMAN
Q96DY7,MTBP_HUMAN
Q96DZ5,CLIP3_HUMAN
Q96E09,F122A_HUMAN
Q96E11,RRFM_HUMAN
Q96E29,MTEF3_HUMAN
Q96E39,RMXL1_HUMAN
Q96E40,SACA9_HUMAN
Q96E93,KLRG1_HUMAN
Q96EA4,SPDLY_HUMAN
Q96EB1,ELP4_HUMAN
Q96EB6,SIR1_HUMAN
Q96EC8,YIPF6_HUMAN
Q96ED9,HOOK2_HUMAN
Q96EE3,SEH1_HUMAN
Q96EF0,MTMR8_HUMAN
Q96EF9,ZHX1R_HUMAN
Q96EG1,ARSG_HUMAN
Q96EG3,ZN837_HUMAN
Q96EH3,MASU1_HUMAN
Q96EI5,TCAL4_HUMAN
Q96EK2,PF21B_HUMAN
Q96EK4,THA11_HUMAN
Q96EK7,F120B_HUMAN
Q96EK9,KTI12_HUMAN
Q96EP0,RNF31_HUMAN
Q96EP1,CHFR_HUMAN
Q96EP5,DAZP1_HUMAN
Q96EP9,NTCP4_HUMAN
Q96EQ0,SGTB_HUMAN
Q96ER9,CCD51_HUMAN
Q96ES7,SGF29_HUMAN
Q96EU6,RRP36_HUMAN
Q96EV2,RBM33_HUMAN
Q96EV8,DTBP1_HUMAN
Q96EW2,HBAP1_HUMAN
Q96EX1,SIM12_HUMAN
Q96EX2,RNFT2_HUMAN
Q96EX3,WDR34_HUMAN
Q96EY4,TMA16_HUMAN
Q96EY5,MB12A_HUMAN
Q96EZ8,MCRS1_HUMAN
Q96F05,CK024_HUMAN
Q96F24,NRBF2_HUMAN
Q96F25,ALG14_HUMAN
Q96F45,ZN503_HUMAN
Q96F46,I17RA_HUMAN
Q96F63,CCD97_HUMAN
Q96F81,DISP1_HUMAN
Q96F83,CLBA1_HUMAN
Q96F86,EDC3_HUMAN
Q96FA7,ZB6CL_HUMAN
Q96FC9,DDX11_HUMAN
Q96FE5,LIGO1_HUMAN
Q96FE7,P3IP1_HUMAN
Q96FF7,MISP3_HUMAN
Q96FF9,CDCA5_HUMAN
Q96FG2,ELMD3_HUMAN
Q96FI4,NEIL1_HUMAN
Q96FJ0,STALP_HUMAN
Q96FK6,WDR89_HUMAN
Q96FL8,S47A1_HUMAN
Q96FL9,GLT14_HUMAN
Q96FS4,SIPA1_HUMAN
Q96FT9,IFT43_HUMAN
Q96FV0,LRC46_HUMAN
Q96FV9,THOC1_HUMAN
Q96FZ2,HMCES_HUMAN
Q96FZ5,CKLF7_HUMAN
Q96FZ7,CHMP6_HUMAN
Q96G01,BICD1_HUMAN
Q96G23,CERS2_HUMAN
Q96G25,MED8_HUMAN
Q96G27,WBP1_HUMAN
Q96G28,CFA36_HUMAN
Q96G30,MRAP2_HUMAN
Q96G42,KLD7B_HUMAN
Q96G46,DUS3L_HUMAN
Q96G74,OTUD5_HUMAN
Q96G91,P2Y11_HUMAN
Q96G97,BSCL2_HUMAN
Q96GA3,LTV1_HUMAN
Q96GC6,ZN274_HUMAN
Q96GC9,VMP1_HUMAN
Q96GD3,SCMH1_HUMAN
Q96GD4,AURKB_HUMAN
Q96GE4,CEP95_HUMAN
Q96GE5,ZN799_HUMAN
Q96GF1,RN185_HUMAN
Q96GI7,FA89A_HUMAN
Q96GL9,F163A_HUMAN
Q96GM1,PLPR2_HUMAN
Q96GM5,SMRD1_HUMAN
Q96GM8,TOE1_HUMAN
Q96GN5,CDA7L_HUMAN
Q96GP6,SREC2_HUMAN
Q96GR2,ACBG1_HUMAN
Q96GS4,BORC6_HUMAN
Q96GT9,XAGE2_HUMAN
Q96GU1,PAGE5_HUMAN
Q96GV9,CE030_HUMAN
Q96GW7,PGCB_HUMAN
Q96GW9,SYMM_HUMAN
Q96GX5,GWL_HUMAN
Q96GY0,ZC21A_HUMAN
Q96GY3,LIN37_HUMAN
Q96GZ6,S41A3_HUMAN
Q96H12,MSD3_HUMAN
Q96H15,TIMD4_HUMAN
Q96H35,RBM18_HUMAN
Q96H72,S39AD_HUMAN
Q96H79,ZCCHL_HUMAN
Q96H86,ZN764_HUMAN
Q96HA1,P121A_HUMAN
Q96HA4,CA159_HUMAN
Q96HA7,TONSL_HUMAN
Q96HB5,CC120_HUMAN
Q96HC4,PDLI5_HUMAN
Q96HD1,CREL1_HUMAN
Q96HE9,PRR11_HUMAN
Q96HF1,SFRP2_HUMAN
Q96HG1,SIM10_HUMAN
Q96HH4,TM169_HUMAN
Q96HH6,TMM19_HUMAN
Q96HH9,GRM2B_HUMAN
Q96HI0,SENP5_HUMAN
Q96HJ3,CCD34_HUMAN
Q96HJ5,MS4A3_HUMAN
Q96HL8,SH3Y1_HUMAN
Q96HM7,PED1B_HUMAN
Q96HN2,SAHH3_HUMAN
Q96HP0,DOCK6_HUMAN
Q96HQ0,ZN419_HUMAN
Q96HR8,NAF1_HUMAN
Q96HR9,REEP6_HUMAN
Q96HS1,PGAM5_HUMAN
Q96HU1,SGSM3_HUMAN
Q96HV5,TM41A_HUMAN
Q96HW7,INT4_HUMAN
Q96HY6,DDRGK_HUMAN
Q96HZ4,HES6_HUMAN
Q96I13,ABHD8_HUMAN
Q96I23,PREY_HUMAN
Q96I24,FUBP3_HUMAN
Q96I25,SPF45_HUMAN
Q96I34,PP16A_HUMAN
Q96I76,GPTC3_HUMAN
Q96I82,KAZD1_HUMAN
Q96I99,SUCB2_HUMAN
Q96IC2,REXO5_HUMAN
Q96IF1,AJUBA_HUMAN
Q96II8,LRCH3_HUMAN
Q96IK1,BOD1_HUMAN
Q96IK5,GMCL1_HUMAN
Q96IL0,COA8_HUMAN
Q96IM9,DYDC2_HUMAN
Q96IP4,TET5A_HUMAN
Q96IQ7,VSIG2_HUMAN
Q96IQ9,ZN414_HUMAN
Q96IR2,ZN845_HUMAN
Q96IS3,RAX2_HUMAN
Q96IT1,ZN496_HUMAN
Q96IU2,ZBED3_HUMAN
Q96IV0,NGLY1_HUMAN
Q96IW2,SHD_HUMAN
Q96IW7,SC22A_HUMAN
Q96IY1,NSL1_HUMAN
Q96IZ0,PAWR_HUMAN
Q96IZ5,RBM41_HUMAN
Q96IZ6,MET2A_HUMAN
Q96IZ7,RSRC1_HUMAN
Q96J02,ITCH_HUMAN
Q96J42,TXD15_HUMAN
Q96J66,ABCCB_HUMAN
Q96J84,KIRR1_HUMAN
Q96J86,CYYR1_HUMAN
Q96J87,CELF6_HUMAN
Q96J88,ESIP1_HUMAN
Q96J92,WNK4_HUMAN
Q96J94,PIWL1_HUMAN
Q96JA1,LRIG1_HUMAN
Q96JA3,PKHA8_HUMAN
Q96JA4,M4A14_HUMAN
Q96JB1,DYH8_HUMAN
Q96JB2,COG3_HUMAN
Q96JB3,HIC2_HUMAN
Q96JB5,CK5P3_HUMAN
Q96JB8,MPP4_HUMAN
Q96JC9,EAF1_HUMAN
Q96JE7,SC16B_HUMAN
Q96JE9,MAP6_HUMAN
Q96JF0,SIAT2_HUMAN
Q96JF6,ZN594_HUMAN
Q96JG6,VPS50_HUMAN
Q96JG8,MAGD4_HUMAN
Q96JH7,VCIP1_HUMAN
Q96JH8,RADIL_HUMAN
Q96JJ6,JPH4_HUMAN
Q96JJ7,TMX3_HUMAN
Q96JK2,DCAF5_HUMAN
Q96JK4,HIPL1_HUMAN
Q96JK9,MAML3_HUMAN
Q96JL9,ZN333_HUMAN
Q96JM2,ZN462_HUMAN
Q96JM3,CHAP1_HUMAN
Q96JM4,LRIQ1_HUMAN
Q96JM7,LMBL3_HUMAN
Q96JN0,LCOR_HUMAN
Q96JN2,CC136_HUMAN
Q96JN8,NEUL4_HUMAN
Q96JP5,ZFP91_HUMAN
Q96JQ2,CLMN_HUMAN
Q96JQ5,M4A4A_HUMAN
Q96JS3,PGBD1_HUMAN
Q96JW4,S41A2_HUMAN
Q96JY0,MAEL_HUMAN
Q96JY6,PDLI2_HUMAN
Q96JZ2,HSH2D_HUMAN
Q96K17,BT3L4_HUMAN
Q96K21,ANCHR_HUMAN
Q96K30,RITA1_HUMAN
Q96K31,CH076_HUMAN
Q96K37,S35E1_HUMAN
Q96K49,TM87B_HUMAN
Q96K62,ZBT45_HUMAN
Q96K75,ZN514_HUMAN
Q96K76,UBP47_HUMAN
Q96K78,AGRG7_HUMAN
Q96K80,ZC3HA_HUMAN
Q96K83,ZN521_HUMAN
Q96KA5,CLP1L_HUMAN
Q96KC8,DNJC1_HUMAN
Q96KC9,CABS1_HUMAN
Q96KD3,F71F1_HUMAN
Q96KE9,BTBD6_HUMAN
Q96KG7,MEG10_HUMAN
Q96KG9,SCYL1_HUMAN
Q96KJ4,MSLNL_HUMAN
Q96KJ9,COX42_HUMAN
Q96KK3,KCNS1_HUMAN
Q96KM6,Z512B_HUMAN
Q96KN1,LRAT2_HUMAN
Q96KN3,PKNX2_HUMAN
Q96KN4,LRAT1_HUMAN
Q96KN7,RPGR1_HUMAN
Q96KN8,PLAT5_HUMAN
Q96KN9,CXD4_HUMAN
Q96KP1,EXOC2_HUMAN
Q96KP6,TNIP3_HUMAN
Q96KQ4,ASPP1_HUMAN
Q96KQ7,EHMT2_HUMAN
Q96KR1,ZFR_HUMAN
Q96KR6,F210B_HUMAN
Q96KR7,PHAR3_HUMAN
Q96KS0,EGLN2_HUMAN
Q96KS9,F167A_HUMAN
Q96KT7,S35G5_HUMAN
Q96KW2,P12L2_HUMAN
Q96KW9,SPAC7_HUMAN
Q96L03,SPT17_HUMAN
Q96L12,CALR3_HUMAN
Q96L34,MARK4_HUMAN
Q96L42,KCNH8_HUMAN
Q96L46,CPNS2_HUMAN
Q96L73,NSD1_HUMAN
Q96L92,SNX27_HUMAN
Q96L93,KI16B_HUMAN
Q96LA6,FCRL1_HUMAN
Q96LA8,ANM6_HUMAN
Q96LB3,IFT74_HUMAN
Q96LC7,SIG10_HUMAN
Q96LC9,BMF_HUMAN
Q96LD4,TRI47_HUMAN
Q96LI6,HSFY1_HUMAN
Q96LI9,CX058_HUMAN
Q96LJ8,UBX10_HUMAN
Q96LK8,SPT32_HUMAN
Q96LL4,CH048_HUMAN
Q96LL9,DJC30_HUMAN
Q96LM5,CD045_HUMAN
Q96LP6,CL042_HUMAN
Q96LQ0,PPR36_HUMAN
Q96LR2,LURA1_HUMAN
Q96LR4,TAFA4_HUMAN
Q96LR7,CB050_HUMAN
Q96LT4,SAMD8_HUMAN
Q96LT9,RNPC3_HUMAN
Q96LU7,MRFL_HUMAN
Q96LW1,Z354B_HUMAN
Q96LW4,PRIPO_HUMAN
Q96LW9,ZSC31_HUMAN
Q96LX7,CCD17_HUMAN
Q96LX8,ZN597_HUMAN
Q96LY2,CC74B_HUMAN
Q96LZ2,MAGBA_HUMAN
Q96LZ7,RMD2_HUMAN
Q96M02,CJ090_HUMAN
Q96M11,HYLS1_HUMAN
Q96M20,CNBD2_HUMAN
Q96M27,PRRC1_HUMAN
Q96M29,TEKT5_HUMAN
Q96M34,TEX55_HUMAN
Q96M43,NBPF4_HUMAN
Q96M53,TBATA_HUMAN
Q96M60,F227B_HUMAN
Q96M61,MAGBI_HUMAN
Q96M63,CC114_HUMAN
Q96M69,LRGUK_HUMAN
Q96M83,CCDC7_HUMAN
Q96M86,DNHD1_HUMAN
Q96M89,CC138_HUMAN
Q96M93,ADAD1_HUMAN
Q96M96,FGD4_HUMAN
Q96M98,PACRG_HUMAN
Q96MA1,DMRTB_HUMAN
Q96MC2,DRC1_HUMAN
Q96MC4,C295L_HUMAN
Q96MC5,MERB1_HUMAN
Q96MC6,MF14A_HUMAN
Q96MD7,CI085_HUMAN
Q96ME7,ZN512_HUMAN
Q96MF2,STAC3_HUMAN
Q96MF6,CQ10A_HUMAN
Q96MG2,JSPR1_HUMAN
Q96MG7,NSE3_HUMAN
Q96MH2,HEXI2_HUMAN
Q96MI9,CBPC4_HUMAN
Q96MK2,RIPR3_HUMAN
Q96MK3,FA20A_HUMAN
Q96MM3,ZFP42_HUMAN
Q96MM6,HS12B_HUMAN
Q96MM7,H6ST2_HUMAN
Q96MN9,ZN488_HUMAN
Q96MP5,ZSWM3_HUMAN
Q96MP8,KCTD7_HUMAN
Q96MR6,CFA57_HUMAN
Q96MR9,ZN560_HUMAN
Q96MS0,ROBO3_HUMAN
Q96MT1,RN145_HUMAN
Q96MT3,PRIC1_HUMAN
Q96MT7,CFA44_HUMAN
Q96MT8,CEP63_HUMAN
Q96MU6,ZN778_HUMAN
Q96MU7,YTDC1_HUMAN
Q96MV8,ZDH15_HUMAN
Q96MW1,CCD43_HUMAN
Q96MW5,COG8_HUMAN
Q96MW7,TIGD1_HUMAN
Q96MX3,ZNF48_HUMAN
Q96MY1,NOL4L_HUMAN
Q96MY7,F161B_HUMAN
Q96MZ0,GD1L1_HUMAN
Q96N03,VTM2L_HUMAN
Q96N06,SPT33_HUMAN
Q96N16,JKIP1_HUMAN
Q96N19,G137A_HUMAN
Q96N20,ZN75A_HUMAN
Q96N21,AP4AT_HUMAN
Q96N22,ZN681_HUMAN
Q96N23,CFA54_HUMAN
Q96N46,TTC14_HUMAN
Q96N64,PWP2A_HUMAN
Q96N67,DOCK7_HUMAN
Q96N77,ZN641_HUMAN
Q96N87,S6A18_HUMAN
Q96N95,ZN396_HUMAN
Q96N96,SPT13_HUMAN
Q96NA2,RILP_HUMAN
Q96NA8,TSNA1_HUMAN
Q96NB1,FOPNL_HUMAN
Q96NB3,ZN830_HUMAN
Q96NC0,ZMAT2_HUMAN
Q96ND0,F210A_HUMAN
Q96ND8,ZN583_HUMAN
Q96NE9,FRMD6_HUMAN
Q96NG3,TTC25_HUMAN
Q96NG5,ZN558_HUMAN
Q96NG8,ZN582_HUMAN
Q96NH3,BROMI_HUMAN
Q96NI6,LRFN5_HUMAN
Q96NI8,ZN570_HUMAN
Q96NJ6,ZFP3_HUMAN
Q96NK8,NDF6_HUMAN
Q96NL0,RUN3B_HUMAN
Q96NL1,TMM74_HUMAN
Q96NL3,ZN599_HUMAN
Q96NL6,SCLT1_HUMAN
Q96NL8,CH037_HUMAN
Q96NM4,TOX2_HUMAN
Q96NN9,AIFM3_HUMAN
Q96NR3,PTHD1_HUMAN
Q96NS5,ASB16_HUMAN
Q96NT0,CC115_HUMAN
Q96NT1,NP1L5_HUMAN
Q96NU0,CNT3B_HUMAN
Q96NU1,SAM11_HUMAN
Q96NW4,ANR27_HUMAN
Q96NX5,KCC1G_HUMAN
Q96NX9,DACH2_HUMAN
Q96NY7,CLIC6_HUMAN
Q96NY8,NECT4_HUMAN
Q96NY9,MUS81_HUMAN
Q96NZ1,FOXN4_HUMAN
Q96NZ9,PRAP1_HUMAN
Q96P16,RPR1A_HUMAN
Q96P26,5NT1B_HUMAN
Q96P31,FCRL3_HUMAN
Q96P44,COLA1_HUMAN
Q96P47,AGAP3_HUMAN
Q96P48,ARAP1_HUMAN
Q96P50,ACAP3_HUMAN
Q96P56,CTSR2_HUMAN
Q96P64,AGAP4_HUMAN
Q96P65,QRFPR_HUMAN
Q96P66,GP101_HUMAN
Q96P69,GPR78_HUMAN
Q96P70,IPO9_HUMAN
Q96P71,NECA3_HUMAN
Q96PC2,IP6K3_HUMAN
Q96PC5,MIA2_HUMAN
Q96PD2,DCBD2_HUMAN
Q96PD4,IL17F_HUMAN
Q96PD7,DGAT2_HUMAN
Q96PE1,AGRA2_HUMAN
Q96PE2,ARHGH_HUMAN
Q96PE3,INP4A_HUMAN
Q96PE5,OPALI_HUMAN
Q96PE6,ZIM3_HUMAN
Q96PF2,TSSK2_HUMAN
Q96PG1,M4A4E_HUMAN
Q96PG2,M4A10_HUMAN
Q96PI1,SPRR4_HUMAN
Q96PK6,RBM14_HUMAN
Q96PM9,Z385A_HUMAN
Q96PP4,TSG13_HUMAN
Q96PQ0,SORC2_HUMAN
Q96PQ1,SIG12_HUMAN
Q96PQ6,ZN317_HUMAN
Q96PR1,KCNC2_HUMAN
Q96PS8,AQP10_HUMAN
Q96PU4,UHRF2_HUMAN
Q96PU5,NED4L_HUMAN
Q96PU8,QKI_HUMAN
Q96PV0,SYGP1_HUMAN
Q96PV4,PNMA5_HUMAN
Q96PV6,LENG8_HUMAN
Q96PX1,RN157_HUMAN
Q96PX6,CC85A_HUMAN
Q96PX9,PKH4B_HUMAN
Q96PY6,NEK1_HUMAN
Q96PZ0,PUS7_HUMAN
Q96PZ2,F111A_HUMAN
Q96Q04,LMTK3_HUMAN
Q96Q05,TPPC9_HUMAN
Q96Q07,BTBD9_HUMAN
Q96Q15,SMG1_HUMAN
Q96Q35,FACC1_HUMAN
Q96Q40,CDK15_HUMAN
Q96Q42,ALS2_HUMAN
Q96Q45,TM237_HUMAN
Q96Q83,ALKB3_HUMAN
Q96Q89,KI20B_HUMAN
Q96Q91,B3A4_HUMAN
Q96QB1,RHG07_HUMAN
Q96QC0,PP1RA_HUMAN
Q96QD8,S38A2_HUMAN
Q96QD9,UIF_HUMAN
Q96QE2,MYCT_HUMAN
Q96QE3,ATAD5_HUMAN
Q96QE4,LR37B_HUMAN
Q96QF0,RAB3I_HUMAN
Q96QF7,ACRC_HUMAN
Q96QH2,PRAM_HUMAN
Q96QI5,HS3S6_HUMAN
Q96QK8,SIM14_HUMAN
Q96QP1,ALPK1_HUMAN
Q96QR8,PURB_HUMAN
Q96QS1,TSN32_HUMAN
Q96QS3,ARX_HUMAN
Q96QS6,KPSH2_HUMAN
Q96QT4,TRPM7_HUMAN
Q96QT6,PHF12_HUMAN
Q96QU1,PCD15_HUMAN
Q96QU4,FRG2B_HUMAN
Q96QU6,1A1L1_HUMAN
Q96R06,SPAG5_HUMAN
Q96RD6,PANX2_HUMAN
Q96RD7,PANX1_HUMAN
Q96RE7,NACC1_HUMAN
Q96RE9,ZN300_HUMAN
Q96RF0,SNX18_HUMAN
Q96RG2,PASK_HUMAN
Q96RI0,PAR4_HUMAN
Q96RI1,NR1H4_HUMAN
Q96RJ3,TR13C_HUMAN
Q96RJ6,FER3L_HUMAN
Q96RK0,CIC_HUMAN
Q96RK1,CITE4_HUMAN
Q96RL1,UIMC1_HUMAN
Q96RL6,SIG11_HUMAN
Q96RL7,VP13A_HUMAN
Q96RN1,S26A8_HUMAN
Q96RN5,MED15_HUMAN
Q96RP3,UCN2_HUMAN
Q96RP7,G3ST4_HUMAN
Q96RP8,KCNA7_HUMAN
Q96RQ9,OXLA_HUMAN
Q96RR1,PEO1_HUMAN
Q96RR4,KKCC2_HUMAN
Q96RS0,TGS1_HUMAN
Q96RT1,ERBIN_HUMAN
Q96RT6,CTGE2_HUMAN
Q96RT7,GCP6_HUMAN
Q96RT8,GCP5_HUMAN
Q96RU2,UBP28_HUMAN
Q96RU3,FNBP1_HUMAN
Q96RU7,TRIB3_HUMAN
Q96RU8,TRIB1_HUMAN
Q96RV3,PCX1_HUMAN
Q96RW7,HMCN1_HUMAN
Q96RY5,CRML_HUMAN
Q96S06,LMF1_HUMAN
Q96S15,WDR24_HUMAN
Q96S21,RB40C_HUMAN
Q96S38,KS6C1_HUMAN
Q96S53,TESK2_HUMAN
Q96S55,WRIP1_HUMAN
Q96S59,RANB9_HUMAN
Q96S65,CSRN1_HUMAN
Q96S66,CLCC1_HUMAN
Q96S82,UBL7_HUMAN
Q96S90,LYSM1_HUMAN
Q96S94,CCNL2_HUMAN
Q96S96,PEBP4_HUMAN
Q96S99,PKHF1_HUMAN
Q96SA4,SERC2_HUMAN
Q96SB3,NEB2_HUMAN
Q96SB4,SRPK1_HUMAN
Q96SC8,DMTA2_HUMAN
Q96SD1,DCR1C_HUMAN
Q96SE7,ZN347_HUMAN
Q96SF2,TCPQM_HUMAN
Q96SF7,TBX15_HUMAN
Q96SI1,KCD15_HUMAN
Q96SI9,STRBP_HUMAN
Q96SK2,TM209_HUMAN
Q96SK3,ZN607_HUMAN
Q96SL1,DIRC2_HUMAN
Q96SL8,FIZ1_HUMAN
Q96SM3,CPXM1_HUMAN
Q96SN7,ORAI2_HUMAN
Q96SN8,CK5P2_HUMAN
Q96SQ5,ZN587_HUMAN
Q96SQ7,ATOH8_HUMAN
Q96SR6,ZN382_HUMAN
Q96ST2,IWS1_HUMAN
Q96ST3,SIN3A_HUMAN
Q96ST8,CEP89_HUMAN
Q96SU4,OSBL9_HUMAN
Q96SW2,CRBN_HUMAN
Q96SZ4,ZSC10_HUMAN
Q96SZ5,AEDO_HUMAN
Q96SZ6,CK5P1_HUMAN
Q96T17,MA7D2_HUMAN
Q96T21,SEBP2_HUMAN
Q96T23,RSF1_HUMAN
Q96T37,RBM15_HUMAN
Q96T49,PP16B_HUMAN
Q96T51,RUFY1_HUMAN
Q96T54,KCNKH_HUMAN
Q96T55,KCNKG_HUMAN
Q96T58,MINT_HUMAN
Q96T59,CDRTF_HUMAN
Q96T60,PNKP_HUMAN
Q96T68,SETB2_HUMAN
Q96T83,SL9A7_HUMAN
Q96T88,UHRF1_HUMAN
Q96T92,INSM2_HUMAN
Q96TA1,NIBA2_HUMAN
Q96TA2,YMEL1_HUMAN
Q96TC7,RMD3_HUMAN
Q99062,CSF3R_HUMAN
Q99075,HBEGF_HUMAN
Q99081,HTF4_HUMAN
Q99217,AMELX_HUMAN
Q99250,SCN2A_HUMAN
Q99259,DCE1_HUMAN
Q99442,SEC62_HUMAN
Q99453,PHX2B_HUMAN
Q99456,K1C12_HUMAN
Q99457,NP1L3_HUMAN
Q99459,CDC5L_HUMAN
Q99460,PSMD1_HUMAN
Q99466,NOTC4_HUMAN
Q99469,STAC_HUMAN
Q99496,RING2_HUMAN
Q99500,S1PR3_HUMAN
Q99502,EYA1_HUMAN
Q99504,EYA3_HUMAN
Q99519,NEUR1_HUMAN
Q99523,SORT_HUMAN
Q99527,GPER1_HUMAN
Q99536,VAT1_HUMAN
Q99542,MMP19_HUMAN
Q99543,DNJC2_HUMAN
Q99547,MPH6_HUMAN
Q99549,MPP8_HUMAN
Q99550,MPP9_HUMAN
Q99558,M3K14_HUMAN
Q99569,PKP4_HUMAN
Q99570,PI3R4_HUMAN
Q99572,P2RX7_HUMAN
Q99575,POP1_HUMAN
Q99578,RIT2_HUMAN
Q99581,FEV_HUMAN
Q99583,MNT_HUMAN
Q99590,SCAFB_HUMAN
Q99592,ZBT18_HUMAN
Q99593,TBX5_HUMAN
Q99594,TEAD3_HUMAN
Q99595,TI17A_HUMAN
Q99598,TSNAX_HUMAN
Q99607,ELF4_HUMAN
Q99608,NECD_HUMAN
Q99612,KLF6_HUMAN
Q99613,EIF3C_HUMAN
Q99614,TTC1_HUMAN
Q99618,CDCA3_HUMAN
Q99624,S38A3_HUMAN
Q99626,CDX2_HUMAN
Q99633,PRP18_HUMAN
Q99638,RAD9A_HUMAN
Q99640,PMYT1_HUMAN
Q99645,EPYC_HUMAN
Q99650,OSMR_HUMAN
Q99661,KIF2C_HUMAN
Q99665,I12R2_HUMAN
Q99675,CGRF1_HUMAN
Q99676,ZN184_HUMAN
Q99677,LPAR4_HUMAN
Q99678,GPR20_HUMAN
Q99680,GPR22_HUMAN
Q99683,M3K5_HUMAN
Q99684,GFI1_HUMAN
Q99687,MEIS3_HUMAN
Q99689,FEZ1_HUMAN
Q99697,PITX2_HUMAN
Q99698,LYST_HUMAN
Q99700,ATX2_HUMAN
Q99704,DOK1_HUMAN
Q99708,CTIP_HUMAN
Q99715,COCA1_HUMAN
Q99717,SMAD5_HUMAN
Q99719,SEPT5_HUMAN
Q99726,ZNT3_HUMAN
Q99728,BARD1_HUMAN
Q99732,LITAF_HUMAN
Q99733,NP1L4_HUMAN
Q99741,CDC6_HUMAN
Q99742,NPAS1_HUMAN
Q99747,SNAG_HUMAN
Q99748,NRTN_HUMAN
Q99750,MDFI_HUMAN
Q99755,PI51A_HUMAN
Q99757,THIOM_HUMAN
Q99758,ABCA3_HUMAN
Q99759,M3K3_HUMAN
Q99767,APBA2_HUMAN
Q99788,CML1_HUMAN
Q99795,GPA33_HUMAN
Q99797,MIPEP_HUMAN
Q99801,NKX31_HUMAN
Q99807,COQ7_HUMAN
Q99808,S29A1_HUMAN
Q99811,PRRX2_HUMAN
Q99814,EPAS1_HUMAN
Q99816,TS101_HUMAN
Q99835,SMO_HUMAN
Q99848,EBP2_HUMAN
Q99853,FOXB1_HUMAN
Q99856,ARI3A_HUMAN
Q99865,SPI2A_HUMAN
Q99873,ANM1_HUMAN
Q99879,H2B1M_HUMAN
Q99880,H2B1L_HUMAN
Q99884,SC6A7_HUMAN
Q99909,SSX3_HUMAN
Q99928,GBRG3_HUMAN
Q99929,ASCL2_HUMAN
Q99932,SPAG8_HUMAN
Q99933,BAG1_HUMAN
Q99935,PROL1_HUMAN
Q99941,ATF6B_HUMAN
Q99942,RNF5_HUMAN
Q99944,EGFL8_HUMAN
Q99946,PRRT1_HUMAN
Q99952,PTN18_HUMAN
Q99956,DUS9_HUMAN
Q99958,FOXC2_HUMAN
Q99959,PKP2_HUMAN
Q99961,SH3G1_HUMAN
Q99962,SH3G2_HUMAN
Q99963,SH3G3_HUMAN
Q99966,CITE1_HUMAN
Q99967,CITE2_HUMAN
Q99973,TEP1_HUMAN
Q99983,OMD_HUMAN
Q99985,SEM3C_HUMAN
Q99986,VRK1_HUMAN
Q99988,GDF15_HUMAN
Q99990,VGLL1_HUMAN
Q99996,AKAP9_HUMAN
Q99999,G3ST1_HUMAN
Q9BPU6,DPYL5_HUMAN
Q9BPV8,P2Y13_HUMAN
Q9BPW5,RSLBB_HUMAN
Q9BPW8,NIPS1_HUMAN
Q9BPX3,CND3_HUMAN
Q9BPX6,MICU1_HUMAN
Q9BPZ2,SPI2B_HUMAN
Q9BPZ3,PAIP2_HUMAN
Q9BPZ7,SIN1_HUMAN
Q9BQ04,RBM4B_HUMAN
Q9BQ15,SOSB1_HUMAN
Q9BQ16,TICN3_HUMAN
Q9BQ31,KCNS3_HUMAN
Q9BQ39,DDX50_HUMAN
Q9BQ48,RM34_HUMAN
Q9BQ50,TREX2_HUMAN
Q9BQ52,RNZ2_HUMAN
Q9BQ61,TRIR_HUMAN
Q9BQ65,USB1_HUMAN
Q9BQ66,KR412_HUMAN
Q9BQ69,MACD1_HUMAN
Q9BQ70,TCF25_HUMAN
Q9BQ75,CMS1_HUMAN
Q9BQ87,TBL1Y_HUMAN
Q9BQ89,F110A_HUMAN
Q9BQ95,ECSIT_HUMAN
Q9BQA5,HINFP_HUMAN
Q9BQB4,SOST_HUMAN
Q9BQD7,ANKMT_HUMAN
Q9BQE6,LBHD1_HUMAN
Q9BQE9,BCL7B_HUMAN
Q9BQF6,SENP7_HUMAN
Q9BQG0,MBB1A_HUMAN
Q9BQG1,SYT3_HUMAN
Q9BQI3,E2AK1_HUMAN
Q9BQI4,CCDC3_HUMAN
Q9BQI5,SGIP1_HUMAN
Q9BQI6,SLF1_HUMAN
Q9BQI7,PSD2_HUMAN
Q9BQI9,NRIP2_HUMAN
Q9BQK8,LPIN3_HUMAN
Q9BQL6,FERM1_HUMAN
Q9BQM9,CT144_HUMAN
Q9BQN1,FA83C_HUMAN
Q9BQQ3,GORS1_HUMAN
Q9BQQ7,RTP3_HUMAN
Q9BQS2,SYT15_HUMAN
Q9BQS6,HSPB9_HUMAN
Q9BQS8,FYCO1_HUMAN
Q9BQT9,CSTN3_HUMAN
Q9BQW3,COE4_HUMAN
Q9BQY4,RHXF2_HUMAN
Q9BQY9,DBND2_HUMAN
Q9BR10,SPT25_HUMAN
Q9BR39,JPH2_HUMAN
Q9BR61,ACBD6_HUMAN
Q9BR76,COR1B_HUMAN
Q9BR77,CCD77_HUMAN
Q9BR84,ZN559_HUMAN
Q9BRA0,LSMD1_HUMAN
Q9BRC7,PLCD4_HUMAN
Q9BRD0,BUD13_HUMAN
Q9BRG2,SH23A_HUMAN
Q9BRH9,ZN251_HUMAN
Q9BRI3,ZNT2_HUMAN
Q9BRJ6,CG050_HUMAN
Q9BRJ9,MESP1_HUMAN
Q9BRK0,REEP2_HUMAN
Q9BRK4,LZTS2_HUMAN
Q9BRL6,SRSF8_HUMAN
Q9BRN9,TM2D3_HUMAN
Q9BRP0,OVOL2_HUMAN
Q9BRP1,PDD2L_HUMAN
Q9BRP8,PYM1_HUMAN
Q9BRQ0,PYGO2_HUMAN
Q9BRQ5,ORAI3_HUMAN
Q9BRQ6,MIC25_HUMAN
Q9BRR0,ZKSC3_HUMAN
Q9BRR3,TM246_HUMAN
Q9BRR8,GPTC1_HUMAN
Q9BRR9,RHG09_HUMAN
Q9BRS2,RIOK1_HUMAN
Q9BRS8,LARP6_HUMAN
Q9BRT6,LLPH_HUMAN
Q9BRT8,CBWD1_HUMAN
Q9BRU2,TCAL7_HUMAN
Q9BRU9,UTP23_HUMAN
Q9BRV8,SIKE1_HUMAN
Q9BRX8,PXL2A_HUMAN
Q9BRY0,S39A3_HUMAN
Q9BRZ2,TRI56_HUMAN
Q9BS31,ZN649_HUMAN
Q9BS91,S35A5_HUMAN
Q9BS92,NPS3B_HUMAN
Q9BSA4,TTYH2_HUMAN
Q9BSA9,TM175_HUMAN
Q9BSC4,NOL10_HUMAN
Q9BSD3,RHNO1_HUMAN
Q9BSE2,TMM79_HUMAN
Q9BSE4,HERP2_HUMAN
Q9BSE5,SPEB_HUMAN
Q9BSF0,SMAKA_HUMAN
Q9BSF8,BTBDA_HUMAN
Q9BSG5,RTBDN_HUMAN
Q9BSH4,TACO1_HUMAN
Q9BSI4,TINF2_HUMAN
Q9BSJ2,GCP2_HUMAN
Q9BSJ5,CQ080_HUMAN
Q9BSJ6,PIMRE_HUMAN
Q9BSJ8,ESYT1_HUMAN
Q9BSK1,ZN577_HUMAN
Q9BSL1,UBAC1_HUMAN
Q9BSM1,PCGF1_HUMAN
Q9BSQ5,CCM2_HUMAN
Q9BSR8,YIPF4_HUMAN
Q9BST9,RTKN_HUMAN
Q9BSU3,NAA11_HUMAN
Q9BSV6,SEN34_HUMAN
Q9BSW2,EFC4B_HUMAN
Q9BSW7,SYT17_HUMAN
Q9BSY9,DESI2_HUMAN
Q9BT09,CNPY3_HUMAN
Q9BT23,LIMD2_HUMAN
Q9BT25,HAUS8_HUMAN
Q9BT43,RPC7L_HUMAN
Q9BT49,THAP7_HUMAN
Q9BT56,SPXN_HUMAN
Q9BT67,NFIP1_HUMAN
Q9BT76,UPK3B_HUMAN
Q9BT81,SOX7_HUMAN
Q9BT88,SYT11_HUMAN
Q9BTA9,WAC_HUMAN
Q9BTC0,DIDO1_HUMAN
Q9BTC8,MTA3_HUMAN
Q9BTD3,TM121_HUMAN
Q9BTD8,RBM42_HUMAN
Q9BTE3,MCMBP_HUMAN
Q9BTE7,DCNL5_HUMAN
Q9BTF0,THUM2_HUMAN
Q9BTK6,PAGR1_HUMAN
Q9BTL3,RAMAC_HUMAN
Q9BTL4,IER2_HUMAN
Q9BTN0,LRFN3_HUMAN
Q9BTP6,ZBED2_HUMAN
Q9BTT0,AN32E_HUMAN
Q9BTT6,LRRC1_HUMAN
Q9BTU6,P4K2A_HUMAN
Q9BTV6,DPH7_HUMAN
Q9BTV7,CABL2_HUMAN
Q9BTX1,NDC1_HUMAN
Q9BTX3,TM208_HUMAN
Q9BU19,ZN692_HUMAN
Q9BU23,LMF2_HUMAN
Q9BU61,NDUF3_HUMAN
Q9BU68,PR15L_HUMAN
Q9BU70,TRMO_HUMAN
Q9BU76,MMTA2_HUMAN
Q9BUA3,SPNDC_HUMAN
Q9BUA6,MYL10_HUMAN
Q9BUB4,ADAT1_HUMAN
Q9BUB5,MKNK1_HUMAN
Q9BUB7,TMM70_HUMAN
Q9BUF7,CRUM3_HUMAN
Q9BUG6,ZSA5A_HUMAN
Q9BUH6,PAXX_HUMAN
Q9BUH8,BEGIN_HUMAN
Q9BUI4,RPC3_HUMAN
Q9BUJ2,HNRL1_HUMAN
Q9BUL5,PHF23_HUMAN
Q9BUL9,RPP25_HUMAN
Q9BUN1,MENT_HUMAN
Q9BUN5,CC28B_HUMAN
Q9BUN8,DERL1_HUMAN
Q9BUP0,EFHD1_HUMAN
Q9BUQ8,DDX23_HUMAN
Q9BUR4,TCAB1_HUMAN
Q9BUT9,MCRI2_HUMAN
Q9BUU2,MET22_HUMAN
Q9BUV0,RSRP1_HUMAN
Q9BUY5,ZN426_HUMAN
Q9BV36,MELPH_HUMAN
Q9BV38,WDR18_HUMAN
Q9BV44,THUM3_HUMAN
Q9BV47,DUS26_HUMAN
Q9BV68,RN126_HUMAN
Q9BV73,CP250_HUMAN
Q9BV79,MECR_HUMAN
Q9BV87,CNPD1_HUMAN
Q9BV94,EDEM2_HUMAN
Q9BV97,ZN747_HUMAN
Q9BVA0,KTNB1_HUMAN
Q9BVA6,FICD_HUMAN
Q9BVC5,ASHWN_HUMAN
Q9BVC6,TM109_HUMAN
Q9BVG4,PBDC1_HUMAN
Q9BVG8,KIFC3_HUMAN
Q9BVG9,PTSS2_HUMAN
Q9BVH7,SIA7E_HUMAN
Q9BVI0,PHF20_HUMAN
Q9BVJ6,UT14A_HUMAN
Q9BVL2,NUP58_HUMAN
Q9BVN2,RUSC1_HUMAN
Q9BVP2,GNL3_HUMAN
Q9BVS4,RIOK2_HUMAN
Q9BVS5,TR61B_HUMAN
Q9BVT8,TMUB1_HUMAN
Q9BVV2,FND11_HUMAN
Q9BVV6,TALD3_HUMAN
Q9BVV7,TIM21_HUMAN
Q9BVV8,F174C_HUMAN
Q9BVW5,TIPIN_HUMAN
Q9BVW6,SMIM2_HUMAN
Q9BVX2,T106C_HUMAN
Q9BW04,SARG_HUMAN
Q9BW11,MAD3_HUMAN
Q9BW19,KIFC1_HUMAN
Q9BW61,DDA1_HUMAN
Q9BW62,KATL1_HUMAN
Q9BW71,HIRP3_HUMAN
Q9BW72,HIG2A_HUMAN
Q9BW85,YJU2_HUMAN
Q9BWC9,CC106_HUMAN
Q9BWE0,REPI1_HUMAN
Q9BWF2,TRAIP_HUMAN
Q9BWF3,RBM4_HUMAN
Q9BWG4,SSBP4_HUMAN
Q9BWG6,SCNM1_HUMAN
Q9BWH2,FUND2_HUMAN
Q9BWH6,RPAP1_HUMAN
Q9BWK5,CYREN_HUMAN
Q9BWL3,CA043_HUMAN
Q9BWN1,PRR14_HUMAN
Q9BWP8,COL11_HUMAN
Q9BWQ6,YIPF2_HUMAN
Q9BWQ8,LFG2_HUMAN
Q9BWS9,CHID1_HUMAN
Q9BWT1,CDCA7_HUMAN
Q9BWT3,PAPOG_HUMAN
Q9BWU0,NADAP_HUMAN
Q9BWU1,CDK19_HUMAN
Q9BWV1,BOC_HUMAN
Q9BWV3,CDAC1_HUMAN
Q9BWV7,TTLL2_HUMAN
Q9BWW4,SSBP3_HUMAN
Q9BWW8,APOL6_HUMAN
Q9BWW9,APOL5_HUMAN
Q9BWX1,PHF7_HUMAN
Q9BWX5,GATA5_HUMAN
Q9BX10,GTPB2_HUMAN
Q9BX26,SYCP2_HUMAN
Q9BX40,LS14B_HUMAN
Q9BX46,RBM24_HUMAN
Q9BX59,TPSNR_HUMAN
Q9BX63,FANCJ_HUMAN
Q9BX66,SRBS1_HUMAN
Q9BX67,JAM3_HUMAN
Q9BX68,HINT2_HUMAN
Q9BX69,CARD6_HUMAN
Q9BX70,BTBD2_HUMAN
Q9BX73,TM2D2_HUMAN
Q9BX79,STRA6_HUMAN
Q9BX82,ZN471_HUMAN
Q9BX84,TRPM6_HUMAN
Q9BX95,SGPP1_HUMAN
Q9BX97,PLVAP_HUMAN
Q9BXA7,TSSK1_HUMAN
Q9BXA9,SALL3_HUMAN
Q9BXB4,OSB11_HUMAN
Q9BXB5,OSB10_HUMAN
Q9BXB7,SPT16_HUMAN
Q9BXC0,HCAR1_HUMAN
Q9BXF3,CECR2_HUMAN
Q9BXF6,RFIP5_HUMAN
Q9BXF9,TEKT3_HUMAN
Q9BXG8,SPZ1_HUMAN
Q9BXI6,TB10A_HUMAN
Q9BXI9,C1QT6_HUMAN
Q9BXJ0,C1QT5_HUMAN
Q9BXJ1,C1QT1_HUMAN
Q9BXJ2,C1QT7_HUMAN
Q9BXJ4,C1QT3_HUMAN
Q9BXJ5,C1QT2_HUMAN
Q9BXJ7,AMNLS_HUMAN
Q9BXJ9,NAA15_HUMAN
Q9BXK1,KLF16_HUMAN
Q9BXK5,B2L13_HUMAN
Q9BXL5,HEMGN_HUMAN
Q9BXL6,CAR14_HUMAN
Q9BXL7,CAR11_HUMAN
Q9BXL8,CDCA4_HUMAN
Q9BXM0,PRAX_HUMAN
Q9BXM7,PINK1_HUMAN
Q9BXN1,ASPN_HUMAN
Q9BXN2,CLC7A_HUMAN
Q9BXP2,S12A9_HUMAN
Q9BXP5,SRRT_HUMAN
Q9BXP8,PAPP2_HUMAN
Q9BXQ6,T121B_HUMAN
Q9BXR5,TLR10_HUMAN
Q9BXS0,COPA1_HUMAN
Q9BXS4,TMM59_HUMAN
Q9BXS6,NUSAP_HUMAN
Q9BXS9,S26A6_HUMAN
Q9BXT2,CCG6_HUMAN
Q9BXT5,TEX15_HUMAN
Q9BXT8,RNF17_HUMAN
Q9BXU0,TEX12_HUMAN
Q9BXU1,STK31_HUMAN
Q9BXU2,TX13B_HUMAN
Q9BXU3,TX13A_HUMAN
Q9BXU7,UBP26_HUMAN
Q9BXV9,GON7_HUMAN
Q9BXW6,OSBL1_HUMAN
Q9BXW7,HDHD5_HUMAN
Q9BXW9,FACD2_HUMAN
Q9BXX0,EMIL2_HUMAN
Q9BXX2,AN30B_HUMAN
Q9BXX3,AN30A_HUMAN
Q9BXY0,MAK16_HUMAN
Q9BXY4,RSPO3_HUMAN
Q9BXY8,BEX2_HUMAN
Q9BY07,S4A5_HUMAN
Q9BY08,EBPL_HUMAN
Q9BY11,PACN1_HUMAN
Q9BY12,SCAPE_HUMAN
Q9BY15,AGRE3_HUMAN
Q9BY21,GPR87_HUMAN
Q9BY42,RTF2_HUMAN
Q9BY43,CHM4A_HUMAN
Q9BY44,EIF2A_HUMAN
Q9BY66,KDM5D_HUMAN
Q9BY67,CADM1_HUMAN
Q9BY76,ANGL4_HUMAN
Q9BY77,PDIP3_HUMAN
Q9BY78,RNF26_HUMAN
Q9BY84,DUS16_HUMAN
Q9BY89,K1671_HUMAN
Q9BYC5,FUT8_HUMAN
Q9BYD3,RM04_HUMAN
Q9BYD6,RM01_HUMAN
Q9BYE0,HES7_HUMAN
Q9BYE2,TMPSD_HUMAN
Q9BYE3,LCE3D_HUMAN
Q9BYE7,PCGF6_HUMAN
Q9BYE9,CDHR2_HUMAN
Q9BYF1,ACE2_HUMAN
Q9BYG3,MK67I_HUMAN
Q9BYG4,PAR6G_HUMAN
Q9BYG5,PAR6B_HUMAN
Q9BYH1,SE6L1_HUMAN
Q9BYH8,IKBZ_HUMAN
Q9BYI3,HYCCI_HUMAN
Q9BYJ0,FGFP2_HUMAN
Q9BYJ9,YTHD1_HUMAN
Q9BYK8,HELZ2_HUMAN
Q9BYL1,SAM10_HUMAN
Q9BYM8,HOIL1_HUMAN
Q9BYN0,SRXN1_HUMAN
Q9BYN7,ZN341_HUMAN
Q9BYN8,RT26_HUMAN
Q9BYP7,WNK3_HUMAN
Q9BYP8,KR171_HUMAN
Q9BYQ0,KRA98_HUMAN
Q9BYQ2,KRA94_HUMAN
Q9BYQ3,KRA93_HUMAN
Q9BYQ4,KRA92_HUMAN
Q9BYQ5,KRA46_HUMAN
Q9BYQ6,KR411_HUMAN
Q9BYQ7,KRA41_HUMAN
Q9BYQ8,KRA49_HUMAN
Q9BYQ9,KRA48_HUMAN
Q9BYR2,KRA45_HUMAN
Q9BYR3,KRA44_HUMAN
Q9BYR4,KRA43_HUMAN
Q9BYR5,KRA42_HUMAN
Q9BYR9,KRA24_HUMAN
Q9BYS1,KRA15_HUMAN
Q9BYT3,STK33_HUMAN
Q9BYT5,KRA22_HUMAN
Q9BYT9,ANO3_HUMAN
Q9BYU1,PBX4_HUMAN
Q9BYU5,KRA21_HUMAN
Q9BYV1,AGT2_HUMAN
Q9BYV6,TRI55_HUMAN
Q9BYV7,BCDO2_HUMAN
Q9BYV8,CEP41_HUMAN
Q9BYV9,BACH2_HUMAN
Q9BYW2,SETD2_HUMAN
Q9BYW3,DB126_HUMAN
Q9BYX2,TBD2A_HUMAN
Q9BYX4,IFIH1_HUMAN
Q9BYZ6,RHBT2_HUMAN
Q9BZ11,ADA33_HUMAN
Q9BZ19,ANR60_HUMAN
Q9BZ23,PANK2_HUMAN
Q9BZ29,DOCK9_HUMAN
Q9BZ67,FRMD8_HUMAN
Q9BZ71,PITM3_HUMAN
Q9BZ72,PITM2_HUMAN
Q9BZ76,CNTP3_HUMAN
Q9BZ81,MAGB5_HUMAN
Q9BZ95,NSD3_HUMAN
Q9BZA7,PC11X_HUMAN
Q9BZA8,PC11Y_HUMAN
Q9BZC1,CELF4_HUMAN
Q9BZC7,ABCA2_HUMAN
Q9BZD2,S29A3_HUMAN
Q9BZD6,TMG4_HUMAN
Q9BZD7,TMG3_HUMAN
Q9BZE1,RM37_HUMAN
Q9BZE2,PUS3_HUMAN
Q9BZE3,BARH1_HUMAN
Q9BZE4,NOG1_HUMAN
Q9BZE7,EVG1_HUMAN
Q9BZE9,ASPC1_HUMAN
Q9BZF1,OSBL8_HUMAN
Q9BZF2,OSBL7_HUMAN
Q9BZF3,OSBL6_HUMAN
Q9BZF9,UACA_HUMAN
Q9BZG1,RAB34_HUMAN
Q9BZG8,DPH1_HUMAN
Q9BZI1,IRX2_HUMAN
Q9BZI7,REN3B_HUMAN
Q9BZJ0,CRNL1_HUMAN
Q9BZJ3,TRYD_HUMAN
Q9BZJ4,S2539_HUMAN
Q9BZJ6,GPR63_HUMAN
Q9BZJ7,GPR62_HUMAN
Q9BZJ8,GPR61_HUMAN
Q9BZK7,TBL1R_HUMAN
Q9BZL4,PP12C_HUMAN
Q9BZL6,KPCD2_HUMAN
Q9BZM3,GSX2_HUMAN
Q9BZM4,ULBP3_HUMAN
Q9BZM6,ULBP1_HUMAN
Q9BZP6,CHIA_HUMAN
Q9BZQ2,SHP1L_HUMAN
Q9BZQ6,EDEM3_HUMAN
Q9BZQ8,NIBA1_HUMAN
Q9BZR6,RTN4R_HUMAN
Q9BZR8,B2L14_HUMAN
Q9BZR9,TRIM8_HUMAN
Q9BZS1,FOXP3_HUMAN
Q9BZV1,UBXN6_HUMAN
Q9BZV2,S19A3_HUMAN
Q9BZV3,IMPG2_HUMAN
Q9BZW2,S13A1_HUMAN
Q9BZW7,TSG10_HUMAN
Q9BZZ5,API5_HUMAN
Q9C000,NLRP1_HUMAN
Q9C004,SPY4_HUMAN
Q9C005,DPY30_HUMAN
Q9C009,FOXQ1_HUMAN
Q9C010,IPKB_HUMAN
Q9C026,TRIM9_HUMAN
Q9C056,NKX62_HUMAN
Q9C073,F117A_HUMAN
Q9C075,K1C23_HUMAN
Q9C086,IN80B_HUMAN
Q9C091,GRB1L_HUMAN
Q9C093,SPEF2_HUMAN
Q9C098,DCLK3_HUMAN
Q9C099,LRCC1_HUMAN
Q9C0A0,CNTP4_HUMAN
Q9C0A1,ZFHX2_HUMAN
Q9C0A6,SETD5_HUMAN
Q9C0B0,UNK_HUMAN
Q9C0B1,FTO_HUMAN
Q9C0B2,CFA74_HUMAN
Q9C0B5,ZDHC5_HUMAN
Q9C0B7,TNG6_HUMAN
Q9C0B9,ZCHC2_HUMAN
Q9C0C2,TB182_HUMAN
Q9C0C4,SEM4C_HUMAN
Q9C0C6,CIPC_HUMAN
Q9C0C7,AMRA1_HUMAN
Q9C0C9,UBE2O_HUMAN
Q9C0D0,PHAR1_HUMAN
Q9C0D2,CE295_HUMAN
Q9C0D4,Z518B_HUMAN
Q9C0D5,TANC1_HUMAN
Q9C0D6,FHDC1_HUMAN
Q9C0D7,ZC12C_HUMAN
Q9C0E4,GRIP2_HUMAN
Q9C0E8,LNP_HUMAN
Q9C0F0,ASXL3_HUMAN
Q9C0F1,CEP44_HUMAN
Q9C0F3,ZN436_HUMAN
Q9C0G0,ZN407_HUMAN
Q9C0G6,DYH6_HUMAN
Q9C0H2,TTYH3_HUMAN
Q9C0H6,KLHL4_HUMAN
Q9C0H9,SRCN1_HUMAN
Q9C0I1,MTMRC_HUMAN
Q9C0I3,CCSE1_HUMAN
Q9C0I9,LRC27_HUMAN
Q9C0J1,B3GN4_HUMAN
Q9C0J8,WDR33_HUMAN
Q9C0J9,BHE41_HUMAN
Q9C0K0,BC11B_HUMAN
Q9C0K1,S39A8_HUMAN
Q9C0K7,STRAB_HUMAN
Q9GZM5,YIPF3_HUMAN
Q9GZM8,NDEL1_HUMAN
Q9GZN0,GPR88_HUMAN
Q9GZN2,TGIF2_HUMAN
Q9GZN4,BSSP4_HUMAN
Q9GZN6,S6A16_HUMAN
Q9GZP1,NRSN2_HUMAN
Q9GZP8,IMUP_HUMAN
Q9GZQ4,NMUR2_HUMAN
Q9GZQ6,NPFF1_HUMAN
Q9GZR1,SENP6_HUMAN
Q9GZR2,REXO4_HUMAN
Q9GZR5,ELOV4_HUMAN
Q9GZR7,DDX24_HUMAN
Q9GZS0,DNAI2_HUMAN
Q9GZS9,CHST5_HUMAN
Q9GZT5,WN10A_HUMAN
Q9GZT9,EGLN1_HUMAN
Q9GZU1,MCLN1_HUMAN
Q9GZU2,PEG3_HUMAN
Q9GZU3,TM39B_HUMAN
Q9GZU7,CTDS1_HUMAN
Q9GZU8,PIP30_HUMAN
Q9GZV1,ANKR2_HUMAN
Q9GZV3,SC5A7_HUMAN
Q9GZV5,WWTR1_HUMAN
Q9GZV8,PRD14_HUMAN
Q9GZV9,FGF23_HUMAN
Q9GZW8,MS4A7_HUMAN
Q9GZX3,CHST6_HUMAN
Q9GZX5,ZN350_HUMAN
Q9GZX6,IL22_HUMAN
Q9GZY0,NXF2_HUMAN
Q9GZY4,COA1_HUMAN
Q9GZY6,NTAL_HUMAN
Q9GZY8,MFF_HUMAN
Q9GZZ0,HXD1_HUMAN
Q9GZZ7,GFRA4_HUMAN
Q9H000,MKRN2_HUMAN
Q9H009,NACA2_HUMAN
Q9H013,ADA19_HUMAN
Q9H019,MFR1L_HUMAN
Q9H040,SPRTN_HUMAN
Q9H063,MAF1_HUMAN
Q9H074,PAIP1_HUMAN
Q9H078,CLPB_HUMAN
Q9H079,KTBL1_HUMAN
Q9H089,LSG1_HUMAN
Q9H091,ZMY15_HUMAN
Q9H093,NUAK2_HUMAN
Q9H094,NBPF3_HUMAN
Q9H095,DRC9_HUMAN
Q9H098,F107B_HUMAN
Q9H0A0,NAT10_HUMAN
Q9H0A6,RNF32_HUMAN
Q9H0A9,SPC1L_HUMAN
Q9H0B3,IQCN_HUMAN
Q9H0B6,KLC2_HUMAN
Q9H0B8,CRLD2_HUMAN
Q9H0C3,TM117_HUMAN
Q9H0C5,BTBD1_HUMAN
Q9H0C8,ILKAP_HUMAN
Q9H0D2,ZN541_HUMAN
Q9H0D6,XRN2_HUMAN
Q9H0E3,SP130_HUMAN
Q9H0E7,UBP44_HUMAN
Q9H0E9,BRD8_HUMAN
Q9H0F5,RNF38_HUMAN
Q9H0F6,SHRPN_HUMAN
Q9H0G5,NSRP1_HUMAN
Q9H0H0,INT2_HUMAN
Q9H0H5,RGAP1_HUMAN
Q9H0I2,ENKD1_HUMAN
Q9H0I3,CC113_HUMAN
Q9H0J4,QRIC2_HUMAN
Q9H0J9,PAR12_HUMAN
Q9H0K1,SIK2_HUMAN
Q9H0K4,RSH6A_HUMAN
Q9H0K6,PUS7L_HUMAN
Q9H0L4,CSTFT_HUMAN
Q9H0M0,WWP1_HUMAN
Q9H0M4,ZCPW1_HUMAN
Q9H0M5,ZN700_HUMAN
Q9H0N5,PHS2_HUMAN
Q9H0Q3,FXYD6_HUMAN
Q9H0R3,TM222_HUMAN
Q9H0S4,DDX47_HUMAN
Q9H0U3,MAGT1_HUMAN
Q9H0U9,TSYL1_HUMAN
Q9H0V9,LMA2L_HUMAN
Q9H0W5,CCDC8_HUMAN
Q9H0W7,THAP2_HUMAN
Q9H0W8,SMG9_HUMAN
Q9H0X4,F234A_HUMAN
Q9H0X6,RN208_HUMAN
Q9H0X9,OSBL5_HUMAN
Q9H116,GZF1_HUMAN
Q9H147,TDIF1_HUMAN
Q9H156,SLIK2_HUMAN
Q9H159,CAD19_HUMAN
Q9H160,ING2_HUMAN
Q9H161,ALX4_HUMAN
Q9H165,BC11A_HUMAN
Q9H171,ZBP1_HUMAN
Q9H172,ABCG4_HUMAN
Q9H173,SIL1_HUMAN
Q9H175,CSRN2_HUMAN
Q9H190,SDCB2_HUMAN
Q9H1A4,APC1_HUMAN
Q9H1B5,XYLT2_HUMAN
Q9H1B7,I2BPL_HUMAN
Q9H1C0,LPAR5_HUMAN
Q9H1C3,GL8D2_HUMAN
Q9H1C4,UN93B_HUMAN
Q9H1C7,CYTM1_HUMAN
Q9H1D0,TRPV6_HUMAN
Q9H1E3,NUCKS_HUMAN
Q9H1E5,TMX4_HUMAN
Q9H1F0,WF10A_HUMAN
Q9H1H1,GTSFL_HUMAN
Q9H1H9,KI13A_HUMAN
Q9H1I8,ASCC2_HUMAN
Q9H1J1,REN3A_HUMAN
Q9H1K0,RBNS5_HUMAN
Q9H1M0,N62CL_HUMAN
Q9H1M3,DB129_HUMAN
Q9H1P3,OSBL2_HUMAN
Q9H1Q7,PED1A_HUMAN
Q9H1R2,DUS15_HUMAN
Q9H1R3,MYLK2_HUMAN
Q9H1U4,MEGF9_HUMAN
Q9H1V8,S6A17_HUMAN
Q9H1X3,DJC25_HUMAN
Q9H1Y3,OPN3_HUMAN
Q9H1Z8,AUGN_HUMAN
Q9H201,EPN3_HUMAN
Q9H204,MED28_HUMAN
Q9H211,CDT1_HUMAN
Q9H221,ABCG8_HUMAN
Q9H222,ABCG5_HUMAN
Q9H228,S1PR5_HUMAN
Q9H246,CA021_HUMAN
Q9H251,CAD23_HUMAN
Q9H252,KCNH6_HUMAN
Q9H254,SPTN4_HUMAN
Q9H257,CARD9_HUMAN
Q9H293,IL25_HUMAN
Q9H2A3,NGN2_HUMAN
Q9H2A7,CXL16_HUMAN
Q9H2A9,CHST8_HUMAN
Q9H2B2,SYT4_HUMAN
Q9H2B4,S26A1_HUMAN
Q9H2C1,LHX5_HUMAN
Q9H2D6,TARA_HUMAN
Q9H2F5,EPC1_HUMAN
Q9H2F9,CCD68_HUMAN
Q9H2G2,SLK_HUMAN
Q9H2G4,TSYL2_HUMAN
Q9H2G9,GO45_HUMAN
Q9H2H9,S38A1_HUMAN
Q9H2I8,LRMDA_HUMAN
Q9H2J4,PDCL3_HUMAN
Q9H2J7,S6A15_HUMAN
Q9H2K0,IF3M_HUMAN
Q9H2K2,TNKS2_HUMAN
Q9H2K8,TAOK3_HUMAN
Q9H2L5,RASF4_HUMAN
Q9H2P0,ADNP_HUMAN
Q9H2S1,KCNN2_HUMAN
Q9H2S6,TNMD_HUMAN
Q9H2S9,IKZF4_HUMAN
Q9H2U1,DHX36_HUMAN
Q9H2U2,IPYR2_HUMAN
Q9H2U9,ADAM7_HUMAN
Q9H2V7,SPNS1_HUMAN
Q9H2W2,MIXL1_HUMAN
Q9H2W6,RM46_HUMAN
Q9H2X0,CHRD_HUMAN
Q9H2X3,CLC4M_HUMAN
Q9H2X6,HIPK2_HUMAN
Q9H2X8,I27L2_HUMAN
Q9H2X9,S12A5_HUMAN
Q9H2Y7,ZN106_HUMAN
Q9H2Y9,SO5A1_HUMAN
Q9H2Z4,NKX24_HUMAN
Q9H300,PARL_HUMAN
Q9H305,CDIP1_HUMAN
Q9H307,PININ_HUMAN
Q9H320,VCX1_HUMAN
Q9H321,VCX3B_HUMAN
Q9H322,VCX2_HUMAN
Q9H329,E41LB_HUMAN
Q9H330,TM245_HUMAN
Q9H334,FOXP1_HUMAN
Q9H336,CRLD1_HUMAN
Q9H347,UBQL3_HUMAN
Q9H361,PABP3_HUMAN
Q9H3C7,GGNB2_HUMAN
Q9H3D4,P63_HUMAN
Q9H3E2,SNX25_HUMAN
Q9H3F6,BACD3_HUMAN
Q9H3H1,MOD5_HUMAN
Q9H3H3,CK068_HUMAN
Q9H3H9,TCAL2_HUMAN
Q9H3J6,CL065_HUMAN
Q9H3K2,GHITM_HUMAN
Q9H3M0,KCNF1_HUMAN
Q9H3M9,ATX3L_HUMAN
Q9H3N1,TMX1_HUMAN
Q9H3N8,HRH4_HUMAN
Q9H3P2,NELFA_HUMAN
Q9H3P7,GCP60_HUMAN
Q9H3Q1,BORG4_HUMAN
Q9H3Q3,G3ST2_HUMAN
Q9H3R0,KDM4C_HUMAN
Q9H3R1,NDST4_HUMAN
Q9H3R2,MUC13_HUMAN
Q9H3R5,CENPH_HUMAN
Q9H3S1,SEM4A_HUMAN
Q9H3S3,TMPS5_HUMAN
Q9H3S7,PTN23_HUMAN
Q9H3T2,SEM6C_HUMAN
Q9H3T3,SEM6B_HUMAN
Q9H3Y8,PPDPF_HUMAN
Q9H3Z4,DNJC5_HUMAN
Q9H400,LIME1_HUMAN
Q9H410,DSN1_HUMAN
Q9H422,HIPK3_HUMAN
Q9H425,CA198_HUMAN
Q9H426,RIMS4_HUMAN
Q9H444,CHM4B_HUMAN
Q9H446,RWDD1_HUMAN
Q9H461,FZD8_HUMAN
Q9H467,CUED2_HUMAN
Q9H497,TOR3A_HUMAN
Q9H4A3,WNK1_HUMAN
Q9H4A5,GLP3L_HUMAN
Q9H4A6,GOLP3_HUMAN
Q9H4A9,DPEP2_HUMAN
Q9H4B4,PLK3_HUMAN
Q9H4B6,SAV1_HUMAN
Q9H4B8,DPEP3_HUMAN
Q9H4D0,CSTN2_HUMAN
Q9H4D5,NXF3_HUMAN
Q9H4E7,DEFI6_HUMAN
Q9H4F1,SIA7D_HUMAN
Q9H4F8,SMOC1_HUMAN
Q9H4G0,E41L1_HUMAN
Q9H4G1,CST9L_HUMAN
Q9H4H8,FA83D_HUMAN
Q9H4I0,RD21L_HUMAN
Q9H4I2,ZHX3_HUMAN
Q9H4I3,TRABD_HUMAN
Q9H4I9,EMRE_HUMAN
Q9H4L4,SENP3_HUMAN
Q9H4L5,OSBL3_HUMAN
Q9H4L7,SMRCD_HUMAN
Q9H4M7,PKHA4_HUMAN
Q9H4Q3,PRD13_HUMAN
Q9H4Q4,PRD12_HUMAN
Q9H4S2,GSX1_HUMAN
Q9H4T2,ZSC16_HUMAN
Q9H4W6,COE3_HUMAN
Q9H4X1,RGCC_HUMAN
Q9H4Z2,ZN335_HUMAN
Q9H4Z3,CAPAM_HUMAN
Q9H501,ESF1_HUMAN
Q9H511,KLH31_HUMAN
Q9H582,ZN644_HUMAN
Q9H583,HEAT1_HUMAN
Q9H598,VIAAT_HUMAN
Q9H5H4,ZN768_HUMAN
Q9H5I5,PIEZ2_HUMAN
Q9H5J0,ZBTB3_HUMAN
Q9H5J8,TAF1D_HUMAN
Q9H5K3,SG196_HUMAN
Q9H5L6,THAP9_HUMAN
Q9H5N1,RABE2_HUMAN
Q9H5P4,PDZD7_HUMAN
Q9H5U6,ZCHC4_HUMAN
Q9H5V7,IKZF5_HUMAN
Q9H5V8,CDCP1_HUMAN
Q9H5Y7,SLIK6_HUMAN
Q9H5Z6,F124B_HUMAN
Q9H607,OCEL1_HUMAN
Q9H609,ZN576_HUMAN
Q9H611,PIF1_HUMAN
Q9H633,RPP21_HUMAN
Q9H665,IGFR1_HUMAN
Q9H693,CP095_HUMAN
Q9H694,BICC1_HUMAN
Q9H6A0,DEN2D_HUMAN
Q9H6A9,PCX3_HUMAN
Q9H6B1,Z385D_HUMAN
Q9H6B4,CLMP_HUMAN
Q9H6D3,XKR8_HUMAN
Q9H6D8,FNDC4_HUMAN
Q9H6E4,CC134_HUMAN
Q9H6E5,STPAP_HUMAN
Q9H6F2,TM38A_HUMAN
Q9H6F5,CCD86_HUMAN
Q9H6H4,REEP4_HUMAN
Q9H6I2,SOX17_HUMAN
Q9H6J7,CK049_HUMAN
Q9H6K1,ILRUN_HUMAN
Q9H6K5,PRR36_HUMAN
Q9H6L5,RETR1_HUMAN
Q9H6P5,TASP1_HUMAN
Q9H6Q3,SLAP2_HUMAN
Q9H6R0,DHX33_HUMAN
Q9H6R3,ACSS3_HUMAN
Q9H6R4,NOL6_HUMAN
Q9H6R7,WDCP_HUMAN
Q9H6S0,YTDC2_HUMAN
Q9H6S1,AZI2_HUMAN
Q9H6S3,ES8L2_HUMAN
Q9H6T3,RPAP3_HUMAN
Q9H6U6,BCAS3_HUMAN
Q9H6U8,ALG9_HUMAN
Q9H6W3,RIOX1_HUMAN
Q9H6X2,ANTR1_HUMAN
Q9H6X4,TM134_HUMAN
Q9H6X5,CS044_HUMAN
Q9H6Y2,WDR55_HUMAN
Q9H6Y5,MAGIX_HUMAN
Q9H6Z4,RANB3_HUMAN
Q9H706,GARE1_HUMAN
Q9H707,ZN552_HUMAN
Q9H714,PACER_HUMAN
Q9H720,PG2IP_HUMAN
Q9H756,LRC19_HUMAN
Q9H772,GREM2_HUMAN
Q9H773,DCTP1_HUMAN
Q9H788,SH24A_HUMAN
Q9H790,EXO5_HUMAN
Q9H792,PEAK1_HUMAN
Q9H799,CPLN1_HUMAN
Q9H7B2,RPF2_HUMAN
Q9H7C4,SYNCI_HUMAN
Q9H7D0,DOCK5_HUMAN
Q9H7D7,WDR26_HUMAN
Q9H7E2,TDRD3_HUMAN
Q9H7E9,CH033_HUMAN
Q9H7J1,PPR3E_HUMAN
Q9H7L9,SDS3_HUMAN
Q9H7N4,SFR19_HUMAN
Q9H7P6,MB12B_HUMAN
Q9H7P9,PKHG2_HUMAN
Q9H7R0,ZN442_HUMAN
Q9H7R5,ZN665_HUMAN
Q9H7S9,ZN703_HUMAN
Q9H7T9,AUNIP_HUMAN
Q9H7U1,CCSE2_HUMAN
Q9H7V2,SYNG1_HUMAN
Q9H7X2,CA115_HUMAN
Q9H7X3,ZN696_HUMAN
Q9H7Y0,DIK2B_HUMAN
Q9H7Z3,NRDE2_HUMAN
Q9H7Z6,KAT8_HUMAN
Q9H7Z7,PGES2_HUMAN
Q9H808,TLE6_HUMAN
Q9H813,PACC1_HUMAN
Q9H814,PHAX_HUMAN
Q9H816,DCR1B_HUMAN
Q9H819,DJC18_HUMAN
Q9H825,METL8_HUMAN
Q9H832,UBE2Z_HUMAN
Q9H841,NPAL2_HUMAN
Q9H845,ACAD9_HUMAN
Q9H857,NT5D2_HUMAN
Q9H869,YYAP1_HUMAN
Q9H875,PKRI1_HUMAN
Q9H892,TTC12_HUMAN
Q9H898,ZMAT4_HUMAN
Q9H8E8,CSR2B_HUMAN
Q9H8G2,CAAP1_HUMAN
Q9H8J5,MANS1_HUMAN
Q9H8K7,CJ088_HUMAN
Q9H8L6,MMRN2_HUMAN
Q9H8M2,BRD9_HUMAN
Q9H8M5,CNNM2_HUMAN
Q9H8M9,EVA1A_HUMAN
Q9H8N7,ZN395_HUMAN
Q9H8S5,CNTD2_HUMAN
Q9H8T0,AKTIP_HUMAN
Q9H8U3,ZFAN3_HUMAN
Q9H8V3,ECT2_HUMAN
Q9H8W3,F204A_HUMAN
Q9H8W4,PKHF2_HUMAN
Q9H8X9,ZDH11_HUMAN
Q9H8Y1,VRTN_HUMAN
Q9H8Y5,ANKZ1_HUMAN
Q9H8Y8,GORS2_HUMAN
Q9H902,REEP1_HUMAN
Q9H903,MTD2L_HUMAN
Q9H910,JUPI2_HUMAN
Q9H930,SP14L_HUMAN
Q9H939,PPIP2_HUMAN
Q9H967,WDR76_HUMAN
Q9H972,CN093_HUMAN
Q9H981,ARP8_HUMAN
Q9H987,SYP2L_HUMAN
Q9H992,MARH7_HUMAN
Q9H9A5,CNO10_HUMAN
Q9H9A7,RMI1_HUMAN
Q9H9B1,EHMT1_HUMAN
Q9H9C1,SPE39_HUMAN
Q9H9D4,ZN408_HUMAN
Q9H9F9,ARP5_HUMAN
Q9H9H4,VP37B_HUMAN
Q9H9H5,MA6D1_HUMAN
Q9H9J2,RM44_HUMAN
Q9H9L3,I20L2_HUMAN
Q9H9L4,KANL2_HUMAN
Q9H9L7,AKIR1_HUMAN
Q9H9P8,L2HDH_HUMAN
Q9H9Q2,CSN7B_HUMAN
Q9H9Q4,NHEJ1_HUMAN
Q9H9R9,DBND1_HUMAN
Q9H9S0,NANOG_HUMAN
Q9H9Y2,RPF1_HUMAN
Q9H9Z2,LN28A_HUMAN
Q9HA38,ZMAT3_HUMAN
Q9HA47,UCK1_HUMAN
Q9HA82,CERS4_HUMAN
Q9HA90,EFCC1_HUMAN
Q9HA92,RSAD1_HUMAN
Q9HAB3,S52A2_HUMAN
Q9HAC8,UBTD1_HUMAN
Q9HAF1,EAF6_HUMAN
Q9HAH1,ZN556_HUMAN
Q9HAH7,FBRS_HUMAN
Q9HAI6,CX021_HUMAN
Q9HAJ7,SP30L_HUMAN
Q9HAK2,COE2_HUMAN
Q9HAN9,NMNA1_HUMAN
Q9HAP2,MLXIP_HUMAN
Q9HAQ2,KIF9_HUMAN
Q9HAS0,NJMU_HUMAN
Q9HAS3,S28A3_HUMAN
Q9HAT1,LMA1L_HUMAN
Q9HAU0,PKHA5_HUMAN
Q9HAU4,SMUF2_HUMAN
Q9HAU5,RENT2_HUMAN
Q9HAU8,RNPL1_HUMAN
Q9HAV5,TNR27_HUMAN
Q9HAV7,GRPE1_HUMAN
Q9HAW0,BRF2_HUMAN
Q9HAW4,CLSPN_HUMAN
Q9HAY2,MAGF1_HUMAN
Q9HAZ1,CLK4_HUMAN
Q9HAZ2,PRD16_HUMAN
Q9HB07,MYG1_HUMAN
Q9HB09,B2L12_HUMAN
Q9HB14,KCNKD_HUMAN
Q9HB15,KCNKC_HUMAN
Q9HB20,PKHA3_HUMAN
Q9HB21,PKHA1_HUMAN
Q9HB29,ILRL2_HUMAN
Q9HB58,SP110_HUMAN
Q9HB65,ELL3_HUMAN
Q9HB89,NMUR1_HUMAN
Q9HB90,RRAGC_HUMAN
Q9HB96,FANCE_HUMAN
Q9HBA0,TRPV4_HUMAN
Q9HBB8,CDHR5_HUMAN
Q9HBD1,RC3H2_HUMAN
Q9HBE1,PATZ1_HUMAN
Q9HBG4,VPP4_HUMAN
Q9HBG7,LY9_HUMAN
Q9HBH1,DEFM_HUMAN
Q9HBH7,BEX1_HUMAN
Q9HBH9,MKNK2_HUMAN
Q9HBI1,PARVB_HUMAN
Q9HBJ0,PLAC1_HUMAN
Q9HBJ7,UBP29_HUMAN
Q9HBJ8,CLTRN_HUMAN
Q9HBL0,TENS1_HUMAN
Q9HBL6,LRTM1_HUMAN
Q9HBM0,VEZA_HUMAN
Q9HBM6,TAF9B_HUMAN
Q9HBR0,S38AA_HUMAN
Q9HBT8,Z286A_HUMAN
Q9HBU1,BARX1_HUMAN
Q9HBU6,EKI1_HUMAN
Q9HBU9,POPD2_HUMAN
Q9HBV2,SACA1_HUMAN
Q9HBW0,LPAR2_HUMAN
Q9HBW1,LRRC4_HUMAN
Q9HBX8,LGR6_HUMAN
Q9HBZ2,ARNT2_HUMAN
Q9HC07,TM165_HUMAN
Q9HC10,OTOF_HUMAN
Q9HC35,EMAL4_HUMAN
Q9HC36,MRM3_HUMAN
Q9HC44,GPBL1_HUMAN
Q9HC52,CBX8_HUMAN
Q9HC56,PCDH9_HUMAN
Q9HC58,NCKX3_HUMAN
Q9HC62,SENP2_HUMAN
Q9HC73,CRLF2_HUMAN
Q9HC77,CENPJ_HUMAN
Q9HC78,ZBT20_HUMAN
Q9HC84,MUC5B_HUMAN
Q9HC98,NEK6_HUMAN
Q9HCB6,SPON1_HUMAN
Q9HCC6,HES4_HUMAN
Q9HCC9,LST2_HUMAN
Q9HCD5,NCOA5_HUMAN
Q9HCD6,TANC2_HUMAN
Q9HCE0,EPG5_HUMAN
Q9HCE3,ZN532_HUMAN
Q9HCE5,MET14_HUMAN
Q9HCE6,ARGAL_HUMAN
Q9HCE7,SMUF1_HUMAN
Q9HCE9,ANO8_HUMAN
Q9HCG1,ZN160_HUMAN
Q9HCG7,GBA2_HUMAN
Q9HCG8,CWC22_HUMAN
Q9HCH5,SYTL2_HUMAN
Q9HCI5,MAGE1_HUMAN
Q9HCI6,K1586_HUMAN
Q9HCI7,MSL2_HUMAN
Q9HCJ0,TNR6C_HUMAN
Q9HCJ1,ANKH_HUMAN
Q9HCJ2,LRC4C_HUMAN
Q9HCJ3,RAVR2_HUMAN
Q9HCJ5,ZSWM6_HUMAN
Q9HCJ6,VAT1L_HUMAN
Q9HCK0,ZBT26_HUMAN
Q9HCK1,ZDBF2_HUMAN
Q9HCK4,ROBO2_HUMAN
Q9HCK8,CHD8_HUMAN
Q9HCL0,PCD18_HUMAN
Q9HCL3,ZFP14_HUMAN
Q9HCM1,RESF1_HUMAN
Q9HCM2,PLXA4_HUMAN
Q9HCM3,K1549_HUMAN
Q9HCM4,E41L5_HUMAN
Q9HCM7,FBSL_HUMAN
Q9HCN3,TMM8A_HUMAN
Q9HCN4,GPN1_HUMAN
Q9HCN6,GPVI_HUMAN
Q9HCP0,KC1G1_HUMAN
Q9HCR9,PDE11_HUMAN
Q9HCS4,TF7L1_HUMAN
Q9HCS5,E41LA_HUMAN
Q9HCS7,SYF1_HUMAN
Q9HCT0,FGF22_HUMAN
Q9HCU0,CD248_HUMAN
Q9HCU4,CELR2_HUMAN
Q9HCU8,DPOD4_HUMAN
Q9HCU9,BRMS1_HUMAN
Q9HCX3,ZN304_HUMAN
Q9HCX4,TRPC7_HUMAN
Q9HCZ1,ZN334_HUMAN
Q9HD20,AT131_HUMAN
Q9HD23,MRS2_HUMAN
Q9HD26,GOPC_HUMAN
Q9HD33,RM47_HUMAN
Q9HD40,SPCS_HUMAN
Q9HD67,MYO10_HUMAN
Q9HD90,NDF4_HUMAN
Q9HDC5,JPH1_HUMAN
Q9HDC9,APMAP_HUMAN
Q9NNX1,TUFT1_HUMAN
Q9NNX6,CD209_HUMAN
Q9NNX9,VCX3_HUMAN
Q9NNZ3,DNJC4_HUMAN
Q9NP08,HMX1_HUMAN
Q9NP31,SH22A_HUMAN
Q9NP50,SHCAF_HUMAN
Q9NP56,PDE7B_HUMAN
Q9NP59,S40A1_HUMAN
Q9NP61,ARFG3_HUMAN
Q9NP62,GCM1_HUMAN
Q9NP64,NO40_HUMAN
Q9NP66,HM20A_HUMAN
Q9NP70,AMBN_HUMAN
Q9NP71,MLXPL_HUMAN
Q9NP74,PALMD_HUMAN
Q9NP79,VTA1_HUMAN
Q9NP80,PLPL8_HUMAN
Q9NP84,TNR12_HUMAN
Q9NP85,PODO_HUMAN
Q9NP95,FGF20_HUMAN
Q9NP98,MYOZ1_HUMAN
Q9NP99,TREM1_HUMAN
Q9NPA0,EMC7_HUMAN
Q9NPA1,KCMB3_HUMAN
Q9NPA3,M1IP1_HUMAN
Q9NPB0,SMDC1_HUMAN
Q9NPB1,NT5M_HUMAN
Q9NPB3,CABP2_HUMAN
Q9NPB6,PAR6A_HUMAN
Q9NPB8,GPCP1_HUMAN
Q9NPC1,LT4R2_HUMAN
Q9NPC2,KCNK9_HUMAN
Q9NPC3,CIP1_HUMAN
Q9NPC6,MYOZ2_HUMAN
Q9NPC7,MYNN_HUMAN
Q9NPC8,SIX2_HUMAN
Q9NPD5,SO1B3_HUMAN
Q9NPD8,UBE2T_HUMAN
Q9NPE2,NGRN_HUMAN
Q9NPE6,SPAG4_HUMAN
Q9NPF2,CHSTB_HUMAN
Q9NPF5,DMAP1_HUMAN
Q9NPG1,FZD3_HUMAN
Q9NPG3,UBN1_HUMAN
Q9NPG4,PCD12_HUMAN
Q9NPH2,INO1_HUMAN
Q9NPI1,BRD7_HUMAN
Q9NPI5,NRK2_HUMAN
Q9NPI6,DCP1A_HUMAN
Q9NPI7,KRCC1_HUMAN
Q9NPI9,KCJ16_HUMAN
Q9NPJ4,PNRC2_HUMAN
Q9NPJ6,MED4_HUMAN
Q9NPL8,TIDC1_HUMAN
Q9NPQ8,RIC8A_HUMAN
Q9NPR2,SEM4B_HUMAN
Q9NPR9,GP108_HUMAN
Q9NPU4,CN132_HUMAN
Q9NPY3,C1QR1_HUMAN
Q9NPZ5,B3GA2_HUMAN
Q9NQ03,SCRT2_HUMAN
Q9NQ11,AT132_HUMAN
Q9NQ25,SLAF7_HUMAN
Q9NQ29,LUC7L_HUMAN
Q9NQ31,AKIP1_HUMAN
Q9NQ32,CK016_HUMAN
Q9NQ34,TMM9B_HUMAN
Q9NQ35,NRIP3_HUMAN
Q9NQ38,ISK5_HUMAN
Q9NQ40,S52A3_HUMAN
Q9NQ48,LZTL1_HUMAN
Q9NQ55,SSF1_HUMAN
Q9NQ60,EQTN_HUMAN
Q9NQ66,PLCB1_HUMAN
Q9NQ69,LHX9_HUMAN
Q9NQ75,CASS4_HUMAN
Q9NQ76,MEPE_HUMAN
Q9NQ84,GPC5C_HUMAN
Q9NQ86,TRI36_HUMAN
Q9NQ87,HEYL_HUMAN
Q9NQ90,ANO2_HUMAN
Q9NQ92,COPRS_HUMAN
Q9NQB0,TF7L2_HUMAN
Q9NQC1,JADE2_HUMAN
Q9NQC3,RTN4_HUMAN
Q9NQC7,CYLD_HUMAN
Q9NQC8,IFT46_HUMAN
Q9NQE7,TSSP_HUMAN
Q9NQE9,HINT3_HUMAN
Q9NQG1,MANBL_HUMAN
Q9NQG5,RPR1B_HUMAN
Q9NQG6,MID51_HUMAN
Q9NQG7,HPS4_HUMAN
Q9NQH7,XPP3_HUMAN
Q9NQI0,DDX4_HUMAN
Q9NQL9,DMRT3_HUMAN
Q9NQM4,PIHD3_HUMAN
Q9NQQ7,S35C2_HUMAN
Q9NQR7,CC177_HUMAN
Q9NQS1,AVEN_HUMAN
Q9NQS3,NECT3_HUMAN
Q9NQS5,GPR84_HUMAN
Q9NQS7,INCE_HUMAN
Q9NQT8,KI13B_HUMAN
Q9NQU5,PAK6_HUMAN
Q9NQV5,PRD11_HUMAN
Q9NQV7,PRDM9_HUMAN
Q9NQV8,PRDM8_HUMAN
Q9NQW1,SC31B_HUMAN
Q9NQW5,PRDM7_HUMAN
Q9NQW6,ANLN_HUMAN
Q9NQW8,CNGB3_HUMAN
Q9NQX0,PRDM6_HUMAN
Q9NQX1,PRDM5_HUMAN
Q9NQX3,GEPH_HUMAN
Q9NQX4,MYO5C_HUMAN
Q9NQX5,NPDC1_HUMAN
Q9NQX6,ZN331_HUMAN
Q9NQX7,ITM2C_HUMAN
Q9NQZ2,SAS10_HUMAN
Q9NQZ5,STAR7_HUMAN
Q9NQZ6,ZC4H2_HUMAN
Q9NQZ7,ENTP7_HUMAN
Q9NQZ8,ZNF71_HUMAN
Q9NR00,TCIM_HUMAN
Q9NR12,PDLI7_HUMAN
Q9NR20,DYRK4_HUMAN
Q9NR22,ANM8_HUMAN
Q9NR30,DDX21_HUMAN
Q9NR33,DPOE4_HUMAN
Q9NR34,MA1C1_HUMAN
Q9NR46,SHLB2_HUMAN
Q9NR48,ASH1L_HUMAN
Q9NR55,BATF3_HUMAN
Q9NR56,MBNL1_HUMAN
Q9NR61,DLL4_HUMAN
Q9NR63,CP26B_HUMAN
Q9NR64,KLHL1_HUMAN
Q9NR71,ASAH2_HUMAN
Q9NR80,ARHG4_HUMAN
Q9NR81,ARHG3_HUMAN
Q9NR82,KCNQ5_HUMAN
Q9NR83,S2A4R_HUMAN
Q9NR99,MXRA5_HUMAN
Q9NRA0,SPHK2_HUMAN
Q9NRA2,S17A5_HUMAN
Q9NRA8,4ET_HUMAN
Q9NRB3,CHSTC_HUMAN
Q9NRC6,SPTN5_HUMAN
Q9NRC8,SIR7_HUMAN
Q9NRD0,FBX8_HUMAN
Q9NRD1,FBX6_HUMAN
Q9NRD5,PICK1_HUMAN
Q9NRE2,TSH2_HUMAN
Q9NRF2,SH2B1_HUMAN
Q9NRF9,DPOE3_HUMAN
Q9NRG9,AAAS_HUMAN
Q9NRH1,YAE1_HUMAN
Q9NRH2,SNRK_HUMAN
Q9NRI5,DISC1_HUMAN
Q9NRJ3,CCL28_HUMAN
Q9NRJ4,TULP4_HUMAN
Q9NRK6,ABCBA_HUMAN
Q9NRL2,BAZ1A_HUMAN
Q9NRL3,STRN4_HUMAN
Q9NRM0,GTR9_HUMAN
Q9NRM1,ENAM_HUMAN
Q9NRM2,ZN277_HUMAN
Q9NRM7,LATS2_HUMAN
Q9NRN5,OLFL3_HUMAN
Q9NRP7,STK36_HUMAN
Q9NRQ2,PLS4_HUMAN
Q9NRR4,RNC_HUMAN
Q9NRR5,UBQL4_HUMAN
Q9NRR6,INP5E_HUMAN
Q9NRR8,C42S1_HUMAN
Q9NRS4,TMPS4_HUMAN
Q9NRS6,SNX15_HUMAN
Q9NRW1,RAB6B_HUMAN
Q9NRX1,PNO1_HUMAN
Q9NRX5,SERC1_HUMAN
Q9NRY2,SOSSC_HUMAN
Q9NRY4,RHG35_HUMAN
Q9NRY5,F1142_HUMAN
Q9NRY6,PLS3_HUMAN
Q9NRZ5,PLCD_HUMAN
Q9NRZ7,PLCC_HUMAN
Q9NRZ9,HELLS_HUMAN
Q9NS00,C1GLT_HUMAN
Q9NS15,LTBP3_HUMAN
Q9NS18,GLRX2_HUMAN
Q9NS23,RASF1_HUMAN
Q9NS37,ZHANG_HUMAN
Q9NS39,RED2_HUMAN
Q9NS40,KCNH7_HUMAN
Q9NS56,TOPRS_HUMAN
Q9NS61,KCIP2_HUMAN
Q9NS62,THSD1_HUMAN
Q9NS66,GP173_HUMAN
Q9NS68,TNR19_HUMAN
Q9NS69,TOM22_HUMAN
Q9NS73,MBIP1_HUMAN
Q9NS82,AAA1_HUMAN
Q9NS84,CHST7_HUMAN
Q9NS86,LANC2_HUMAN
Q9NS87,KIF15_HUMAN
Q9NS91,RAD18_HUMAN
Q9NS93,TM7S3_HUMAN
Q9NS98,SEM3G_HUMAN
Q9NSA1,FGF21_HUMAN
Q9NSA2,KCND1_HUMAN
Q9NSA3,CNBP1_HUMAN
Q9NSB2,KRT84_HUMAN
Q9NSB8,HOME2_HUMAN
Q9NSC2,SALL1_HUMAN
Q9NSC5,HOME3_HUMAN
Q9NSC7,SIA7A_HUMAN
Q9NSD4,ZN275_HUMAN
Q9NSD5,S6A13_HUMAN
Q9NSD7,RL3R1_HUMAN
Q9NSE2,CISH_HUMAN
Q9NSE4,SYIM_HUMAN
Q9NSI2,F207A_HUMAN
Q9NSI5,IGSF5_HUMAN
Q9NSI6,BRWD1_HUMAN
Q9NSI8,SAMN1_HUMAN
Q9NSN8,SNTG1_HUMAN
Q9NST1,PLPL3_HUMAN
Q9NSV4,DIAP3_HUMAN
Q9NSY0,NRBP2_HUMAN
Q9NSY1,BMP2K_HUMAN
Q9NT22,EMIL3_HUMAN
Q9NT62,ATG3_HUMAN
Q9NT68,TEN2_HUMAN
Q9NT99,LRC4B_HUMAN
Q9NTG1,PKDRE_HUMAN
Q9NTG7,SIR3_HUMAN
Q9NTI2,AT8A2_HUMAN
Q9NTI5,PDS5B_HUMAN
Q9NTI7,INKA2_HUMAN
Q9NTJ3,SMC4_HUMAN
Q9NTK1,DEPP1_HUMAN
Q9NTN3,S35D1_HUMAN
Q9NTN9,SEM4G_HUMAN
Q9NTQ9,CXB4_HUMAN
Q9NTU4,CTSRZ_HUMAN
Q9NTW7,ZF64B_HUMAN
Q9NTX7,RN146_HUMAN
Q9NTX9,F217B_HUMAN
Q9NTZ6,RBM12_HUMAN
Q9NU19,TB22B_HUMAN
Q9NU22,MDN1_HUMAN
Q9NU39,FX4L1_HUMAN
Q9NUA8,ZBT40_HUMAN
Q9NUB1,ACS2L_HUMAN
Q9NUB4,CT141_HUMAN
Q9NUC0,SRTD4_HUMAN
Q9NUD5,ZCHC3_HUMAN
Q9NUD7,CT096_HUMAN
Q9NUE0,ZDH18_HUMAN
Q9NUG4,CCM2L_HUMAN
Q9NUJ3,T11L1_HUMAN
Q9NUL3,STAU2_HUMAN
Q9NUL5,SHFL_HUMAN
Q9NUM3,S39A9_HUMAN
Q9NUM4,T106B_HUMAN
Q9NUP1,BL1S4_HUMAN
Q9NUP7,TRM13_HUMAN
Q9NUQ3,TXLNG_HUMAN
Q9NUQ6,SPS2L_HUMAN
Q9NUQ8,ABCF3_HUMAN
Q9NUR3,TM74B_HUMAN
Q9NUU7,DD19A_HUMAN
Q9NUV7,SPTC3_HUMAN
Q9NUW8,TYDP1_HUMAN
Q9NUX5,POTE1_HUMAN
Q9NUY8,TBC23_HUMAN
Q9NV06,DCA13_HUMAN
Q9NV56,MRGBP_HUMAN
Q9NV58,RN19A_HUMAN
Q9NV64,TM39A_HUMAN
Q9NV66,TYW1_HUMAN
Q9NV70,EXOC1_HUMAN
Q9NV72,ZN701_HUMAN
Q9NV79,PCMD2_HUMAN
Q9NV92,NFIP2_HUMAN
Q9NV96,CC50A_HUMAN
Q9NVA1,UQCC1_HUMAN
Q9NVA2,SEP11_HUMAN
Q9NVA4,T184C_HUMAN
Q9NVC3,S38A7_HUMAN
Q9NVC6,MED17_HUMAN
Q9NVD7,PARVA_HUMAN
Q9NVE4,CCD87_HUMAN
Q9NVE5,UBP40_HUMAN
Q9NVF7,FBX28_HUMAN
Q9NVF9,EKI2_HUMAN
Q9NVH0,EXD2_HUMAN
Q9NVH6,TMLH_HUMAN
Q9NVI7,ATD3A_HUMAN
Q9NVL8,CC198_HUMAN
Q9NVM1,EVA1B_HUMAN
Q9NVM6,DJC17_HUMAN
Q9NVM9,INT13_HUMAN
Q9NVN3,RIC8B_HUMAN
Q9NVN8,GNL3L_HUMAN
Q9NVP1,DDX18_HUMAN
Q9NVP2,ASF1B_HUMAN
Q9NVP4,DZAN1_HUMAN
Q9NVR0,KLH11_HUMAN
Q9NVR2,INT10_HUMAN
Q9NVR5,KTU_HUMAN
Q9NVU0,RPC5_HUMAN
Q9NVU7,SDA1_HUMAN
Q9NVV0,TM38B_HUMAN
Q9NVV4,PAPD1_HUMAN
Q9NVV9,THAP1_HUMAN
Q9NVW2,RNF12_HUMAN
Q9NVZ3,NECP2_HUMAN
Q9NW07,ZN358_HUMAN
Q9NW13,RBM28_HUMAN
Q9NW64,RBM22_HUMAN
Q9NW68,BSDC1_HUMAN
Q9NW75,GPTC2_HUMAN
Q9NW82,WDR70_HUMAN
Q9NW97,TMM51_HUMAN
Q9NWA0,MED9_HUMAN
Q9NWB1,RFOX1_HUMAN
Q9NWB6,ARGL1_HUMAN
Q9NWB7,IFT57_HUMAN
Q9NWD8,TM248_HUMAN
Q9NWD9,BEX4_HUMAN
Q9NWF4,S52A1_HUMAN
Q9NWF9,RN216_HUMAN
Q9NWH7,SPAT6_HUMAN
Q9NWH9,SLTM_HUMAN
Q9NWK9,BCD1_HUMAN
Q9NWL6,ASND1_HUMAN
Q9NWM3,CUED1_HUMAN
Q9NWN3,FBX34_HUMAN
Q9NWQ4,GPT2L_HUMAN
Q9NWQ8,PHAG1_HUMAN
Q9NWS0,PIHD1_HUMAN
Q9NWS1,PARI_HUMAN
Q9NWS8,RMND1_HUMAN
Q9NWS9,ZN446_HUMAN
Q9NWT1,PK1IP_HUMAN
Q9NWT8,AKIP_HUMAN
Q9NWU1,OXSM_HUMAN
Q9NWV8,BABA1_HUMAN
Q9NWW0,HPIP_HUMAN
Q9NWW5,CLN6_HUMAN
Q9NWW7,CB042_HUMAN
Q9NWY4,HPF1_HUMAN
Q9NWZ3,IRAK4_HUMAN
Q9NWZ5,UCKL1_HUMAN
Q9NWZ8,GEMI8_HUMAN
Q9NX00,TM160_HUMAN
Q9NX09,DDIT4_HUMAN
Q9NX14,NDUBB_HUMAN
Q9NX18,SDHF2_HUMAN
Q9NX31,OSER1_HUMAN
Q9NX40,OCAD1_HUMAN
Q9NX45,SOLH2_HUMAN
Q9NX52,RHBL2_HUMAN
Q9NX63,MIC19_HUMAN
Q9NX65,ZSC32_HUMAN
Q9NX70,MED29_HUMAN
Q9NX74,DUS2L_HUMAN
Q9NX94,WBP1L_HUMAN
Q9NX95,SYBU_HUMAN
Q9NXB9,ELOV2_HUMAN
Q9NXD2,MTMRA_HUMAN
Q9NXE8,CWC25_HUMAN
Q9NXF8,ZDHC7_HUMAN
Q9NXG2,THUM1_HUMAN
Q9NXG6,P4HTM_HUMAN
Q9NXH3,PP14D_HUMAN
Q9NXH8,TOR4A_HUMAN
Q9NXH9,TRM1_HUMAN
Q9NXI6,RN186_HUMAN
Q9NXJ0,M4A12_HUMAN
Q9NXL2,ARH38_HUMAN
Q9NXL6,SIDT1_HUMAN
Q9NXL9,MCM9_HUMAN
Q9NXN4,GDAP2_HUMAN
Q9NXR1,NDE1_HUMAN
Q9NXR5,ANR10_HUMAN
Q9NXR8,ING3_HUMAN
Q9NXS2,QPCTL_HUMAN
Q9NXT0,ZN586_HUMAN
Q9NXV2,KCTD5_HUMAN
Q9NXV6,CARF_HUMAN
Q9NXW2,DJB12_HUMAN
Q9NXX6,NSE4A_HUMAN
Q9NXZ1,SAGE1_HUMAN
Q9NXZ2,DDX43_HUMAN
Q9NY12,GAR1_HUMAN
Q9NY25,CLC5A_HUMAN
Q9NY26,S39A1_HUMAN
Q9NY28,GALT8_HUMAN
Q9NY30,BTG4_HUMAN
Q9NY37,ASIC5_HUMAN
Q9NY43,BARH2_HUMAN
Q9NY47,CA2D2_HUMAN
Q9NY57,ST32B_HUMAN
Q9NY59,NSMA2_HUMAN
Q9NY61,AATF_HUMAN
Q9NY72,SCN3B_HUMAN
Q9NY74,ETAA1_HUMAN
Q9NY93,DDX56_HUMAN
Q9NY97,B3GN2_HUMAN
Q9NY99,SNTG2_HUMAN
Q9NYA3,GOG6A_HUMAN
Q9NYA4,MTMR4_HUMAN
Q9NYB0,TE2IP_HUMAN
Q9NYB5,SO1C1_HUMAN
Q9NYD6,HXC10_HUMAN
Q9NYF0,DACT1_HUMAN
Q9NYF3,FA53C_HUMAN
Q9NYF5,FA13B_HUMAN
Q9NYF8,BCLF1_HUMAN
Q9NYG8,KCNK4_HUMAN
Q9NYI0,PSD3_HUMAN
Q9NYJ7,DLL3_HUMAN
Q9NYJ8,TAB2_HUMAN
Q9NYK6,EURL_HUMAN
Q9NYL2,M3K20_HUMAN
Q9NYL4,FKB11_HUMAN
Q9NYL9,TMOD3_HUMAN
Q9NYM4,GPR83_HUMAN
Q9NYN1,RASLC_HUMAN
Q9NYP3,DONS_HUMAN
Q9NYP7,ELOV5_HUMAN
Q9NYP9,MS18A_HUMAN
Q9NYQ6,CELR1_HUMAN
Q9NYQ7,CELR3_HUMAN
Q9NYT0,PLEK2_HUMAN
Q9NYT6,ZN226_HUMAN
Q9NYU2,UGGG1_HUMAN
Q9NYV4,CDK12_HUMAN
Q9NYV6,RRN3_HUMAN
Q9NYW8,RBAK_HUMAN
Q9NYX4,CALY_HUMAN
Q9NYY3,PLK2_HUMAN
Q9NYY8,FAKD2_HUMAN
Q9NYZ2,MFRN1_HUMAN
Q9NYZ4,SIGL8_HUMAN
Q9NZ08,ERAP1_HUMAN
Q9NZ09,UBAP1_HUMAN
Q9NZ20,PA2G3_HUMAN
Q9NZ43,USE1_HUMAN
Q9NZ52,GGA3_HUMAN
Q9NZ53,PDXL2_HUMAN
Q9NZ56,FMN2_HUMAN
Q9NZ63,TLS1_HUMAN
Q9NZ71,RTEL1_HUMAN
Q9NZ81,PRR13_HUMAN
Q9NZ94,NLGN3_HUMAN
Q9NZA1,CLIC5_HUMAN
Q9NZB2,F120A_HUMAN
Q9NZB8,MOCS1_HUMAN
Q9NZC2,TREM2_HUMAN
Q9NZC4,EHF_HUMAN
Q9NZC9,SMAL1_HUMAN
Q9NZD1,GPC5D_HUMAN
Q9NZE8,RM35_HUMAN
Q9NZH0,GPC5B_HUMAN
Q9NZH6,IL37_HUMAN
Q9NZI5,GRHL1_HUMAN
Q9NZI6,TF2L1_HUMAN
Q9NZI7,UBIP1_HUMAN
Q9NZI8,IF2B1_HUMAN
Q9NZJ0,DTL_HUMAN
Q9NZJ4,SACS_HUMAN
Q9NZJ5,E2AK3_HUMAN
Q9NZJ6,COQ3_HUMAN
Q9NZJ7,MTCH1_HUMAN
Q9NZJ9,NUDT4_HUMAN
Q9NZL3,ZN224_HUMAN
Q9NZL4,HPBP1_HUMAN
Q9NZL6,RGL1_HUMAN
Q9NZM1,MYOF_HUMAN
Q9NZM3,ITSN2_HUMAN
Q9NZM4,BICRA_HUMAN
Q9NZM5,NOP53_HUMAN
Q9NZN1,IRPL1_HUMAN
Q9NZN5,ARHGC_HUMAN
Q9NZN8,CNOT2_HUMAN
Q9NZN9,AIPL1_HUMAN
Q9NZQ0,DJC27_HUMAN
Q9NZQ3,SPN90_HUMAN
Q9NZQ8,TRPM5_HUMAN
Q9NZQ9,TMOD4_HUMAN
Q9NZR1,TMOD2_HUMAN
Q9NZR4,VSX1_HUMAN
Q9NZS2,KLRF1_HUMAN
Q9NZT2,OGFR_HUMAN
Q9NZU0,FLRT3_HUMAN
Q9NZU5,LMCD1_HUMAN
Q9NZU7,CABP1_HUMAN
Q9NZV8,KCND2_HUMAN
Q9NZW4,DSPP_HUMAN
Q9NZZ3,CHMP5_HUMAN
Q9P013,CWC15_HUMAN
Q9P015,RM15_HUMAN
Q9P016,THYN1_HUMAN
Q9P021,CRIPT_HUMAN
Q9P031,TAP26_HUMAN
Q9P0G3,KLK14_HUMAN
Q9P0J6,RM36_HUMAN
Q9P0J7,KCMF1_HUMAN
Q9P0K1,ADA22_HUMAN
Q9P0K7,RAI14_HUMAN
Q9P0K8,FOXJ2_HUMAN
Q9P0L0,VAPA_HUMAN
Q9P0L1,ZKSC7_HUMAN
Q9P0L2,MARK1_HUMAN
Q9P0L9,PK2L1_HUMAN
Q9P0M2,AKA7G_HUMAN
Q9P0M4,IL17C_HUMAN
Q9P0M6,H2AW_HUMAN
Q9P0M9,RM27_HUMAN
Q9P0N8,MARH2_HUMAN
Q9P0P8,MRES1_HUMAN
Q9P0T4,ZN581_HUMAN
Q9P0T7,TMEM9_HUMAN
Q9P0U3,SENP1_HUMAN
Q9P0U4,CXXC1_HUMAN
Q9P0V3,SH3B4_HUMAN
Q9P0V8,SLAF8_HUMAN
Q9P0V9,SEP10_HUMAN
Q9P0W2,HM20B_HUMAN
Q9P0W8,SPAT7_HUMAN
Q9P0X4,CAC1I_HUMAN
Q9P104,DOK5_HUMAN
Q9P107,GMIP_HUMAN
Q9P126,CLC1B_HUMAN
Q9P1A6,DLGP2_HUMAN
Q9P1Q0,VPS54_HUMAN
Q9P1T7,MDFIC_HUMAN
Q9P1V8,SAM15_HUMAN
Q9P1W3,CSC1_HUMAN
Q9P1Y5,CAMP3_HUMAN
Q9P1Y6,PHRF1_HUMAN
Q9P1Z0,ZBTB4_HUMAN
Q9P1Z2,CACO1_HUMAN
Q9P1Z3,HCN3_HUMAN
Q9P202,WHRN_HUMAN
Q9P203,BTBD7_HUMAN
Q9P206,K1522_HUMAN
Q9P209,CEP72_HUMAN
Q9P212,PLCE1_HUMAN
Q9P215,POGK_HUMAN
Q9P217,ZSWM5_HUMAN
Q9P218,COKA1_HUMAN
Q9P219,DAPLE_HUMAN
Q9P225,DYH2_HUMAN
Q9P227,RHG23_HUMAN
Q9P241,AT10D_HUMAN
Q9P242,NYAP2_HUMAN
Q9P243,ZFAT_HUMAN
Q9P244,LRFN1_HUMAN
Q9P246,STIM2_HUMAN
Q9P258,RCC2_HUMAN
Q9P260,RELCH_HUMAN
Q9P265,DIP2B_HUMAN
Q9P266,JCAD_HUMAN
Q9P267,MBD5_HUMAN
Q9P270,SLAI2_HUMAN
Q9P272,TRM9B_HUMAN
Q9P273,TEN3_HUMAN
Q9P275,UBP36_HUMAN
Q9P278,FNIP2_HUMAN
Q9P281,BAHC1_HUMAN
Q9P283,SEM5B_HUMAN
Q9P286,PAK5_HUMAN
Q9P287,BCCIP_HUMAN
Q9P289,STK26_HUMAN
Q9P291,ARMX1_HUMAN
Q9P299,COPZ2_HUMAN
Q9P2A4,ABI3_HUMAN
Q9P2B4,CT2NL_HUMAN
Q9P2B7,CFA97_HUMAN
Q9P2D0,IBTK_HUMAN
Q9P2D1,CHD7_HUMAN
Q9P2D3,HTR5B_HUMAN
Q9P2D6,F135A_HUMAN
Q9P2D8,UNC79_HUMAN
Q9P2E2,KIF17_HUMAN
Q9P2E3,ZNFX1_HUMAN
Q9P2E5,CHPF2_HUMAN
Q9P2E7,PCD10_HUMAN
Q9P2E8,MARH4_HUMAN
Q9P2E9,RRBP1_HUMAN
Q9P2F5,STOX2_HUMAN
Q9P2F6,RHG20_HUMAN
Q9P2F8,SI1L2_HUMAN
Q9P2F9,ZN319_HUMAN
Q9P2G1,AKIB1_HUMAN
Q9P2G3,KLH14_HUMAN
Q9P2G4,MAP10_HUMAN
Q9P2G9,KLHL8_HUMAN
Q9P2H5,UBP35_HUMAN
Q9P2I0,CPSF2_HUMAN
Q9P2J2,TUTLA_HUMAN
Q9P2J5,SYLC_HUMAN
Q9P2J8,ZN624_HUMAN
Q9P2K1,C2D2A_HUMAN
Q9P2K2,TXD16_HUMAN
Q9P2K3,RCOR3_HUMAN
Q9P2K8,E2AK4_HUMAN
Q9P2K9,DISP3_HUMAN
Q9P2M4,TBC14_HUMAN
Q9P2N2,RHG28_HUMAN
Q9P2N4,ATS9_HUMAN
Q9P2N6,KANL3_HUMAN
Q9P2N7,KLH13_HUMAN
Q9P2P1,NYNRI_HUMAN
Q9P2P5,HECW2_HUMAN
Q9P2P6,STAR9_HUMAN
Q9P2Q2,FRM4A_HUMAN
Q9P2R6,RERE_HUMAN
Q9P2R7,SUCB1_HUMAN
Q9P2S2,NRX2A_HUMAN
Q9P2S6,ANKY1_HUMAN
Q9P2T0,THEG_HUMAN
Q9P2U7,VGLU1_HUMAN
Q9P2U8,VGLU2_HUMAN
Q9P2V4,LRIT1_HUMAN
Q9P2W6,CK021_HUMAN
Q9P2W7,B3GA1_HUMAN
Q9P2W9,STX18_HUMAN
Q9P2X3,IMPCT_HUMAN
Q9P2Y4,ZN219_HUMAN
Q9P2Y5,UVRAG_HUMAN
Q9P2Z0,THA10_HUMAN
Q9UBB5,MBD2_HUMAN
Q9UBB6,NCDN_HUMAN
Q9UBB9,TFP11_HUMAN
Q9UBC0,HNF6_HUMAN
Q9UBC2,EP15R_HUMAN
Q9UBC3,DNM3B_HUMAN
Q9UBC9,SPRR3_HUMAN
Q9UBD0,HSFX1_HUMAN
Q9UBD5,ORC3_HUMAN
Q9UBD6,RHCG_HUMAN
Q9UBE8,NLK_HUMAN
Q9UBF1,MAGC2_HUMAN
Q9UBF8,PI4KB_HUMAN
Q9UBG3,CRNN_HUMAN
Q9UBG7,RBPJL_HUMAN
Q9UBH6,XPR1_HUMAN
Q9UBI4,STML1_HUMAN
Q9UBI9,HDC_HUMAN
Q9UBJ2,ABCD2_HUMAN
Q9UBK2,PRGC1_HUMAN
Q9UBK5,HCST_HUMAN
Q9UBL0,ARP21_HUMAN
Q9UBL3,ASH2L_HUMAN
Q9UBL9,P2RX2_HUMAN
Q9UBM4,OPT_HUMAN
Q9UBM7,DHCR7_HUMAN
Q9UBM8,MGT4C_HUMAN
Q9UBN1,CCG4_HUMAN
Q9UBN4,TRPC4_HUMAN
Q9UBN7,HDAC6_HUMAN
Q9UBP0,SPAST_HUMAN
Q9UBP4,DKK3_HUMAN
Q9UBP5,HEY2_HUMAN
Q9UBP8,KAAG1_HUMAN
Q9UBP9,GULP1_HUMAN
Q9UBQ6,EXTL2_HUMAN
Q9UBR4,LHX3_HUMAN
Q9UBS0,KS6B2_HUMAN
Q9UBS3,DNJB9_HUMAN
Q9UBS5,GABR1_HUMAN
Q9UBS8,RNF14_HUMAN
Q9UBS9,SUCO_HUMAN
Q9UBT2,SAE2_HUMAN
Q9UBT3,DKK4_HUMAN
Q9UBT6,POLK_HUMAN
Q9UBT7,CTNL1_HUMAN
Q9UBU2,DKK2_HUMAN
Q9UBU3,GHRL_HUMAN
Q9UBU6,FA8A1_HUMAN
Q9UBU7,DBF4A_HUMAN
Q9UBU8,MO4L1_HUMAN
Q9UBU9,NXF1_HUMAN
Q9UBV2,SE1L1_HUMAN
Q9UBV7,B4GT7_HUMAN
Q9UBV8,PEF1_HUMAN
Q9UBW5,BIN2_HUMAN
Q9UBW7,ZMYM2_HUMAN
Q9UBW8,CSN7A_HUMAN
Q9UBX0,HESX1_HUMAN
Q9UBX2,DUX4_HUMAN
Q9UBX7,KLK11_HUMAN
Q9UBY0,SL9A2_HUMAN
Q9UBY5,LPAR3_HUMAN
Q9UBZ4,APEX2_HUMAN
Q9UBZ9,REV1_HUMAN
Q9UC06,ZNF70_HUMAN
Q9UC07,ZNF69_HUMAN
Q9UD57,NKX12_HUMAN
Q9UD71,PPR1B_HUMAN
Q9UDT6,CLIP2_HUMAN
Q9UDV6,ZN212_HUMAN
Q9UDV7,ZN282_HUMAN
Q9UDY2,ZO2_HUMAN
Q9UDY4,DNJB4_HUMAN
Q9UDY8,MALT1_HUMAN
Q9UEE5,ST17A_HUMAN
Q9UEE9,CFDP1_HUMAN
Q9UEG4,ZN629_HUMAN
Q9UER7,DAXX_HUMAN
Q9UET6,TRM7_HUMAN
Q9UEW3,MARCO_HUMAN
Q9UEW8,STK39_HUMAN
Q9UEY8,ADDG_HUMAN
Q9UF02,CCG5_HUMAN
Q9UF12,HYPDH_HUMAN
Q9UF47,DNJ5B_HUMAN
Q9UF56,FXL17_HUMAN
Q9UFB7,ZBT47_HUMAN
Q9UFC0,LRWD1_HUMAN
Q9UFD9,RIM3A_HUMAN
Q9UFE4,CCD39_HUMAN
Q9UFN0,NPS3A_HUMAN
Q9UFP1,GAK1A_HUMAN
Q9UG56,PISD_HUMAN
Q9UG63,ABCF2_HUMAN
Q9UGH3,S23A2_HUMAN
Q9UGI0,ZRAN1_HUMAN
Q9UGI6,KCNN3_HUMAN
Q9UGI9,AAKG3_HUMAN
Q9UGJ0,AAKG2_HUMAN
Q9UGJ1,GCP4_HUMAN
Q9UGK3,STAP2_HUMAN
Q9UGL1,KDM5B_HUMAN
Q9UGL9,CRCT1_HUMAN
Q9UGM1,ACHA9_HUMAN
Q9UGM5,FETUB_HUMAN
Q9UGN4,CLM8_HUMAN
Q9UGN5,PARP2_HUMAN
Q9UGP4,LIMD1_HUMAN
Q9UGP5,DPOLL_HUMAN
Q9UGP8,SEC63_HUMAN
Q9UGQ3,GTR6_HUMAN
Q9UGR2,Z3H7B_HUMAN
Q9UGU0,TCF20_HUMAN
Q9UGU5,HMGX4_HUMAN
Q9UGV2,NDRG3_HUMAN
Q9UGY1,NOL12_HUMAN
Q9UH03,SEPT3_HUMAN
Q9UH36,SRR1L_HUMAN
Q9UH62,ARMX3_HUMAN
Q9UH65,SWP70_HUMAN
Q9UH73,COE1_HUMAN
Q9UH90,FBX40_HUMAN
Q9UH92,MLX_HUMAN
Q9UH99,SUN2_HUMAN
Q9UHA3,RLP24_HUMAN
Q9UHB6,LIMA1_HUMAN
Q9UHB7,AFF4_HUMAN
Q9UHB9,SRP68_HUMAN
Q9UHC1,MLH3_HUMAN
Q9UHC3,ASIC3_HUMAN
Q9UHC6,CNTP2_HUMAN
Q9UHC7,MKRN1_HUMAN
Q9UHD1,CHRD1_HUMAN
Q9UHD8,SEPT9_HUMAN
Q9UHD9,UBQL2_HUMAN
Q9UHF4,I20RA_HUMAN
Q9UHF5,IL17B_HUMAN
Q9UHF7,TRPS1_HUMAN
Q9UHG0,DCDC2_HUMAN
Q9UHG2,PCSK1_HUMAN
Q9UHH9,IP6K2_HUMAN
Q9UHI5,LAT2_HUMAN
Q9UHI6,DDX20_HUMAN
Q9UHI8,ATS1_HUMAN
Q9UHJ3,SMBT1_HUMAN
Q9UHK0,NUFP1_HUMAN
Q9UHL0,DDX25_HUMAN
Q9UHL9,GT2D1_HUMAN
Q9UHM6,OPN4_HUMAN
Q9UHN1,DPOG2_HUMAN
Q9UHN6,CEIP2_HUMAN
Q9UHP3,UBP25_HUMAN
Q9UHP7,CLC2D_HUMAN
Q9UHP9,SMPX_HUMAN
Q9UHQ1,NARF_HUMAN
Q9UHQ7,TCAL9_HUMAN
Q9UHQ9,NB5R1_HUMAN
Q9UHR4,BI2L1_HUMAN
Q9UHR5,S30BP_HUMAN
Q9UHR6,ZNHI2_HUMAN
Q9UHV2,SRTD1_HUMAN
Q9UHV7,MED13_HUMAN
Q9UHW9,S12A6_HUMAN
Q9UHX1,PUF60_HUMAN
Q9UHY1,NRBP_HUMAN
Q9UHY8,FEZ2_HUMAN
Q9UI08,EVL_HUMAN
Q9UI10,EI2BD_HUMAN
Q9UI17,M2GD_HUMAN
Q9UI32,GLSL_HUMAN
Q9UI33,SCNBA_HUMAN
Q9UI36,DACH1_HUMAN
Q9UI38,TSP50_HUMAN
Q9UI46,DNAI1_HUMAN
Q9UI47,CTNA3_HUMAN
Q9UIB8,SLAF5_HUMAN
Q9UID3,VPS51_HUMAN
Q9UID6,ZN639_HUMAN
Q9UIF7,MUTYH_HUMAN
Q9UIF8,BAZ2B_HUMAN
Q9UIF9,BAZ2A_HUMAN
Q9UIG0,BAZ1B_HUMAN
Q9UIG4,PS1C2_HUMAN
Q9UIG8,SO3A1_HUMAN
Q9UIH9,KLF15_HUMAN
Q9UII2,ATIF1_HUMAN
Q9UII5,ZN107_HUMAN
Q9UIJ5,ZDHC2_HUMAN
Q9UIK4,DAPK2_HUMAN
Q9UIL4,KIF25_HUMAN
Q9UIL8,PHF11_HUMAN
Q9UIM3,FKBPL_HUMAN
Q9UIQ6,LCAP_HUMAN
Q9UIS9,MBD1_HUMAN
Q9UIU6,SIX4_HUMAN
Q9UIW0,VAX2_HUMAN
Q9UIW2,PLXA1_HUMAN
Q9UIX4,KCNG1_HUMAN
Q9UJ04,TSYL4_HUMAN
Q9UJ14,GGT7_HUMAN
Q9UJ37,SIA7B_HUMAN
Q9UJ41,RABX5_HUMAN
Q9UJ55,MAGL2_HUMAN
Q9UJ71,CLC4K_HUMAN
Q9UJ78,ZMYM5_HUMAN
Q9UJ90,KCNE5_HUMAN
Q9UJ96,KCNG2_HUMAN
Q9UJ98,STAG3_HUMAN
Q9UJ99,CAD22_HUMAN
Q9UJA2,CRLS1_HUMAN
Q9UJA3,MCM8_HUMAN
Q9UJA5,TRM6_HUMAN
Q9UJC3,HOOK1_HUMAN
Q9UJD0,RIMS3_HUMAN
Q9UJF2,NGAP_HUMAN
Q9UJG1,MSPD1_HUMAN
Q9UJJ7,RUSD1_HUMAN
Q9UJJ9,GNPTG_HUMAN
Q9UJK0,TSR3_HUMAN
Q9UJL9,ZF69B_HUMAN
Q9UJM3,ERRFI_HUMAN
Q9UJN7,ZN391_HUMAN
Q9UJQ4,SALL4_HUMAN
Q9UJT2,TSKS_HUMAN
Q9UJT9,FBXL7_HUMAN
Q9UJU2,LEF1_HUMAN
Q9UJU3,ZN112_HUMAN
Q9UJU5,FOXD3_HUMAN
Q9UJU6,DBNL_HUMAN
Q9UJV8,PURG_HUMAN
Q9UJV9,DDX41_HUMAN
Q9UJW3,DNM3L_HUMAN
Q9UJW9,SRTD3_HUMAN
Q9UJX2,CDC23_HUMAN
Q9UJX4,APC5_HUMAN
Q9UJX5,APC4_HUMAN
Q9UJY4,GGA2_HUMAN
Q9UJY5,GGA1_HUMAN
Q9UJZ1,STML2_HUMAN
Q9UK00,CC018_HUMAN
Q9UK05,GDF2_HUMAN
Q9UK10,ZN225_HUMAN
Q9UK13,ZN221_HUMAN
Q9UK17,KCND3_HUMAN
Q9UK22,FBX2_HUMAN
Q9UK28,TM59L_HUMAN
Q9UK32,KS6A6_HUMAN
Q9UK39,NOCT_HUMAN
Q9UK55,ZPI_HUMAN
Q9UK58,CCNL1_HUMAN
Q9UK59,DBR1_HUMAN
Q9UK61,TASOR_HUMAN
Q9UK76,JUPI1_HUMAN
Q9UK80,UBP21_HUMAN
Q9UK85,DKKL1_HUMAN
Q9UK97,FBX9_HUMAN
Q9UK99,FBX3_HUMAN
Q9UKA4,AKA11_HUMAN
Q9UKA8,RCAN3_HUMAN
Q9UKA9,PTBP2_HUMAN
Q9UKB1,FBW1B_HUMAN
Q9UKB3,DJC12_HUMAN
Q9UKB5,AJAP1_HUMAN
Q9UKD1,GMEB2_HUMAN
Q9UKE5,TNIK_HUMAN
Q9UKF2,ADA30_HUMAN
Q9UKF5,ADA29_HUMAN
Q9UKF7,PITC1_HUMAN
Q9UKG1,DP13A_HUMAN
Q9UKG4,S13A4_HUMAN
Q9UKI2,BORG2_HUMAN
Q9UKI8,TLK1_HUMAN
Q9UKI9,PO2F3_HUMAN
Q9UKJ1,PILRA_HUMAN
Q9UKJ3,GPTC8_HUMAN
Q9UKK3,PARP4_HUMAN
Q9UKL0,RCOR1_HUMAN
Q9UKL4,CXD2_HUMAN
Q9UKM7,MA1B1_HUMAN
Q9UKM9,RALY_HUMAN
Q9UKN5,PRDM4_HUMAN
Q9UKN7,MYO15_HUMAN
Q9UKN8,TF3C4_HUMAN
Q9UKP3,ITBP2_HUMAN
Q9UKP4,ATS7_HUMAN
Q9UKP5,ATS6_HUMAN
Q9UKP6,UR2R_HUMAN
Q9UKQ2,ADA28_HUMAN
Q9UKR3,KLK13_HUMAN
Q9UKS6,PACN3_HUMAN
Q9UKS7,IKZF2_HUMAN
Q9UKT4,FBX5_HUMAN
Q9UKT7,FBXL3_HUMAN
Q9UKT9,IKZF3_HUMAN
Q9UKU9,ANGL2_HUMAN
Q9UKV0,HDAC9_HUMAN
Q9UKV3,ACINU_HUMAN
Q9UKV5,AMFR_HUMAN
Q9UKW6,ELF5_HUMAN
Q9UKX7,NUP50_HUMAN
Q9UKY0,PRND_HUMAN
Q9UKY1,ZHX1_HUMAN
Q9UKY4,POMT2_HUMAN
Q9UKY7,CDV3_HUMAN
Q9UKZ1,CNO11_HUMAN
Q9UKZ4,TEN1_HUMAN
Q9UL03,INT6_HUMAN
Q9UL12,SARDH_HUMAN
Q9UL15,BAG5_HUMAN
Q9UL16,CFA45_HUMAN
Q9UL17,TBX21_HUMAN
Q9UL25,RAB21_HUMAN
Q9UL36,ZN236_HUMAN
Q9UL40,ZN346_HUMAN
Q9UL41,PNMA3_HUMAN
Q9UL45,BL1S6_HUMAN
Q9UL46,PSME2_HUMAN
Q9UL49,TCFL5_HUMAN
Q9UL51,HCN2_HUMAN
Q9UL54,TAOK2_HUMAN
Q9UL58,ZN215_HUMAN
Q9UL59,ZN214_HUMAN
Q9UL62,TRPC5_HUMAN
Q9UL68,MYT1L_HUMAN
Q9ULB1,NRX1A_HUMAN
Q9ULB4,CADH9_HUMAN
Q9ULB5,CADH7_HUMAN
Q9ULC0,MUCEN_HUMAN
Q9ULC3,RAB23_HUMAN
Q9ULC8,ZDHC8_HUMAN
Q9ULD0,OGDHL_HUMAN
Q9ULD2,MTUS1_HUMAN
Q9ULD4,BRPF3_HUMAN
Q9ULD5,ZN777_HUMAN
Q9ULD6,INTU_HUMAN
Q9ULD8,KCNH3_HUMAN
Q9ULD9,ZN608_HUMAN
Q9ULE3,DEN2A_HUMAN
Q9ULE4,F184B_HUMAN
Q9ULE6,PALD_HUMAN
Q9ULF5,S39AA_HUMAN
Q9ULG1,INO80_HUMAN
Q9ULG3,K1257_HUMAN
Q9ULG6,CCPG1_HUMAN
Q9ULH0,KDIS_HUMAN
Q9ULH1,ASAP1_HUMAN
Q9ULH4,LRFN2_HUMAN
Q9ULI2,RIMKB_HUMAN
Q9ULI3,HEG1_HUMAN
Q9ULI4,KI26A_HUMAN
Q9ULJ1,ODF2L_HUMAN
Q9ULJ3,ZBT21_HUMAN
Q9ULJ6,ZMIZ1_HUMAN
Q9ULJ7,ANR50_HUMAN
Q9ULJ8,NEB1_HUMAN
Q9ULK0,GRID1_HUMAN
Q9ULK4,MED23_HUMAN
Q9ULK5,VANG2_HUMAN
Q9ULK6,RN150_HUMAN
Q9ULL0,K1210_HUMAN
Q9ULL1,PKHG1_HUMAN
Q9ULL4,PLXB3_HUMAN
Q9ULL5,PRR12_HUMAN
Q9ULL8,SHRM4_HUMAN
Q9ULM0,PKHH1_HUMAN
Q9ULM3,YETS2_HUMAN
Q9ULN7,PNM8B_HUMAN
Q9ULP0,NDRG4_HUMAN
Q9ULQ0,STRP2_HUMAN
Q9ULQ1,TPC1_HUMAN
Q9ULR0,ISY1_HUMAN
Q9ULR3,PPM1H_HUMAN
Q9ULR5,PAI2B_HUMAN
Q9ULS5,TMCC3_HUMAN
Q9ULS6,KCNS2_HUMAN
Q9ULT6,ZNRF3_HUMAN
Q9ULU4,PKCB1_HUMAN
Q9ULU8,CAPS1_HUMAN
Q9ULV0,MYO5B_HUMAN
Q9ULV1,FZD4_HUMAN
Q9ULV3,CIZ1_HUMAN
Q9ULV4,COR1C_HUMAN
Q9ULV5,HSF4_HUMAN
Q9ULV8,CBLC_HUMAN
Q9ULW0,TPX2_HUMAN
Q9ULW2,FZD10_HUMAN
Q9ULW3,ABT1_HUMAN
Q9ULW5,RAB26_HUMAN
Q9ULW6,NP1L2_HUMAN
Q9ULX3,NOB1_HUMAN
Q9ULX5,RN112_HUMAN
Q9ULX6,AKP8L_HUMAN
Q9ULY5,CLC4E_HUMAN
Q9ULZ1,APEL_HUMAN
Q9ULZ9,MMP17_HUMAN
Q9UM11,FZR1_HUMAN
Q9UM22,EPDR1_HUMAN
Q9UM44,HHLA2_HUMAN
Q9UM47,NOTC3_HUMAN
Q9UM63,PLAL1_HUMAN
Q9UM73,ALK_HUMAN
Q9UM82,SPAT2_HUMAN
Q9UMD9,COHA1_HUMAN
Q9UMN6,KMT2B_HUMAN
Q9UMQ3,BARX2_HUMAN
Q9UMQ6,CAN11_HUMAN
Q9UMR2,DD19B_HUMAN
Q9UMR3,TBX20_HUMAN
Q9UMR5,PPT2_HUMAN
Q9UMR7,CLC4A_HUMAN
Q9UMS0,NFU1_HUMAN
Q9UMS5,PHTF1_HUMAN
Q9UMS6,SYNP2_HUMAN
Q9UMW8,UBP18_HUMAN
Q9UMX0,UBQL1_HUMAN
Q9UMX5,NENF_HUMAN
Q9UMX9,S45A2_HUMAN
Q9UMY1,NOL7_HUMAN
Q9UMZ2,SYNRG_HUMAN
Q9UN30,SCML1_HUMAN
Q9UN36,NDRG2_HUMAN
Q9UN42,AT1B4_HUMAN
Q9UN71,PCDGG_HUMAN
Q9UN72,PCDA7_HUMAN
Q9UN76,S6A14_HUMAN
Q9UN79,SOX13_HUMAN
Q9UN86,G3BP2_HUMAN
Q9UNA0,ATS5_HUMAN
Q9UNA1,RHG26_HUMAN
Q9UNA4,POLI_HUMAN
Q9UNE0,EDAR_HUMAN
Q9UNE2,RPH3L_HUMAN
Q9UNF0,PACN2_HUMAN
Q9UNF1,MAGD2_HUMAN
Q9UNH5,CC14A_HUMAN
Q9UNK0,STX8_HUMAN
Q9UNK9,ANGE1_HUMAN
Q9UNL4,ING4_HUMAN
Q9UNN4,TF2AY_HUMAN
Q9UNN5,FAF1_HUMAN
Q9UNP4,SIAT9_HUMAN
Q9UNS1,TIM_HUMAN
Q9UNW8,GP132_HUMAN
Q9UNW9,NOVA2_HUMAN
Q9UNX9,KCJ14_HUMAN
Q9UNY4,TTF2_HUMAN
Q9UNZ2,NSF1C_HUMAN
Q9UNZ5,L10K_HUMAN
Q9UP38,FZD1_HUMAN
Q9UP52,TFR2_HUMAN
Q9UP79,ATS8_HUMAN
Q9UP95,S12A4_HUMAN
Q9UPA5,BSN_HUMAN
Q9UPC5,GPR34_HUMAN
Q9UPE1,SRPK3_HUMAN
Q9UPG8,PLAL2_HUMAN
Q9UPI3,FLVC2_HUMAN
Q9UPM6,LHX6_HUMAN
Q9UPM8,AP4E1_HUMAN
Q9UPN4,CP131_HUMAN
Q9UPN6,SCAF8_HUMAN
Q9UPN7,PP6R1_HUMAN
Q9UPN9,TRI33_HUMAN
Q9UPP1,PHF8_HUMAN
Q9UPP2,IQEC3_HUMAN
Q9UPQ0,LIMC1_HUMAN
Q9UPQ3,AGAP1_HUMAN
Q9UPQ7,PZRN3_HUMAN
Q9UPQ9,TNR6B_HUMAN
Q9UPR0,PLCL2_HUMAN
Q9UPR3,SMG5_HUMAN
Q9UPR5,NAC2_HUMAN
Q9UPR6,ZFR2_HUMAN
Q9UPS6,SET1B_HUMAN
Q9UPS8,ANR26_HUMAN
Q9UPT5,EXOC7_HUMAN
Q9UPT6,JIP3_HUMAN
Q9UPT8,ZC3H4_HUMAN
Q9UPU3,SORC3_HUMAN
Q9UPU5,UBP24_HUMAN
Q9UPU7,TBD2B_HUMAN
Q9UPU9,SMAG1_HUMAN
Q9UPV0,CE164_HUMAN
Q9UPV7,PHF24_HUMAN
Q9UPV9,TRAK1_HUMAN
Q9UPW0,FOXJ3_HUMAN
Q9UPW5,CBPC1_HUMAN
Q9UPW6,SATB2_HUMAN
Q9UPW8,UN13A_HUMAN
Q9UPX0,TUTLB_HUMAN
Q9UPX6,MNAR1_HUMAN
Q9UPX8,SHAN2_HUMAN
Q9UPY3,DICER_HUMAN
Q9UPY5,XCT_HUMAN
Q9UPY6,WASF3_HUMAN
Q9UPY8,MARE3_HUMAN
Q9UPZ3,HPS5_HUMAN
Q9UPZ6,THS7A_HUMAN
Q9UPZ9,ICK_HUMAN
Q9UQ03,COR2B_HUMAN
Q9UQ05,KCNH4_HUMAN
Q9UQ07,MOK_HUMAN
Q9UQ13,SHOC2_HUMAN
Q9UQ16,DYN3_HUMAN
Q9UQ35,SRRM2_HUMAN
Q9UQ53,MGT4B_HUMAN
Q9UQ80,PA2G4_HUMAN
Q9UQ84,EXO1_HUMAN
Q9UQ88,CD11A_HUMAN
Q9UQ90,SPG7_HUMAN
Q9UQB3,CTND2_HUMAN
Q9UQB8,BAIP2_HUMAN
Q9UQB9,AURKC_HUMAN
Q9UQC2,GAB2_HUMAN
Q9UQD0,SCN8A_HUMAN
Q9UQF0,SYCY1_HUMAN
Q9UQF2,JIP1_HUMAN
Q9UQK1,PPR3C_HUMAN
Q9UQL6,HDAC5_HUMAN
Q9UQM7,KCC2A_HUMAN
Q9UQQ1,NALDL_HUMAN
Q9UQQ2,SH2B3_HUMAN
Q9UQR0,SCML2_HUMAN
Q9UQR1,ZN148_HUMAN
Q9UQV4,LAMP3_HUMAN
Q9Y210,TRPC6_HUMAN
Q9Y215,COLQ_HUMAN
Q9Y216,MTMR7_HUMAN
Q9Y217,MTMR6_HUMAN
Q9Y219,JAG2_HUMAN
Q9Y222,DMTF1_HUMAN
Q9Y226,S22AD_HUMAN
Q9Y228,T3JAM_HUMAN
Q9Y231,FUT9_HUMAN
Q9Y232,CDYL_HUMAN
Q9Y237,PIN4_HUMAN
Q9Y238,DLEC1_HUMAN
Q9Y240,CLC11_HUMAN
Q9Y242,TCF19_HUMAN
Q9Y243,AKT3_HUMAN
Q9Y247,FA50B_HUMAN
Q9Y250,LZTS1_HUMAN
Q9Y251,HPSE_HUMAN
Q9Y252,RNF6_HUMAN
Q9Y253,POLH_HUMAN
Q9Y257,KCNK6_HUMAN
Q9Y259,CHKB_HUMAN
Q9Y261,FOXA2_HUMAN
Q9Y264,ANGP4_HUMAN
Q9Y266,NUDC_HUMAN
Q9Y272,RASD1_HUMAN
Q9Y275,TN13B_HUMAN
Q9Y278,HS3S2_HUMAN
Q9Y283,INVS_HUMAN
Q9Y286,SIGL7_HUMAN
Q9Y287,ITM2B_HUMAN
Q9Y289,SC5A6_HUMAN
Q9Y294,ASF1A_HUMAN
Q9Y297,FBW1A_HUMAN
Q9Y2A4,ZN443_HUMAN
Q9Y2A9,B3GN3_HUMAN
Q9Y2B1,RXLT1_HUMAN
Q9Y2B2,PIGL_HUMAN
Q9Y2B4,T53G5_HUMAN
Q9Y2B5,VP9D1_HUMAN
Q9Y2B9,IPKG_HUMAN
Q9Y2C2,UST_HUMAN
Q9Y2C4,EXOG_HUMAN
Q9Y2D1,ATF5_HUMAN
Q9Y2D4,EXC6B_HUMAN
Q9Y2D8,ADIP_HUMAN
Q9Y2D9,ZN652_HUMAN
Q9Y2E4,DIP2C_HUMAN
Q9Y2E6,DTX4_HUMAN
Q9Y2E8,SL9A8_HUMAN
Q9Y2F5,ICE1_HUMAN
Q9Y2F9,BTBD3_HUMAN
Q9Y2G0,EFR3B_HUMAN
Q9Y2G1,MYRF_HUMAN
Q9Y2G3,AT11B_HUMAN
Q9Y2G4,ANKR6_HUMAN
Q9Y2G7,ZFP30_HUMAN
Q9Y2G8,DJC16_HUMAN
Q9Y2G9,SBNO2_HUMAN
Q9Y2H0,DLGP4_HUMAN
Q9Y2H2,SAC2_HUMAN
Q9Y2H5,PKHA6_HUMAN
Q9Y2H6,FND3A_HUMAN
Q9Y2H8,ZN510_HUMAN
Q9Y2H9,MAST1_HUMAN
Q9Y2I1,NISCH_HUMAN
Q9Y2I6,NINL_HUMAN
Q9Y2I7,FYV1_HUMAN
Q9Y2I8,WDR37_HUMAN
Q9Y2I9,TBC30_HUMAN
Q9Y2J0,RP3A_HUMAN
Q9Y2J2,E41L3_HUMAN
Q9Y2J4,AMOL2_HUMAN
Q9Y2K1,ZBTB1_HUMAN
Q9Y2K2,SIK3_HUMAN
Q9Y2K5,R3HD2_HUMAN
Q9Y2K6,UBP20_HUMAN
Q9Y2K7,KDM2A_HUMAN
Q9Y2K9,STB5L_HUMAN
Q9Y2L5,TPPC8_HUMAN
Q9Y2L6,FRM4B_HUMAN
Q9Y2L8,ZKSC5_HUMAN
Q9Y2L9,LRCH1_HUMAN
Q9Y2M0,FAN1_HUMAN
Q9Y2M2,SSUH2_HUMAN
Q9Y2M5,KLH20_HUMAN
Q9Y2N7,HIF3A_HUMAN
Q9Y2P0,ZN835_HUMAN
Q9Y2P7,ZN256_HUMAN
Q9Y2Q0,AT8A1_HUMAN
Q9Y2Q9,RT28_HUMAN
Q9Y2S6,TMA7_HUMAN
Q9Y2T4,2ABG_HUMAN
Q9Y2T5,GPR52_HUMAN
Q9Y2T7,YBOX2_HUMAN
Q9Y2U2,KCNK7_HUMAN
Q9Y2U8,MAN1_HUMAN
Q9Y2V2,CHSP1_HUMAN
Q9Y2V3,RX_HUMAN
Q9Y2V7,COG6_HUMAN
Q9Y2W1,TR150_HUMAN
Q9Y2W2,WBP11_HUMAN
Q9Y2W6,TDRKH_HUMAN
Q9Y2W7,CSEN_HUMAN
Q9Y2X3,NOP58_HUMAN
Q9Y2X7,GIT1_HUMAN
Q9Y2X9,ZN281_HUMAN
Q9Y2Y4,ZBT32_HUMAN
Q9Y2Y8,PRG3_HUMAN
Q9Y2Y9,KLF13_HUMAN
Q9Y2Z0,SGT1_HUMAN
Q9Y2Z2,MTO1_HUMAN
Q9Y305,ACOT9_HUMAN
Q9Y314,NOSIP_HUMAN
Q9Y324,FCF1_HUMAN
Q9Y330,ZBT12_HUMAN
Q9Y336,SIGL9_HUMAN
Q9Y337,KLK5_HUMAN
Q9Y345,SC6A5_HUMAN
Q9Y365,STA10_HUMAN
Q9Y371,SHLB1_HUMAN
Q9Y375,CIA30_HUMAN
Q9Y383,LC7L2_HUMAN
Q9Y385,UB2J1_HUMAN
Q9Y388,RBMX2_HUMAN
Q9Y397,ZDHC9_HUMAN
Q9Y399,RT02_HUMAN
Q9Y3A0,COQ4_HUMAN
Q9Y3A2,UTP11_HUMAN
Q9Y3B8,ORN_HUMAN
Q9Y3B9,RRP15_HUMAN
Q9Y3C0,WASC3_HUMAN
Q9Y3C1,NOP16_HUMAN
Q9Y3C5,RNF11_HUMAN
Q9Y3D2,MSRB2_HUMAN
Q9Y3D3,RT16_HUMAN
Q9Y3D5,RT18C_HUMAN
Q9Y3D9,RT23_HUMAN
Q9Y3E1,HDGR3_HUMAN
Q9Y3E7,CHMP3_HUMAN
Q9Y3I1,FBX7_HUMAN
Q9Y3L3,3BP1_HUMAN
Q9Y3M2,CBY1_HUMAN
Q9Y3M8,STA13_HUMAN
Q9Y3M9,ZN337_HUMAN
Q9Y3P4,RHBD3_HUMAN
Q9Y3P8,SIT1_HUMAN
Q9Y3P9,RBGP1_HUMAN
Q9Y3Q0,NALD2_HUMAN
Q9Y3Q4,HCN4_HUMAN
Q9Y3Q8,T22D4_HUMAN
Q9Y3R0,GRIP1_HUMAN
Q9Y3R5,DOP2_HUMAN
Q9Y3S1,WNK2_HUMAN
Q9Y3S2,ZN330_HUMAN
Q9Y3T6,R3HC1_HUMAN
Q9Y3T9,NOC2L_HUMAN
Q9Y3U8,RL36_HUMAN
Q9Y3X0,CCDC9_HUMAN
Q9Y3Y2,CHTOP_HUMAN
Q9Y3Y4,PYGO1_HUMAN
Q9Y3Z3,SAMH1_HUMAN
Q9Y421,FA32A_HUMAN
Q9Y426,C2CD2_HUMAN
Q9Y446,PKP3_HUMAN
Q9Y448,SKAP_HUMAN
Q9Y450,HBS1L_HUMAN
Q9Y458,TBX22_HUMAN
Q9Y462,ZN711_HUMAN
Q9Y463,DYR1B_HUMAN
Q9Y466,NR2E1_HUMAN
Q9Y468,LMBL1_HUMAN
Q9Y473,ZN175_HUMAN
Q9Y478,AAKB1_HUMAN
Q9Y483,MTF2_HUMAN
Q9Y485,DMXL1_HUMAN
Q9Y487,VPP2_HUMAN
Q9Y493,ZAN_HUMAN
Q9Y496,KIF3A_HUMAN
Q9Y4A5,TRRAP_HUMAN
Q9Y4A8,NF2L3_HUMAN
Q9Y4B4,ARIP4_HUMAN
Q9Y4B5,MTCL1_HUMAN
Q9Y4B6,DCAF1_HUMAN
Q9Y4C1,KDM3A_HUMAN
Q9Y4C5,CHST2_HUMAN
Q9Y4C8,RBM19_HUMAN
Q9Y4D1,DAAM1_HUMAN
Q9Y4D2,DGLA_HUMAN
Q9Y4D7,PLXD1_HUMAN
Q9Y4E1,WAC2C_HUMAN
Q9Y4E5,ZN451_HUMAN
Q9Y4E6,WDR7_HUMAN
Q9Y4E8,UBP15_HUMAN
Q9Y4F1,FARP1_HUMAN
Q9Y4F3,MARF1_HUMAN
Q9Y4F4,TGRM1_HUMAN
Q9Y4F9,RIPR2_HUMAN
Q9Y4G2,PKHM1_HUMAN
Q9Y4G6,TLN2_HUMAN
Q9Y4G8,RPGF2_HUMAN
Q9Y4H2,IRS2_HUMAN
Q9Y4H4,GPSM3_HUMAN
Q9Y4I1,MYO5A_HUMAN
Q9Y4I5,MTL5_HUMAN
Q9Y4J8,DTNA_HUMAN
Q9Y4K3,TRAF6_HUMAN
Q9Y4L1,HYOU1_HUMAN
Q9Y4L5,RN115_HUMAN
Q9Y4P3,TBL2_HUMAN
Q9Y4P8,WIPI2_HUMAN
Q9Y4P9,SPEF1_HUMAN
Q9Y4R7,TTLL3_HUMAN
Q9Y4R8,TELO2_HUMAN
Q9Y4U1,MMAC_HUMAN
Q9Y4W2,LAS1L_HUMAN
Q9Y4W6,AFG32_HUMAN
Q9Y4X0,AMMR1_HUMAN
Q9Y4X4,KLF12_HUMAN
Q9Y4X5,ARI1_HUMAN
Q9Y4Z0,LSM4_HUMAN
Q9Y4Z2,NGN3_HUMAN
Q9Y512,SAM50_HUMAN
Q9Y519,T184B_HUMAN
Q9Y534,CSDC2_HUMAN
Q9Y543,HES2_HUMAN
Q9Y546,LRC42_HUMAN
Q9Y548,YIPF1_HUMAN
Q9Y561,LRP12_HUMAN
Q9Y566,SHAN1_HUMAN
Q9Y570,PPME1_HUMAN
Q9Y572,RIPK3_HUMAN
Q9Y580,RBM7_HUMAN
Q9Y581,INSL6_HUMAN
Q9Y584,TIM22_HUMAN
Q9Y592,CEP83_HUMAN
Q9Y597,KCTD3_HUMAN
Q9Y5A6,ZSC21_HUMAN
Q9Y5A7,NUB1_HUMAN
Q9Y5A9,YTHD2_HUMAN
Q9Y5B0,CTDP1_HUMAN
Q9Y5B6,PAXB1_HUMAN
Q9Y5B9,SP16H_HUMAN
Q9Y5C1,ANGL3_HUMAN
Q9Y5F3,PCDB1_HUMAN
Q9Y5F6,PCDGM_HUMAN
Q9Y5G0,PCDGH_HUMAN
Q9Y5G3,PCDGD_HUMAN
Q9Y5G5,PCDG8_HUMAN
Q9Y5G8,PCDG5_HUMAN
Q9Y5G9,PCDG4_HUMAN
Q9Y5I4,PCDC2_HUMAN
Q9Y5J1,UTP18_HUMAN
Q9Y5J3,HEY1_HUMAN
Q9Y5J6,T10B_HUMAN
Q9Y5K3,PCY1B_HUMAN
Q9Y5K6,CD2AP_HUMAN
Q9Y5K8,VATD_HUMAN
Q9Y5L2,HLPDA_HUMAN
Q9Y5N1,HRH3_HUMAN
Q9Y5N6,ORC6_HUMAN
Q9Y5P3,RAI2_HUMAN
Q9Y5P4,CERT_HUMAN
Q9Y5P8,P2R3B_HUMAN
Q9Y5Q3,MAFB_HUMAN
Q9Y5Q5,CORIN_HUMAN
Q9Y5Q6,INSL5_HUMAN
Q9Y5Q8,TF3C5_HUMAN
Q9Y5Q9,TF3C3_HUMAN
Q9Y5R2,MMP24_HUMAN
Q9Y5R5,DMRT2_HUMAN
Q9Y5R6,DMRT1_HUMAN
Q9Y5S1,TRPV2_HUMAN
Q9Y5S2,MRCKB_HUMAN
Q9Y5S9,RBM8A_HUMAN
Q9Y5T4,DJC15_HUMAN
Q9Y5T5,UBP16_HUMAN
Q9Y5U2,TSSC4_HUMAN
Q9Y5U5,TNR18_HUMAN
Q9Y5V0,ZN706_HUMAN
Q9Y5V3,MAGD1_HUMAN
Q9Y5W3,KLF2_HUMAN
Q9Y5W5,WIF1_HUMAN
Q9Y5W7,SNX14_HUMAN
Q9Y5W9,SNX11_HUMAN
Q9Y5X0,SNX10_HUMAN
Q9Y5X1,SNX9_HUMAN
Q9Y5X2,SNX8_HUMAN
Q9Y5X4,NR2E3_HUMAN
Q9Y5Y0,FLVC1_HUMAN
Q9Y5Y3,GPR45_HUMAN
Q9Y5Y4,PD2R2_HUMAN
Q9Y5Y5,PEX16_HUMAN
Q9Y5Y7,LYVE1_HUMAN
Q9Y5Y9,SCNAA_HUMAN
Q9Y5Z6,B3GT1_HUMAN
Q9Y5Z7,HCFC2_HUMAN
Q9Y5Z9,UBIA1_HUMAN
Q9Y603,ETV7_HUMAN
Q9Y606,TRUA_HUMAN
Q9Y608,LRRF2_HUMAN
Q9Y613,FHOD1_HUMAN
Q9Y614,ACL7B_HUMAN
Q9Y615,ACL7A_HUMAN
Q9Y616,IRAK3_HUMAN
Q9Y618,NCOR2_HUMAN
Q9Y620,RA54B_HUMAN
Q9Y624,JAM1_HUMAN
Q9Y625,GPC6_HUMAN
Q9Y639,NPTN_HUMAN
Q9Y644,RFNG_HUMAN
Q9Y651,SOX21_HUMAN
Q9Y657,SPIN1_HUMAN
Q9Y661,HS3S4_HUMAN
Q9Y662,HS3SB_HUMAN
Q9Y663,HS3SA_HUMAN
Q9Y666,S12A7_HUMAN
Q9Y673,ALG5_HUMAN
Q9Y675,SNURF_HUMAN
Q9Y676,RT18B_HUMAN
Q9Y679,AUP1_HUMAN
Q9Y691,KCMB2_HUMAN
Q9Y692,GMEB1_HUMAN
Q9Y697,NFS1_HUMAN
Q9Y698,CCG2_HUMAN
Q9Y6A5,TACC3_HUMAN
Q9Y6B2,EID1_HUMAN
Q9Y6B7,AP4B1_HUMAN
Q9Y6C2,EMIL1_HUMAN
Q9Y6C5,PTC2_HUMAN
Q9Y6D5,BIG2_HUMAN
Q9Y6D6,BIG1_HUMAN
Q9Y6D9,MD1L1_HUMAN
Q9Y6E0,STK24_HUMAN
Q9Y6F1,PARP3_HUMAN
Q9Y6F7,CDY2_HUMAN
Q9Y6F8,CDY1_HUMAN
Q9Y6G9,DC1L1_HUMAN
Q9Y6H1,CHCH2_HUMAN
Q9Y6H3,ATP23_HUMAN
Q9Y6H5,SNCAP_HUMAN
Q9Y6H6,KCNE3_HUMAN
Q9Y6H8,CXA3_HUMAN
Q9Y6I3,EPN1_HUMAN
Q9Y6I4,UBP3_HUMAN
Q9Y6I9,TX264_HUMAN
Q9Y6J0,CABIN_HUMAN
Q9Y6J9,TAF6L_HUMAN
Q9Y6K1,DNM3A_HUMAN
Q9Y6K5,OAS3_HUMAN
Q9Y6K8,KAD5_HUMAN
Q9Y6K9,NEMO_HUMAN
Q9Y6L6,SO1B1_HUMAN
Q9Y6L7,TLL2_HUMAN
Q9Y6M0,TEST_HUMAN
Q9Y6M1,IF2B2_HUMAN
Q9Y6M4,KC1G3_HUMAN
Q9Y6M5,ZNT1_HUMAN
Q9Y6M7,S4A7_HUMAN
Q9Y6N1,COX11_HUMAN
Q9Y6N5,SQOR_HUMAN
Q9Y6N7,ROBO1_HUMAN
Q9Y6N8,CAD10_HUMAN
Q9Y6N9,USH1C_HUMAN
Q9Y6P5,SESN1_HUMAN
Q9Y6Q2,STON1_HUMAN
Q9Y6Q3,ZFP37_HUMAN
Q9Y6Q6,TNR11_HUMAN
Q9Y6Q9,NCOA3_HUMAN
Q9Y6R0,NUMBL_HUMAN
Q9Y6R1,S4A4_HUMAN
Q9Y6R4,M3K4_HUMAN
Q9Y6R6,Z780B_HUMAN
Q9Y6R9,CCD61_HUMAN
Q9Y6S9,RPKL1_HUMAN
Q9Y6T7,DGKB_HUMAN
Q9Y6U7,RN215_HUMAN
Q9Y6V0,PCLO_HUMAN
Q9Y6V7,DDX49_HUMAN
Q9Y6W3,CAN7_HUMAN
Q9Y6W5,WASF2_HUMAN
Q9Y6W6,DUS10_HUMAN
Q9Y6W8,ICOS_HUMAN
Q9Y6X0,SETBP_HUMAN
Q9Y6X1,SERP1_HUMAN
Q9Y6X2,PIAS3_HUMAN
Q9Y6X4,F169A_HUMAN
Q9Y6X6,MYO16_HUMAN
Q9Y6X8,ZHX2_HUMAN
Q9Y6X9,MORC2_HUMAN
Q9Y6Y1,CMTA1_HUMAN
Q9Y6Y8,S23IP_HUMAN
Q9Y6Z7,COL10_HUMAN
U3KPV4,A3LT2_HUMAN
